单词,总次数
to,2825
in,2801
of,2507
...,2199
the,2100
a,1910
on,1806
be,1708
up,1581
out,1331
for,1243
with,1101
take,1023
at,954
make,754
sth.,742
get,735
as,734
go,706
do,680
down,677
from,666
one's,660
sb.,645
off,618
have,614
look,559
by,558
away,544
come,492
all,490
about,477
put,462
into,442
time,440
turn,429
over,428
keep,411
and,407
back,376
play,330
set,313
give,309
way,308
run,293
good,290
not,278
break,278
after,277
hand,276
no,268
doing,263
long,261
fall,259
an,248
that,246
school,244
day,243
call,235
right,235
more,235
around,234
room,233
so,232
through,228
now,227
work,224
think,224
bring,222
like,222
one,220
is,219
far,217
well,216
cut,216
help,215
show,212
hold,208
than,207
end,205
place,201
how,201
lose,200
other,197
it,195
part,194
watch,191
see,190
or,190
I,190
pass,187
care,186
live,186
stand,185
some,185
you,184
let,183
short,183
but,183
great,183
once,181
under,181
face,181
pay,180
first,180
many,180
leave,179
high,177
close,177
along,175
try,173
catch,173
year,171
sure,171
upon,171
life,170
if,170
home,169
talk,169
name,168
tell,167
phone,166
feel,165
use,165
fun,165
can,164
point,164
used,164
too,164
then,163
last,163
head,162
clean,162
mind,161
stay,161
pick,160
eye,160
next,160
again,159
class,159
draw,159
hot,159
pull,158
book,158
little,158
touch,157
number,157
table,157
carry,156
walk,156
much,156
meet,155
bed,155
foot,155
cold,154
deal,154
light,153
throw,153
water,153
case,153
before,152
forward,152
wait,152
die,151
present,151
front,150
lie,150
read,150
love,150
park,150
fire,150
dog,150
control,149
jump,149
across,149
send,149
what,149
free,148
date,148
fly,148
find,148
side,148
hear,148
knock,148
old,148
oneself,148
dress,147
cool,147
order,146
result,146
air,146
any,145
arm,145
lead,144
start,144
same,144
drop,144
ice,144
only,143
speak,143
computer,143
open,143
say,143
rather,143
there,143
check,142
every,141
charge,141
against,141
tired,141
living,141
ahead,141
kind,141
pencil,141
eat,140
bear,140
would,140
ready,140
attention,139
together,139
are,139
lot,138
tennis,137
write,137
box,137
fish,137
music,137
best,137
stop,136
sight,136
know,136
moment,136
card,135
heart,135
train,135
matter,135
night,135
ride,134
line,134
agree,134
bus,134
own,134
example,133
food,133
bad,133
wear,133
wash,133
just,133
even,133
visit,133
fine,133
cream,133
apart,132
hang,132
office,132
word,132
famous,132
your,132
ask,131
red,131
car,131
film,131
doctor,130
lay,130
orange,130
blue,130
this,130
join,129
effect,129
football,129
learn,129
stick,129
ring,129
left,129
wind,129
me,129
easy,128
hurry,128
listen,128
fact,128
move,128
world,128
big,128
will,127
being,127
cook,127
art,126
surprise,126
sense,126
teacher,126
dance,126
party,126
behind,126
need,126
feed,126
soon,126
my,126
science,125
drink,125
something,125
green,125
sit,125
afraid,125
breath,125
depend,125
family,125
angry,125
spring,125
floor,125
different,125
busy,125
round,125
lunch,125
least,125
happy,124
black,124
human,124
late,124
practice,124
post,124
sleep,123
education,123
story,123
money,123
answer,123
exercise,123
warm,123
clear,123
count,123
physical,123
breakfast,123
dinner,123
he,123
trip,122
few,122
because,122
cake,122
another,122
race,122
sing,122
subject,121
while,121
full,121
friend,121
bike,121
trouble,121
fill,121
here,121
homework,121
milk,121
we,121
proud,120
ball,120
want,120
new,120
compare,120
hospital,119
swim,119
house,119
become,119
add,119
station,119
view,119
holiday,119
search,119
Christmas,119
door,119
prefer,119
calm,119
second,119
enjoy,119
mouth,119
nice,119
morning,118
juice,118
white,118
fit,118
though,118
mother,118
plane,118
also,118
bean,118
belong,118
chair,118
ear,118
power,118
am,118
she,118
top,117
game,117
sweep,117
wake,117
tea,117
believe,117
worry,117
drive,117
Day,117
buy,117
weather,117
library,117
clothes,117
ruler,117
accident,116
please,116
beautiful,116
picture,116
speed,116
small,116
build,116
danger,116
country,116
divide,116
study,116
rest,116
course,115
ill,115
begin,115
hard,115
boat,115
fix,115
toy,115
reach,115
between,115
shop,115
kite,115
minute,115
question,114
star,114
ever,114
never,114
sound,114
travel,114
true,114
yellow,114
bird,114
strict,114
museum,114
week,114
straight,114
basketball,114
field,114
hair,114
future,114
hello,114
they,114
tall,113
welcome,113
fast,113
each,113
opinion,113
rain,113
father,113
clock,113
very,113
body,113
leg,113
nose,113
mobile,113
memory,113
often,113
tomorrow,113
season,113
step,112
desk,112
brother,112
fruit,112
sale,112
most,112
animal,112
wonder,112
dream,112
bit,112
such,112
store,112
plant,112
addition,112
laugh,112
tear,112
change,112
sad,112
potato,112
alone,112
pen,112
rice,112
wrong,112
past,111
remind,111
brown,111
cheer,111
umbrella,111
soup,111
return,111
weight,111
fever,111
win,111
hurt,111
sister,111
birthday,111
picnic,111
summer,111
push,111
business,110
pressure,110
account,110
nurse,110
monkey,110
idea,110
grow,110
progress,110
cry,110
refer,110
shout,110
window,110
grass,110
sell,110
aunt,110
pack,110
middle,110
blow,110
general,110
above,110
near,110
term,110
cap,110
shirt,110
where,109
cat,109
panda,109
rabbit,109
hope,109
man,109
gift,109
trick,109
arrive,109
lesson,109
zoo,109
average,109
plenty,109
kitchen,109
chess,108
burn,108
mean,108
coat,108
skirt,108
chicken,108
young,108
bottle,108
flower,108
tree,108
bag,108
consist,108
large,108
girl,108
common,108
ship,108
mistake,108
difficult,108
who,108
cousin,108
purpose,108
similar,108
winter,108
moon,108
chance,108
aside,108
today,108
thin,108
message,107
sometimes,107
sign,107
heavy,107
risk,107
public,107
cow,107
sheep,107
tiger,107
when,107
vacation,107
supermarket,107
kid,107
track,107
pair,107
rise,107
prevent,107
record,107
action,107
condition,107
without,107
weekend,107
doubt,107
interest,107
special,107
difference,107
fan,107
act,107
autumn,107
bread,107
job,107
model,106
advantage,106
horse,106
classroom,106
paper,106
happen,106
apple,106
focus,106
duck,106
concentrate,106
senior,106
boy,106
road,106
distance,106
advice,106
vegetable,106
protect,106
better,106
rule,106
thing,106
shape,106
mountain,106
thank,106
suffer,106
street,106
early,106
row,106
farm,106
earth,105
people,105
promise,105
wish,105
restaurant,105
respect,105
nature,105
lift,105
quite,105
raise,105
mine,105
playground,105
follow,105
fight,105
piano,105
careful,105
his,105
less,105
sorry,105
exchange,104
always,104
climb,104
content,104
hungry,104
traffic,104
sweater,104
elephant,104
lion,104
personal,104
spend,104
clever,104
found,104
slow,104
familiar,104
collect,104
taxi,104
apply,104
map,104
sun,104
tidy,104
TV,103
space,103
whole,103
form,103
born,103
banana,103
duty,103
argue,103
connect,103
shut,103
lake,103
habit,103
primary,103
hamburger,103
energy,103
particular,103
song,103
beside,103
sea,103
baby,103
yesterday,103
effort,103
afternoon,103
age,103
English,103
her,103
strong,103
company,102
treat,102
switch,102
blackboard,102
letter,102
photo,102
style,102
pink,102
earn,102
jacket,102
egg,102
problem,102
regard,102
half,102
graduate,102
position,102
cinema,102
else,102
child,102
decide,102
voice,102
goal,102
share,102
tomato,102
uncle,102
peace,102
wave,102
miss,102
beach,102
pour,102
really,102
farmer,102
evening,102
piece,102
kick,101
honest,101
wonderful,101
finish,101
joke,101
waste,101
corner,101
dig,101
remember,101
sweet,101
popular,101
instead,101
mix,101
asleep,101
dry,101
fair,101
seat,101
violin,101
us,101
yes,101
desert,100
board,100
burst,100
uniform,100
chain,100
either,100
river,100
tour,100
mad,100
shake,100
sunny,100
ticket,100
police,100
medicine,100
driver,100
total,100
save,100
active,99
junior,99
fiction,99
interesting,99
figure,99
dirty,99
aid,99
still,99
amount,99
should,99
key,99
cup,99
dish,99
cross,99
match,99
insist,99
headache,99
both,99
couple,99
except,99
settle,99
month,99
candy,99
role,99
prepare,99
poor,99
worker,99
provide,99
flat,99
paint,99
quiet,99
sock,99
these,99
death,99
increase,98
blood,98
bow,98
hill,98
teach,98
diet,98
volunteer,98
amazing,98
healthy,98
introduce,98
woman,98
shopping,98
degree,98
meeting,98
history,98
object,98
whose,98
succeed,98
plastic,98
excuse,98
meat,98
snow,98
rush,98
circle,98
team,98
ago,98
later,98
pretty,98
them,98
hit,97
rock,97
notice,97
Chinese,97
shock,97
cost,97
balance,97
since,97
shorts,97
worth,97
block,97
building,97
plan,97
safe,97
smile,97
beat,97
pride,97
why,97
sort,97
favourite,97
hall,97
cloudy,97
windy,97
improve,97
guitar,97
sport,97
spot,97
bathroom,97
dear,97
our,97
schoolbag,97
ground,96
harm,96
colour,96
thought,96
praise,96
hour,96
telephone,96
garden,96
shoot,96
adult,96
cough,96
everyone,96
able,96
parent,96
force,96
manage,96
bottom,96
city,96
recycle,96
note,96
delicious,96
shoulder,96
host,96
robot,96
offer,96
character,96
sentence,96
bedroom,96
toilet,96
balloon,96
hat,96
scarf,96
tail,96
conclusion,95
sky,95
test,95
symbol,95
dark,95
trousers,95
health,95
insect,95
forget,95
club,95
policeman,95
culture,95
funny,95
nothing,95
dad,95
festival,95
press,95
roll,95
cloud,95
beyond,95
usual,95
purple,95
enter,95
list,95
certain,95
hobby,95
war,95
bank,94
information,94
joy,94
attend,94
guide,94
aim,94
capital,94
talent,94
housework,94
person,94
discover,94
deep,94
greet,94
partner,94
land,94
crazy,94
address,94
influence,94
edge,94
expert,94
score,94
band,94
pool,94
social,94
plate,94
forest,94
blind,94
event,94
stage,94
eraser,94
luck,94
those,94
anything,93
pleasure,93
mess,93
separate,93
skate,93
student,93
grape,93
pear,93
challenge,93
guess,93
important,93
mention,93
may,93
neither,93
crowd,93
rely,93
master,93
flash,93
cent,93
escape,93
camera,93
fear,93
aware,93
boil,93
research,93
square,93
instrument,93
inside,93
video,93
custom,93
Internet,93
temperature,93
sick,92
patient,92
lovely,92
astronaut,92
absent,92
dare,92
magic,92
warn,92
means,92
project,92
trade,92
mouse,92
pig,92
opera,92
advance,92
bowl,92
glass,92
pot,92
guard,92
support,92
type,92
alarm,92
material,92
due,92
bored,92
nor,92
taste,92
outside,92
choice,92
leaf,92
cheese,92
friendly,92
tooth,92
brush,92
hi,92
pupil,92
shoe,92
their,92
fold,92
manner,91
brave,91
fantastic,91
until,91
system,91
design,91
produce,91
receive,91
express,91
smart,91
honey,91
must,91
attitude,91
machine,91
avoid,91
convenient,91
knife,91
invent,91
disappear,91
wild,91
normal,91
perform,91
sail,91
carrot,91
onion,91
crayon,91
fridge,91
consider,91
announce,91
chat,91
centre,91
compete,91
tie,91
low,91
appear,91
reflect,91
radio,91
spread,91
translate,91
grade,91
candle,91
flag,91
thirsty,91
communicate,90
possible,90
swing,90
fat,90
volleyball,90
flight,90
novel,90
invite,90
achieve,90
impress,90
dentist,90
stress,90
wide,90
reply,90
rude,90
enough,90
suit,90
stare,90
flu,90
cheat,90
wall,90
regret,90
mark,90
newspaper,90
dumpling,90
maybe,90
admire,90
fond,90
pain,90
quarter,90
concert,90
comedy,90
tradition,90
finger,90
sudden,90
its,90
o'clock,90
sandwich,90
behave,89
contrary,89
reason,89
forever,89
digital,89
solar,89
cover,89
abroad,89
artist,89
create,89
strawberry,89
area,89
private,89
bat,89
snake,89
bright,89
interview,89
require,89
opposite,89
disease,89
celebrate,89
folk,89
pollution,89
ocean,89
rubbish,89
refuse,89
east,89
everywhere,89
shower,89
upset,89
yard,89
honour,89
somebody,89
borrow,89
deaf,89
service,89
attack,89
birth,89
regular,88
rocket,88
classmate,88
tale,88
coffee,88
kill,88
price,88
seek,88
operate,88
process,88
jeans,88
overcome,88
turkey,88
expect,88
ability,88
hotel,88
develop,88
weigh,88
airport,88
nervous,88
allow,88
stamp,88
adapt,88
village,88
soccer,88
scene,88
chocolate,88
movie,88
direct,88
meal,88
awful,88
neck,88
dictionary,88
apartment,88
daily,88
him,88
noodle,88
queen,88
rope,88
yours,88
twice,87
prove,87
player,87
universe,87
benefit,87
camp,87
complete,87
understand,87
expensive,87
journey,87
report,87
polite,87
group,87
devote,87
path,87
serious,87
review,87
reduce,87
lock,87
ancient,87
advise,87
soft,87
fail,87
hide,87
damage,87
encourage,87
activity,87
lantern,87
include,87
advertisement,87
fresh,87
geography,87
quality,87
perfect,87
nearby,87
west,87
which,87
gold,87
metal,87
pretend,87
screen,87
terrible,87
knee,87
judge,87
replace,87
spare,87
bridge,87
dead,87
prison,87
hardly,86
hug,86
height,86
double,86
oil,86
experience,86
marry,86
smoke,86
wound,86
watermelon,86
T-shirt,86
credit,86
basket,86
local,86
fork,86
population,86
safety,86
scientific,86
weak,86
award,86
underground,86
wheel,86
noise,86
decorate,86
furniture,86
suggest,86
print,86
biology,86
continue,86
smell,86
north,86
south,86
rainy,86
wet,86
choose,86
gym,86
dive,86
theme,86
decision,86
university,86
scientist,86
bell,86
pet,86
excellent,86
diary,86
rich,86
per,86
cause,85
bend,85
glad,85
baseball,85
background,85
president,85
international,85
article,85
survive,85
earthquake,85
measure,85
method,85
value,85
blouse,85
speech,85
struggle,85
explain,85
cheap,85
mirror,85
spoon,85
firm,85
department,85
medium,85
truth,85
hunt,85
alive,85
breathe,85
request,85
medal,85
prize,85
cruel,85
tend,85
college,85
silent,85
relax,85
countryside,85
level,85
classic,85
province,85
pity,85
serve,85
afford,85
national,85
glove,85
island,85
pocket,85
postcard,85
responsible,85
percent,84
hole,84
wood,84
base,84
explore,84
planet,84
attract,84
discuss,84
passport,84
curious,84
situation,84
shine,84
available,84
butterfly,84
suppose,84
teenager,84
conversation,84
blame,84
tourist,84
cancel,84
represent,84
suitable,84
pleasant,84
exhibition,84
secret,84
success,84
hate,84
language,84
pepper,84
destroy,84
major,84
beef,84
technology,84
soil,84
direction,84
attempt,84
below,84
dessert,84
pie,84
strike,84
favour,84
remain,84
sofa,84
news,84
television,84
clerk,84
iron,84
accept,84
during,84
saying,84
gate,84
glue,84
handsome,84
lend,84
shy,84
surface,84
text,84
cotton,84
midnight,84
net,84
emergency,83
reality,83
theory,83
admit,83
poem,83
punish,83
gain,83
medical,83
shall,83
imagine,83
cash,83
describe,83
artificial,83
link,83
repair,83
especially,83
gentle,83
coin,83
dollar,83
bar,83
crime,83
simple,83
equipment,83
hero,83
modern,83
confident,83
cabbage,83
litter,83
grandmother,83
environment,83
differ,83
pork,83
chemistry,83
sour,83
awake,83
relief,83
unusual,83
butter,83
standard,83
cartoon,83
cast,83
gather,83
storm,83
skin,83
engineer,83
servant,83
electricity,83
according,83
supply,83
magazine,83
period,83
pronounce,83
spell,83
loud,83
son,83
complain,83
twin,83
seldom,82
beauty,82
channel,82
badminton,82
limit,82
lemon,82
industry,82
already,82
difficulty,82
ant,82
fox,82
kangaroo,82
whale,82
everything,82
could,82
lamp,82
correct,82
palace,82
main,82
bamboo,82
loss,82
jam,82
necessary,82
relative,82
member,82
experiment,82
toothache,82
pound,82
treasure,82
trust,82
dangerous,82
scare,82
among,82
almost,82
mail,82
tip,82
market,82
examine,82
salt,82
silk,82
shame,82
spirit,82
coach,82
topic,82
rid,82
wealth,82
strange,82
throat,82
transport,82
minister,82
officer,82
zero,82
agreement,82
lucky,82
OK,82
size,82
smooth,82
thick,82
town,82
wallet,82
satisfy,81
courage,81
plain,81
pilot,81
ski,81
assistant,81
unit,81
adventure,81
two,81
guest,81
poster,81
flood,81
basis,81
law,81
grey,81
fortune,81
helpful,81
impossible,81
obey,81
proper,81
dialogue,81
menu,81
huge,81
natural,81
emperor,81
female,81
passage,81
quick,81
aloud,81
ache,81
sugar,81
relate,81
recommend,81
theatre,81
crash,81
publish,81
boring,81
yourself,81
everybody,81
none,81
till,81
climate,81
pollute,81
central,81
physics,81
bark,81
state,81
fuel,81
court,81
factory,81
within,81
stomach,81
stream,81
root,81
foreign,81
lonely,81
athlete,81
captain,81
recover,81
tonight,81
lack,81
page,81
gentleman,81
king,81
snowy,81
towards,81
belt,81
fault,80
knowledge,80
wine,80
stone,80
ordinary,80
actor,80
positive,80
likely,80
range,80
fool,80
sharp,80
scissors,80
seed,80
independent,80
regardless,80
equal,80
typical,80
staff,80
might,80
donate,80
weekday,80
engine,80
victory,80
ugly,80
battle,80
dragon,80
intelligence,80
anxious,80
whether,80
grandfather,80
dust,80
heat,80
remove,80
variety,80
freeze,80
carbon,80
anywhere,80
society,80
pardon,80
traditional,80
bone,80
product,80
tower,80
cave,80
China,80
cute,80
goodbye,80
gun,80
salad,80
tiny,80
soldier,80
pop,79
debt,79
rent,79
blank,79
brief,79
treatment,79
basic,79
sink,79
pattern,79
rapid,79
click,79
real,79
cycle,79
illness,79
electric,79
wise,79
skill,79
somewhere,79
gas,79
narrow,79
competition,79
pace,79
probably,79
cookie,79
excited,79
lab,79
empty,79
native,79
musician,79
website,79
noon,79
fence,79
century,79
pioneer,79
useful,79
shelf,79
lazy,78
fetch,78
nod,78
outgoing,78
instruction,78
notebook,78
copy,78
contain,78
disaster,78
drug,78
frog,78
giraffe,78
shark,78
relationship,78
ashamed,78
exist,78
disabled,78
tool,78
extra,78
monitor,78
approve,78
truck,78
persuade,78
unless,78
yet,78
willing,78
sand,78
immediately,78
steam,78
solve,78
comment,78
wing,78
silence,78
concern,78
silver,78
champion,78
audience,78
clap,78
pond,78
flow,78
biscuit,78
nation,78
vote,78
friendship,78
although,78
grateful,78
predict,78
affect,78
react,78
official,78
tape,78
stair,78
temple,78
army,78
boss,78
usually,78
X-ray,78
lost,78
tire,78
crop,78
consequence,77
slide,77
pleased,77
chalk,77
debate,77
task,77
attach,77
literature,77
performance,77
bite,77
appeal,77
comfort,77
silly,77
stupid,77
several,77
branch,77
rose,77
elder,77
cigarette,77
customer,77
railway,77
anyway,77
nearly,77
defend,77
daughter,77
cancer,77
commit,77
hire,77
anyone,77
someone,77
husband,77
envelope,77
repeat,77
discovery,77
length,77
drum,77
onto,77
coast,77
pancake,77
error,77
postman,77
meaning,77
grammar,77
bath,77
corn,77
hometown,77
mile,77
Miss,77
steal,77
impression,77
contact,76
modest,76
lively,76
slim,76
satellite,76
poet,76
wander,76
painting,76
creative,76
liquid,76
behalf,76
deliver,76
puzzle,76
cure,76
goat,76
hen,76
achievement,76
generation,76
schedule,76
seem,76
comfortable,76
church,76
defeat,76
expose,76
myself,76
anybody,76
vital,76
coal,76
steel,76
specific,76
polish,76
harmony,76
appreciate,76
occur,76
director,76
keyboard,76
everyday,76
passenger,76
rate,76
kilometre,76
How,76
nowadays,76
cage,76
retire,76
super,76
title,76
mercy,75
kiss,75
wipe,75
merry,75
strength,75
download,75
atmosphere,75
educate,75
platform,75
document,75
essay,75
detective,75
three,75
single,75
contribute,75
pale,75
harvest,75
creature,75
deer,75
mental,75
discussion,75
forecast,75
towel,75
male,75
combine,75
entrance,75
parking,75
delay,75
indeed,75
observe,75
valuable,75
bill,75
amusement,75
nobody,75
otherwise,75
therefore,75
harmful,75
chemical,75
wife,75
besides,75
disturb,75
whisper,75
feeling,75
select,75
electronic,75
mood,75
government,75
bleed,75
arise,75
battery,75
secretary,75
perhaps,75
however,75
winner,75
tent,75
detail,75
sensitive,74
careless,74
routine,74
remote,74
humorous,74
chart,74
four,74
million,74
abstract,74
gallery,74
ceremony,74
marriage,74
wedding,74
owe,74
studio,74
bee,74
eagle,74
scream,74
ignore,74
unique,74
approach,74
enemy,74
access,74
boot,74
skip,74
exit,74
precious,74
wolf,74
worthy,74
salary,74
airline,74
bicycle,74
subway,74
exciting,74
guilty,74
panic,74
recipe,74
adjust,74
assume,74
determine,74
eastern,74
western,74
clay,74
dining,74
jazz,74
throughout,74
policy,74
congratulation,74
forgive,74
network,74
snack,74
tap,74
oxygen,74
agent,74
summary,74
dozen,74
kilo,74
lady,74
made,74
operation,74
doll,74
response,74
fellow,73
permanent,73
outstanding,73
button,73
bury,73
expense,73
goods,73
pill,73
lamb,73
conclude,73
practical,73
district,73
brain,73
blanket,73
shade,73
civil,73
neighbour,73
brand,73
disk,73
programme,73
deserve,73
demand,73
reward,73
inspire,73
agriculture,73
nowhere,73
rainbow,73
ping-pong,73
float,73
nut,73
conference,73
reform,73
broken,73
actress,73
author,73
queue,73
construction,73
shelter,73
handbag,73
sir,73
wheat,73
broad,73
wool,73
energetic,72
generous,72
participate,72
signal,72
dinosaur,72
valley,72
paragraph,72
moral,72
five,72
nine,72
ten,72
contemporary,72
appetite,72
chew,72
abandon,72
fade,72
rescue,72
accuse,72
bound,72
training,72
aspect,72
gesture,72
camel,72
seal,72
zebra,72
desire,72
final,72
wisdom,72
rubber,72
ruin,72
citizen,72
loose,72
invention,72
noisy,72
decrease,72
relevant,72
suggestion,72
trap,72
ancestor,72
pray,72
diamond,72
possession,72
bother,72
advertise,72
media,72
sausage,72
declare,72
flexible,72
institute,72
border,72
neighbourhood,72
professor,72
sleepy,72
thunder,72
conflict,72
eager,72
disappointed,72
conduct,72
congratulate,72
confirm,72
false,72
pole,72
distant,72
lap,72
tongue,72
roof,72
respond,72
librarian,72
instant,72
description,72
metre,72
whenever,72
march,72
slip,71
withdraw,71
satisfaction,71
solid,71
patience,71
function,71
surround,71
continent,71
reserve,71
explode,71
injure,71
contribution,71
ban,71
income,71
permit,71
virus,71
complex,71
youth,71
vehicle,71
zone,71
soap,71
shadow,71
development,71
random,71
software,71
correspond,71
identity,71
faith,71
victim,71
dislike,71
whom,71
grandma,71
grandpa,71
charity,71
package,71
chief,71
reject,71
indicate,71
rare,71
roast,71
slice,71
toast,71
handle,71
evaluate,71
pipe,71
grain,71
fog,71
fancy,71
soul,71
sympathy,71
alternative,71
plus,71
stadium,71
entertainment,71
section,71
authority,71
budget,71
beard,71
cheek,71
chest,71
phrase,71
vocabulary,71
majority,71
mass,71
rank,71
castle,71
communication,71
exam,71
bye,71
hers,71
ton,71
whatever,71
clinic,70
collection,70
gravity,70
ink,70
consume,70
invitation,70
acquire,70
export,70
clothing,70
ought,70
hesitate,70
brilliant,70
display,70
intend,70
resign,70
superior,70
jog,70
recite,70
successful,70
failure,70
themselves,70
interrupt,70
promote,70
subscribe,70
ham,70
bitter,70
lecture,70
concept,70
string,70
data,70
supper,70
beg,70
jungle,70
editor,70
accent,70
affair,69
bounce,69
extraordinary,69
transform,69
eight,69
downstairs,69
agency,69
profit,69
fee,69
Africa,69
purse,69
introduction,69
quarrel,69
urge,69
downtown,69
bush,69
washroom,69
temporary,69
port,69
visitor,69
spy,69
Sunday,69
weekly,69
reputation,69
arrest,69
suspect,69
various,69
Festival,69
opportunity,69
importance,69
decline,69
barbecue,69
fry,69
salty,69
upper,69
mild,69
freedom,69
characteristic,69
May,69
musical,69
league,69
principle,69
apologize,69
community,69
academic,69
lawyer,69
expression,69
calculate,69
northern,69
southern,69
professional,69
madam,69
cloth,69
shore,69
vast,69
flour,69
mud,69
enthusiastic,68
disadvantage,68
ambulance,68
constant,68
optimistic,68
seven,68
aboard,68
injury,68
erupt,68
expand,68
import,68
potential,68
destination,68
sightseeing,68
voyage,68
dismiss,68
remark,68
leather,68
association,68
intention,68
delete,68
technique,68
glance,68
quantity,68
helicopter,68
responsibility,68
convince,68
evidence,68
poison,68
employ,68
anger,68
himself,68
garbage,68
arrange,68
occupy,68
distinguish,68
quit,68
former,68
fountain,68
powerful,68
movement,68
symphony,68
plot,68
vivid,68
campaign,68
committee,68
assess,68
cupboard,68
ankle,68
license,68
journalist,68
manager,68
writer,68
adopt,68
annual,68
brick,68
pronunciation,68
fashion,68
application,68
ease,68
sum,68
behaviour,67
vain,67
owner,67
drag,67
speaker,67
spaceship,67
six,67
ballet,67
absorb,67
starve,67
alcohol,67
beer,67
justice,67
somehow,67
raincoat,67
barrier,67
cell,67
parrot,67
security,67
guarantee,67
broadcast,67
online,67
grand,67
preserve,67
permission,67
welfare,67
mask,67
secure,67
annoy,67
envy,67
herself,67
ourselves,67
thus,67
acid,67
commercial,67
raw,67
politics,67
boundary,67
nuclear,67
urban,67
stranger,67
canteen,67
republic,67
series,67
carpet,67
forehead,67
shave,67
purchase,67
decade,67
previous,67
bunch,67
pile,67
ceiling,67
calendar,67
fisherman,67
ours,67
surf,67
fur,67
curtain,67
circumstance,66
incident,66
origin,66
seize,66
digest,66
forty,66
hundred,66
statue,66
appointment,66
legal,66
prohibit,66
discount,66
labour,66
astonish,66
organ,66
desperate,66
awkward,66
needle,66
tube,66
eventually,66
load,66
fierce,66
defence,66
reliable,66
criminal,66
illegal,66
murder,66
dynasty,66
photograph,66
itself,66
album,66
parcel,66
refrigerator,66
appropriate,66
survey,66
beneath,66
lightning,66
angle,66
dormitory,66
arrow,66
candidate,66
kingdom,66
nationality,66
accurate,66
trial,66
trend,66
lung,66
wrist,66
tailor,66
automatic,66
entry,66
deadline,66
meanwhile,66
nest,66
email,66
mum,66
PE,66
...?,66
Mr.,66
costume,66
centimetre,66
mixture,66
shallow,66
inch,66
confidence,66
outcome,65
procedure,65
delight,65
delicate,65
tough,65
program,65
hydrogen,65
submit,65
scenery,65
swallow,65
leak,65
obtain,65
humour,65
ambition,65
altogether,65
rough,65
splendid,65
tax,65
belief,65
Saturday,65
Tuesday,65
violence,65
royal,65
photographer,65
split,65
peaceful,65
sheet,65
damp,65
hunger,65
butcher,65
childhood,65
percentage,65
globe,65
political,65
kindergarten,65
pan,65
chairman,65
profession,65
reporter,65
wire,65
certificate,65
collar,65
riddle,65
exactly,65
kilogram,65
drama,65
instance,65
accompany,64
greedy,64
selfish,64
grasp,64
amuse,64
excite,64
laughter,64
mature,64
virtue,64
shot,64
marathon,64
absence,64
outline,64
accommodation,64
target,64
chaos,64
smog,64
volcano,64
forbid,64
innocent,64
attain,64
finance,64
fluent,64
physician,64
tablet,64
fantasy,64
resist,64
widespread,64
worldwide,64
basin,64
cater,64
vase,64
trunk,64
initial,64
mankind,64
occupation,64
postpone,64
sponsor,64
severe,64
thorough,64
emotion,64
worthwhile,64
tolerate,64
oppose,64
wage,64
Monday,64
Friday,64
Wednesday,64
heaven,64
America,64
negative,64
passive,64
tense,64
mushroom,64
grandparent,64
disagree,64
steak,64
psychology,64
solution,64
foggy,64
disappoint,64
tendency,64
chorus,64
tune,64
popcorn,64
apology,64
exact,64
phenomenon,64
noble,64
horrible,64
heel,64
garage,64
dawn,64
minority,64
architect,64
cottage,64
color,64
finally,64
leader,64
swimming,64
feature,64
sew,64
bomb,64
neat,64
contrast,64
formal,64
sincerely,63
relation,63
orbit,63
golf,63
addicted,63
ray,63
concrete,63
original,63
mineral,63
refresh,63
negotiate,63
mosquito,63
disability,63
receipt,63
clarify,63
intelligent,63
tissue,63
chef,63
maximum,63
minimum,63
associate,63
bakery,63
category,63
representative,63
urgent,63
comprehension,63
visual,63
sneeze,63
dizzy,63
Thursday,63
witness,63
Asia,63
sorrow,63
nutrition,63
involve,63
amateur,63
confuse,63
petrol,63
cafeteria,63
division,63
Olympic,63
December,63
elect,63
union,63
thankful,63
assumption,63
lip,63
headmaster,63
composition,63
version,63
guy,63
organise,63
actually,63
recent,63
preference,63
nail,63
capsule,62
relay,62
presentation,62
textbook,62
rhyme,62
memorial,62
carve,62
boom,62
expectation,62
waitress,62
bond,62
canal,62
crossing,62
anyhow,62
preparation,62
advocate,62
conservation,62
motor,62
nephew,62
fundamental,62
command,62
sunshine,62
radiation,62
October,62
depth,62
liberty,62
acknowledge,62
drawer,62
fist,62
crew,62
drill,62
telescope,62
register,62
idiom,62
p.m.,62
Mrs.,62
eve,62
beginning,62
recognise,62
packet,62
flesh,61
pure,61
guidance,61
realize,61
literary,61
brochure,61
convey,61
sculpture,61
circus,61
assist,61
deed,61
typhoon,61
cattle,61
bargain,61
applaud,61
argument,61
commitment,61
sigh,61
dull,61
comb,61
violent,61
strengthen,61
multiply,61
alike,61
ecology,61
stable,61
steady,61
symptom,61
recreation,61
abuse,61
bless,61
niece,61
anniversary,61
April,61
bacon,61
porridge,61
mathematics,61
inform,61
frontier,61
dioxide,61
July,61
June,61
architecture,61
draft,61
institution,61
precise,61
dignity,61
worn,61
organize,61
breast,61
center,61
realise,61
stomachache,61
worse,61
a.m.,61
recall,61
upstairs,61
convenience,61
handkerchief,61
tobacco,61
sex,61
bet,61
departure,60
elegant,60
dynamic,60
straightforward,60
diagram,60
fifteen,60
antique,60
fortunate,60
flame,60
avenue,60
production,60
beneficial,60
casual,60
statement,60
buffet,60
update,60
unlike,60
unbelievable,60
abnormal,60
choke,60
specialist,60
bonus,60
opening,60
flee,60
embarrassed,60
necklace,60
possess,60
qualification,60
accustomed,60
pump,60
frost,60
mist,60
pyramid,60
January,60
March,60
November,60
administration,60
tension,60
waist,60
chemist,60
outdoors,60
chapter,60
meter,60
interested,60
gradually,60
sweat,60
extent,60
considerate,59
kindness,59
twelve,59
yoghurt,59
session,59
monument,59
waiter,59
tank,59
entire,59
minus,59
ripe,59
tick,59
shrink,59
consistent,59
weep,59
glare,59
pub,59
glory,59
thief,59
dilemma,59
thanks,59
Pacific,59
anxiety,59
prejudice,59
American,59
diverse,59
headline,59
southeast,59
pillow,59
hurricane,59
enterprise,59
bowling,59
February,59
bay,59
agenda,59
conventional,59
tight,59
status,59
primitive,59
astronomer,59
navy,59
operator,59
file,59
reference,59
celebration,59
suitcase,59
afterwards,59
scholarship,59
arrangement,59
aggressive,58
appearance,58
theater,58
tutor,58
underline,58
eleven,58
twenty,58
fifty,58
luggage,58
handwriting,58
breakthrough,58
fare,58
clone,58
rat,58
scold,58
recognize,58
image,58
zip,58
civilian,58
colleague,58
grocery,58
appoint,58
component,58
slight,58
certainly,58
jet,58
religion,58
gifted,58
European,58
Europe,58
worried,58
granddaughter,58
mutton,58
alongside,58
discourage,58
resource,58
London,58
obvious,58
organization,58
August,58
revolution,58
subjective,58
microwave,58
wealthy,58
painful,58
jaw,58
helmet,58
salesman,58
e-mail,58
dusk,58
Canada,58
third,58
bandage,58
Atlantic,58
applicant,58
nursery,58
missile,58
slave,58
feather,58
career,58
compose,58
criterion,57
frequent,57
extension,57
enjoyable,57
reasonable,57
superb,57
boxing,57
thirteen,57
thirty,57
golden,57
output,57
surgeon,57
worm,57
rigid,57
location,57
site,57
consult,57
jar,57
kettle,57
sow,57
weed,57
unite,57
counter,57
bench,57
circuit,57
handful,57
rob,57
theft,57
simplify,57
merely,57
garlic,57
pea,57
sacrifice,57
bride,57
contradictory,57
gymnastics,57
analyse,57
latter,57
bathe,57
conductor,57
parallel,57
September,57
database,57
protection,57
wrinkle,57
ambassador,57
mend,57
microscope,57
plug,57
spoken,57
Ms.,57
part-time,57
mystery,57
structure,57
tomb,57
infer,57
fasten,56
thrill,56
source,56
instruct,56
format,56
compensate,56
valid,56
deposit,56
insurance,56
patent,56
squirrel,56
accomplish,56
graduation,56
foolish,56
gradual,56
undertake,56
vacant,56
dimension,56
evolution,56
eyesight,56
inspect,56
overlook,56
wildlife,56
further,56
spit,56
unable,56
allowance,56
spin,56
airplane,56
embarrass,56
frighten,56
grandson,56
fibre,56
equip,56
technical,56
cuisine,56
astronomy,56
analysis,56
freezing,56
burden,56
personality,56
timetable,56
apparent,56
reading,56
tournament,56
whistle,56
racial,56
herb,56
awesome,56
laboratory,56
merchant,56
politician,56
classify,56
favorite,56
resolution,56
establish,56
teamwork,56
firework,56
ward,56
gram,56
occasion,56
facility,56
species,56
warmth,55
attractive,55
skateboard,55
quiz,55
biography,55
billion,55
peach,55
amaze,55
diploma,55
dolphin,55
universal,55
hostess,55
bid,55
extreme,55
resemble,55
scan,55
hatch,55
penny,55
frightened,55
global,55
construct,55
competence,55
geometry,55
oral,55
pause,55
dam,55
seaside,55
privilege,55
stove,55
consultant,55
fax,55
admission,55
feet,55
independence,55
connection,55
cooperate,55
item,55
stretch,55
misunderstand,54
shortcoming,54
tremble,54
steep,54
rugby,54
extremely,54
ridiculous,54
painter,54
unfair,54
divorce,54
goose,54
thinking,54
hopeless,54
greeting,54
saucer,54
uncomfortable,54
teapot,54
maple,54
companion,54
carriage,54
cooker,54
wrestle,54
claim,54
sunlight,54
dot,54
significance,54
autonomous,54
accumulate,54
African,54
facial,54
accountant,54
sailor,54
directory,54
alphabet,54
edition,54
Australia,54
maths,54
worst,54
theirs,54
backwards,54
cigar,54
comparison,54
current,54
identify,54
investigate,54
portable,53
cautious,53
altitude,53
friction,53
thousand,53
baggage,53
souvenir,53
visa,53
mourn,53
survival,53
voluntary,53
via,53
stocking,53
swell,53
consideration,53
route,53
region,53
flashlight,53
pin,53
straw,53
insure,53
crossroads,53
log,53
web,53
neighbor,53
adequate,53
terminal,53
coincidence,53
currency,53
brake,53
religious,53
enlarge,53
Asian,53
bridegroom,53
squeeze,53
actual,53
affection,53
northeast,53
atom,53
triangle,53
toward,53
communist,53
govern,53
liberation,53
absurd,53
factor,53
academy,53
terror,53
barber,53
novelist,53
policewoman,53
scratch,53
motto,53
arch,53
missing,53
mom,53
mostly,53
strategy,53
overseas,53
educator,53
scholar,53
ash,53
vary,53
moreover,53
release,53
delighted,52
outer,52
shuttle,52
hammer,52
ninety,52
receptionist,52
pregnant,52
constitution,52
reaction,52
compulsory,52
label,52
adaptation,52
harbour,52
existence,52
compromise,52
offence,52
twist,52
discrimination,52
unconscious,52
dusty,52
New,52
corporation,52
botanical,52
tractor,52
vinegar,52
northwest,52
southwest,52
evident,52
foresee,52
bare,52
fragile,52
distribute,52
pianist,52
violinist,52
regulation,52
abundant,52
basement,52
courtyard,52
decoration,52
Mrs,52
licence,52
god,52
surrounding,52
millionaire,52
poetry,52
useless,52
contest,52
device,52
essential,52
financial,52
foundation,52
genius,52
individual,52
landscape,52
maintain,52
vice,51
cheerful,51
happiness,51
nineteen,51
compass,51
performer,51
drunk,51
suburb,51
vest,51
adolescent,51
condemn,51
explanation,51
substitute,51
insert,51
approximately,51
aircraft,51
French,51
grandchild,51
deny,51
motivation,51
laundry,51
transparent,51
recently,51
interval,51
homeland,51
socialist,51
ending,51
physicist,51
CD,51
dial,51
kilometer,51
Mr,51
oh,51
honor,51
truly,51
reveal,51
realistic,51
rural,51
wherever,51
practise,51
arrival,51
powder,51
thread,51
ensure,51
extend,51
lower,51
restrict,51
setting,51
significant,51
virtual,51
wrap,51
haircut,50
punctual,50
graph,50
sixty,50
eighty,50
reception,50
dip,50
funeral,50
pineapple,50
overcoat,50
underwear,50
possibility,50
tease,50
broom,50
chopsticks,50
container,50
pine,50
electrical,50
highway,50
muddy,50
pavement,50
accelerate,50
swift,50
pulse,50
allergic,50
cheque,50
lorry,50
hardship,50
swear,50
Arctic,50
troublesome,50
perfume,50
contradict,50
identification,50
clue,50
yell,50
adore,50
thunderstorm,50
conscience,50
sadness,50
radium,50
vague,50
strait,50
secondary,50
terrify,50
issue,50
premier,50
catalogue,50
spelling,50
loaf,50
sb.'s,50
equator,50
habitat,50
sleeve,50
beast,50
capable,50
concerned,50
impact,50
addict,50
complicated,50
element,50
engage,50
household,50
loan,50
motivate,50
passion,50
peak,50
philosophy,50
shift,50
surgery,50
threat,50
forgetful,49
dash,49
signature,49
fourteen,49
eighteen,49
civilization,49
ox,49
restriction,49
clumsy,49
rag,49
toothbrush,49
toothpaste,49
rail,49
partly,49
preview,49
sword,49
cyclist,49
circulate,49
approval,49
feast,49
tyre,49
deliberately,49
violate,49
sacred,49
cassette,49
Easter,49
distinction,49
arithmetic,49
yummy,49
backward,49
yawn,49
embassy,49
gap,49
math,49
villager,49
centimeter,49
keen,49
lid,49
blog,49
campus,49
contract,49
despite,49
enable,49
era,49
fund,49
greenhouse,49
hike,49
laptop,49
launch,49
lunar,49
muscle,49
quote,49
revise,49
code,49
stubborn,48
properly,48
caution,48
mountainous,48
curriculum,48
sharpen,48
seventy,48
judgement,48
overhead,48
growth,48
leisure,48
allocate,48
rooster,48
tortoise,48
conservative,48
hook,48
suck,48
bachelor,48
pedestrian,48
absolute,48
examination,48
pension,48
ferry,48
motorcycle,48
rot,48
Antarctic,48
weakness,48
eggplant,48
controversial,48
supreme,48
agricultural,48
quilt,48
option,48
optional,48
explicit,48
athletic,48
romantic,48
authentic,48
lame,48
handy,48
scar,48
businessman,48
carpenter,48
cleaner,48
hunter,48
typewriter,48
outing,48
disc,48
shortly,48
dictation,48
balcony,48
can't,48
fifth,48
poisonous,48
postage,48
accuracy,48
darkness,48
millimetre,48
assign,48
context,48
economic,48
enhance,48
enormous,48
estimate,48
grab,48
interpret,48
journal,48
motion,48
objective,48
property,48
arbitrary,47
drawback,47
endless,47
wag,47
gay,47
mainland,47
historical,47
melon,47
fluency,47
bacterium,47
hopeful,47
dustbin,47
spray,47
attraction,47
maid,47
devotion,47
seminar,47
revision,47
turning,47
requirement,47
corrupt,47
unbearable,47
accessible,47
prince,47
pessimistic,47
tiresome,47
ad,47
imply,47
sample,47
tasty,47
bent,47
suffering,47
crowded,47
challenging,47
communism,47
ministry,47
questionnaire,47
theoretical,47
prescription,47
has,47
junk,47
prisoner,47
troop,47
tourism,47
cosy,47
county,47
efficient,47
frank,47
generate,47
joint,47
mission,47
qualify,47
remarkable,47
restore,47
shortage,47
stuff,47
tone,47
vision,47
weapon,47
confidential,46
inn,46
porter,46
birthplace,46
pest,46
self,46
chant,46
cushion,46
zipper,46
sob,46
acute,46
cab,46
betray,46
sceptical,46
economy,46
acquaintance,46
unwilling,46
settlement,46
acre,46
claw,46
tin,46
federal,46
boycott,46
appreciation,46
typist,46
abrupt,46
framework,46
skyscraper,46
ninth,46
yogurt,46
polar,46
chase,46
favor,46
punishment,46
messy,46
got,46
organisation,46
collapse,46
comic,46
depress,46
encounter,46
estate,46
ideal,46
illustrate,46
influential,46
military,46
mount,46
multiple,46
opponent,46
overall,46
prior,46
slightly,46
stimulate,46
substance,46
warning,46
sixteen,45
abolish,45
acquisition,45
encouragement,45
booth,45
barely,45
fortnight,45
burglar,45
disagreement,45
P.E.,45
suspension,45
spade,45
centigrade,45
marble,45
ambiguous,45
rectangle,45
vertical,45
equality,45
socialism,45
recorder,45
assessment,45
finding,45
interpreter,45
steward,45
gallon,45
surplus,45
Ms,45
Good,45
apologise,45
shopkeeper,45
immigration,45
postcode,45
foreigner,45
distinct,45
drought,45
elderly,45
justify,45
minor,45
prospect,45
protest,45
resident,45
resolve,45
threaten,45
visible,45
genuine,44
bravery,44
reservation,44
starvation,44
unfortunate,44
mop,44
passer-by,44
zoom,44
absolutely,44
caption,44
anchor,44
minibus,44
changeable,44
rebuild,44
nationwide,44
spokesman,44
outward,44
numb,44
choir,44
uncertain,44
badly,44
grill,44
sickness,44
housewife,44
saleswoman,44
lounge,44
warehouse,44
children,44
eighth,44
fourth,44
What,44
prime,44
criticize,44
cafe,44
bathtub,44
crisis,44
critical,44
decent,44
detect,44
dominate,44
highlight,44
identical,44
innovation,44
intense,44
limited,44
luxury,44
pose,44
proof,44
proposal,44
sufficient,44
territory,44
correction,43
seventeen,43
lemonade,43
assistance,43
systematic,43
storage,43
personally,43
enquiry,43
wax,43
ample,43
personnel,43
stain,43
unemployment,43
freeway,43
chip,43
modem,43
historic,43
admirable,43
Christian,43
frequently,43
granny,43
airmail,43
receiver,43
ripen,43
wooden,43
referee,43
classical,43
paperwork,43
overweight,43
appendix,43
moustache,43
salute,43
UK,43
overnight,43
What's,43
mailbox,43
schoolmate,43
curd,43
recognition,43
highly,43
definitely,43
discipline,43
dramatic,43
emerge,43
incredible,43
inner,43
input,43
leadership,43
membership,43
nevertheless,43
odd,43
pursue,43
volume,43
quake,42
carrier,42
catastrophe,42
ownership,42
sparrow,42
spiritual,42
locate,42
apron,42
consensus,42
settler,42
sniff,42
scared,42
swap,42
botany,42
adjustment,42
rainfall,42
sideways,42
thirst,42
tentative,42
brunch,42
shabby,42
greengrocer,42
grocer,42
translation,42
ice-cream,42
chopstick,42
transportation,42
whichever,42
mat,42
hearing,42
consumption,42
demonstrate,42
domestic,42
expansion,42
humble,42
infection,42
insight,42
internal,42
logical,42
massive,42
monthly,42
organic,42
priority,42
proceed,42
protein,42
pudding,42
exploit,42
outspoken,41
user,41
calorie,41
punctuation,41
anecdote,41
garment,41
entirely,41
adolescence,41
widow,41
sneaker,41
roundabout,41
howl,41
BC,41
spear,41
tram,41
legend,41
Indian,41
collision,41
had,41
biochemistry,41
trolleybus,41
cube,41
motherland,41
mistaken,41
statesman,41
translator,41
France,41
twelfth,41
simply,41
slavery,41
AD,41
litre,41
sharpener,41
ambitious,41
boost,41
client,41
council,41
elsewhere,41
fortunately,41
suspend,41
immediate,41
merciful,40
radioactive,40
suite,40
abortion,40
effective,40
fairly,40
alcoholic,40
holy,40
fishing,40
conscious,40
bake,40
suddenly,40
irrigation,40
oval,40
semicircle,40
offshore,40
armchair,40
belly,40
labor,40
generally,40
temper,40
anticipate,40
capacity,40
cease,40
column,40
crucial,40
definition,40
emphasis,40
entitle,40
episode,40
flavour,40
guideline,40
saving,40
variation,40
giant,40
drown,40
retell,39
thriller,39
horror,39
entertain,39
seagull,39
razor,39
mall,39
alley,39
paddle,39
disgusting,39
seaweed,39
fragrant,39
quickly,39
oilfield,39
rewind,39
cocoa,39
bureaucratic,39
fingernail,39
socket,39
you?,39
fame,39
bin,39
upwards,39
stainless,39
prayer,39
smoker,39
spite,39
comprehensive,39
core,39
criticise,39
election,39
exposure,39
external,39
hence,39
interaction,39
kit,39
mode,39
motive,39
substantial,39
lean,39
parade,39
stout,38
coke,38
separation,38
AIDS,38
taxpayer,38
jeep,38
Buddhism,38
British,38
disturbing,38
unrest,38
furnished,38
latest,38
tasteless,38
easily,38
loudly,38
brewery,38
videophone,38
spoonful,38
lifetime,38
married,38
shell,38
outdoor,38
gray,38
skillful,38
frequency,38
westwards,38
seashell,38
behavior,38
cite,38
comprise,38
confused,38
distribution,38
duration,38
extinction,38
harmonious,38
investment,38
mechanic,38
panel,38
perceive,38
profile,38
somewhat,38
stability,38
sustain,38
despair,38
evolve,38
propose,38
I'm,38
DVD,37
infect,37
drawing,37
gene,37
satisfied,37
breathless,37
cheers,37
Australian,37
Canadian,37
yourselves,37
barbershop,37
headmistress,37
salesgirl,37
stewardess,37
shaver,37
statistics,37
pint,37
dialog,37
Japan,37
sixth,37
competitor,37
lately,37
inspiration,37
traveller,37
understanding,37
sauce,37
dirt,37
okay,37
celebrity,37
coverage,37
exceptional,37
housing,37
initiative,37
integrate,37
integrity,37
obviously,37
resistance,37
tackle,37
necessity,37
poverty,37
pizza,37
hard-working,36
unconditional,36
franc,36
bucket,36
German,36
algebra,36
cubic,36
gymnasium,36
tragedy,36
regulate,36
unfit,36
chairwoman,36
foster,36
Britain,36
Germany,36
twentieth,36
hey,36
known,36
Great,36
trash,36
analyze,36
jewellery,36
airspace,36
compact,36
related,36
relieve,36
civilisation,36
Confucius,36
fabric,36
facilitate,36
literally,36
phase,36
respective,36
loyal,36
invest,36
fairy,35
vitamin,35
National,35
skilful,35
mustard,35
upward,35
walnut,35
bungalow,35
England,35
seventh,35
neighborhood,35
singer,35
monster,35
mysterious,35
unfortunately,35
schoolboy,35
apparently,35
gender,35
inspection,35
precisely,35
define,35
horizon,35
perspective,35
scale,35
depart,35
inquire,35
sunburnt,34
woollen,34
exhibit,34
bishop,34
customs,34
friends,34
scary,34
tofu,34
widely,34
The,34
offend,34
outwards,34
calligraphy,34
corporate,34
subsequent,34
ultimately,34
charm,34
imitate,34
ingredient,34
tunnel,34
workshop,34
leap,34
manual,34
nerve,34
pants,34
spacecraft,34
bingo,33
imagination,33
heal,33
humor,33
traveler,33
sidewalk,33
Catholic,33
Oceania,33
India,33
alien,33
harbor,33
VCD,33
alert,33
domain,33
intervention,33
rating,33
venue,33
advanced,33
breeze,33
evil,33
jewel,33
orchestra,33
logic,33
numerous,33
china,33
unexpected,32
probable,32
talented,32
bedding,32
consumer,32
tenth,32
oven,32
sore,32
bulb,32
elementary,32
afterward,32
Wi-Fi,32
curiosity,32
mutual,32
transfer,32
went,32
liberate,32
judgment,32
layer,32
excitement,31
roar,31
cucumber,31
done,31
aluminium,31
recording,31
Olympics,31
United,31
documentary,31
longer,31
homeless,31
semester,31
grant,31
determination,31
pm,31
millimeter,31
adorable,31
consultation,31
blossom,31
compound,31
edit,31
grave,31
rhythm,31
amazed,31
dim,31
melt,31
sunrise,31
destruction,31
peer,30
popularity,30
Japanese,30
South,30
spoil,30
furnish,30
fiber,30
schoolgirl,30
forth,30
Confucianism,30
craft,30
deadly,30
definite,30
employee,30
employer,30
invisible,30
disorder,30
inventor,30
furthermore,30
empire,30
capture,30
dissolve,30
nonsense,30
sports,29
thermos,29
mommy,29
Russia,29
women,29
ghost,29
fascinating,29
uneasy,29
elbow,29
elevator,29
telegraph,29
sunset,29
words,29
café,29
assemble,29
assure,29
breed,29
commerce,29
considerable,29
fossil,29
ladder,29
neglect,29
proportion,29
reflection,29
undo,29
conquer,29
crack,29
dine,29
interact,29
manufacture,29
tender,29
tide,29
impressive,29
industrial,28
stem,28
surroundings,28
Russian,28
Thanksgiving,28
hint,28
slogan,28
lots,28
P.M.,28
prediction,28
surprised,28
halfway,28
chore,28
stock,28
persist,28
directly,28
enthusiasm,28
exclude,28
gratitude,28
honesty,28
lane,28
statistic,28
weave,28
peasant,28
intellectual,28
undergo,28
venture,28
hardworking,28
whoever,27
presence,27
Museum,27
cope,27
let's,27
A.M.,27
spider,27
stuck,27
teenage,27
upside,27
seriously,27
lifestyle,27
Moslem,27
pence,27
sake,27
what's,27
sometime,27
westward,27
arouse,27
bump,27
collective,27
defense,27
cart,27
rub,27
skeptical,27
appliance,27
cable,27
exhaust,27
organism,27
principal,27
reverse,27
stir,27
immigrant,27
observation,27
well-known,27
waiting,26
unhealthy,26
jewelry,26
princess,26
clearly,26
including,26
telegram,26
bookcase,26
chimney,26
mice,26
pierce,26
man-made,26
Christ,26
yield,26
spokeswoman,26
additional,26
await,26
bloom,26
cultural,26
dominant,26
enrich,26
fate,26
following,26
footstep,26
jealous,26
mayor,26
renew,26
critic,26
gramme,26
frozen,26
cultivate,26
dialect,26
faint,26
fascinate,26
frame,26
heritage,26
horn,26
magnificent,26
margin,26
miserable,26
naughty,26
pave,26
spill,26
stroke,26
transmit,26
ultimate,26
portrait,26
emotional,26
was,26
transplant,25
thoughtful,25
competitive,25
graceful,25
completely,25
carefully,25
announcement,25
immune,25
ambassadress,25
businesswoman,25
does,25
bookstore,25
teen,25
teammate,25
backpack,25
River,25
chop,25
unhappy,25
heroine,25
leading,25
liter,25
woolen,25
times,25
terms,25
meantime,25
kilogramme,25
acceptable,25
alter,25
bold,25
cliff,25
combination,25
cooperation,25
disgust,25
employment,25
mate,25
mere,25
mislead,25
palm,25
reunite,25
whip,25
extinct,25
deliberate,25
bore,25
bubble,25
feedback,25
grief,25
interfere,25
masterpiece,25
scheme,25
toe,25
applause,25
waterfall,25
happily,25
penguin,25
earnest,24
artistic,24
memorize,24
environmental,24
embarrassing,24
impatient,24
kung,24
fu,24
likewise,24
leaves,24
glasses,24
luckily,24
ecosystem,24
calculator,24
colourful,24
inferior,24
gaze,24
No.,24
enquire,24
landslide,24
combat,24
disapprove,24
economical,24
eliminate,24
flock,24
portion,24
sting,24
vapour,24
unknown,24
explosion,24
photography,24
angel,24
boast,24
competent,24
convert,24
deceive,24
distract,24
ethnic,24
farewell,24
hut,24
ignorant,24
miracle,24
outbreak,24
outlook,24
pearl,24
sincere,24
trail,24
tremendous,24
participant,24
tolerant,24
tropical,24
weaken,24
composer,24
you.,24
took,24
cherry,23
Palace,23
qualified,23
teeth,23
US,23
yeah,23
snowman,23
normally,23
impolite,23
Mars,23
heavily,23
cola,23
based,23
disguise,23
flavor,23
curve,23
decay,23
donation,23
fable,23
invade,23
resume,23
satisfactory,23
catalog,23
grace,23
bind,23
bang,23
compute,23
crawl,23
exceed,23
immense,23
mammal,23
marine,23
microphone,23
moderate,23
pat,23
slope,23
torch,23
tuition,23
van,23
waterproof,23
wreck,23
imaginary,23
determined,23
regularly,23
exhausted,23
sensible,23
sunglasses,23
easy-going,22
creativity,22
speaking,22
slowly,22
roller,22
cozy,22
fertile,22
selection,22
Sydney,22
pigeon,22
men,22
Here,22
koala,22
World,22
Wall,22
verb,22
indoors,22
possibly,22
underwater,22
rarely,22
sequence,22
attribute,22
connected,22
dependent,22
turns,22
glimpse,22
eyes,22
confusion,22
delivery,22
gear,22
herd,22
inherit,22
knot,22
rebel,22
recovery,22
sympathetic,22
writing,22
misfortune,22
overtake,22
revolve,22
accommodate,22
disappointment,22
app,22
brass,22
clown,22
crush,22
daylight,22
defect,22
embrace,22
endanger,22
fake,22
fatal,22
fireman,22
formula,22
hostile,22
invaluable,22
lawn,22
obstacle,22
omit,22
reluctant,22
resort,22
strain,22
strip,22
underneath,22
up-to-date,22
criticism,22
expedition,22
rainforest,22
similarity,22
learned,22
firefighter,22
explorer,22
championship,22
assignment,22
bookshop,22
skating,22
saw,22
were,22
knowledgeable,21
congress,21
anymore,21
annoyed,21
particularly,21
totally,21
Greek,21
accustom,21
exception,21
educational,21
stateswoman,21
heap,21
You're,21
wow,21
blond,21
Italy,21
frustrate,21
disappointing,21
mistress,21
P.C.,21
bug,21
bullet,21
corridor,21
depression,21
drift,21
endurance,21
install,21
management,21
productive,21
sailing,21
privacy,21
plough,21
boating,21
indoor,21
bacteria,21
bankrupt,21
banquet,21
cashier,21
commission,21
crane,21
creep,21
crown,21
dumb,21
flourish,21
fulfil,21
migrate,21
naked,21
neutral,21
penalty,21
regarding,21
retreat,21
scarce,21
script,21
stripe,21
trace,21
uncover,21
emphasize,21
magical,21
pesticide,21
designer,21
confusing,21
puzzled,21
glorious,21
coral,21
humanity,21
informal,21
did,21
Lake,21
ate,21
Italian,20
trainer,20
burnt,20
won,20
terrorist,20
involved,20
hands,20
years,20
improvement,20
intimate,20
lag,20
obligation,20
smelly,20
specialize,20
stiff,20
vanish,20
breakdown,20
generosity,20
discriminate,20
bull,20
diagnose,20
endure,20
exclaim,20
forum,20
germ,20
hardware,20
illusion,20
pirate,20
reinforce,20
repay,20
ribbon,20
scent,20
thumb,20
trademark,20
utter,20
inject,20
pedal,20
relativity,20
revolutionary,20
subtle,20
complaint,20
explosive,20
fashionable,20
offensive,20
reuse,20
It,20
running,19
PC,19
biologist,19
tribe,19
disable,19
researcher,19
Happy,19
moving,19
Mexico,19
napkin,19
quietly,19
caught,19
daytime,19
Ocean,19
endangered,19
unpleasant,19
gum,19
best-seller,19
worthless,19
absorbed,19
dying,19
located,19
descend,19
reckon,19
Dr,19
grandparents,19
blend,19
broaden,19
clause,19
cowboy,19
darling,19
delightful,19
establishment,19
fertilizer,19
fragment,19
fruitful,19
nightmare,19
skilled,19
particle,19
midday,19
equivalent,19
orderly,19
devise,19
inquiry,19
fright,19
frightening,19
comrade,19
beam,19
cement,19
couch,19
dispose,19
dump,19
exterior,19
fireplace,19
glow,19
insult,19
lily,19
modify,19
peanut,19
pitch,19
radar,19
smartphone,19
supplement,19
thereby,19
vessel,19
wagon,19
frown,19
frustration,19
infectious,19
inhabitant,19
memorable,19
psychologist,19
registration,19
skim,19
constantly,19
mainly,19
continuous,19
runner,19
faulty,19
correspondence,19
mechanical,19
sadly,19
technician,19
games,19
noodles,19
faithful,18
amusing,18
gently,18
reader,18
shoes,18
Spanish,18
Pole,18
stepmother,18
Mid-Autumn,18
seafood,18
terribly,18
given,18
dressed,18
politely,18
accidental,18
Park,18
icy,18
keeper,18
specially,18
tag,18
aluminum,18
PM,18
opposed,18
sooner,18
granted,18
farther,18
approximate,18
chill,18
concentration,18
consent,18
cue,18
devil,18
increasingly,18
isolate,18
necessarily,18
occasional,18
payment,18
recommendation,18
repetition,18
revenue,18
storey,18
rewarding,18
diversity,18
awe,18
guilt,18
chin,18
clarity,18
clip,18
curse,18
deck,18
diligent,18
echo,18
exaggerate,18
fulfill,18
gang,18
goodness,18
gossip,18
harsh,18
hollow,18
inevitable,18
irrigate,18
laser,18
liberal,18
lick,18
nasty,18
pad,18
profound,18
rumour,18
sector,18
slap,18
span,18
unemployed,18
weird,18
brighten,18
cruelty,18
enclose,18
eruption,18
leaflet,18
manuscript,18
migration,18
producer,18
psychological,18
savage,18
solo,18
spectacular,18
workplace,18
emission,18
exploration,18
misty,18
width,18
hiking,18
nutrient,18
sustainable,18
wireless,18
photos,18
It's,18
International,17
readily,17
learning,17
knit,17
myth,17
awareness,17
Halloween,17
Children's,17
basically,17
landmark,17
relaxing,17
lifelong,17
Switzerland,17
relaxed,17
Brazil,17
reusable,17
chips,17
rewrite,17
certainty,17
chamber,17
circular,17
confess,17
helpless,17
journalism,17
reduction,17
scrape,17
textile,17
undoubtedly,17
comprehend,17
convention,17
offense,17
footprint,17
mathematical,17
ongoing,17
sideway,17
dorm,17
enrol,17
famine,17
fleet,17
immigrate,17
implement,17
mug,17
namely,17
nourish,17
optimism,17
orphan,17
persevere,17
prominent,17
rational,17
reproduce,17
romance,17
shrug,17
supervise,17
terrific,17
torture,17
cemetery,17
commander,17
extensive,17
fitness,17
glacier,17
revive,17
tornado,17
mummy,17
printer,17
hesitation,17
comparable,17
currently,17
versatile,17
messenger,17
O.K.,17
Egypt,17
charming,16
fireworks,16
hopefully,16
promising,16
deeply,16
hell,16
Mother's,16
cutting,16
meaningful,16
listener,16
admiration,16
aviation,16
repeatedly,16
cannot,16
curly,16
goddess,16
saint,16
policemen,16
spaghetti,16
kinds,16
thousands,16
attendant,16
conjunction,16
dedicate,16
belongings,16
briefcase,16
bud,16
colony,16
counsel,16
creation,16
dense,16
engineering,16
formation,16
liar,16
marsh,16
naturally,16
parliament,16
scatter,16
striking,16
summarize,16
viewpoint,16
wicked,16
united,16
classification,16
downward,16
technological,16
accordingly,16
bulletin,16
cabin,16
coherent,16
complicate,16
confront,16
copyright,16
curl,16
dairy,16
dove,16
eyebrow,16
freshman,16
impulse,16
landlord,16
motorway,16
notion,16
proverb,16
ratio,16
rod,16
sack,16
suspicion,16
thrive,16
usage,16
whereas,16
worship,16
booklet,16
instructor,16
relic,16
suicide,16
symbolic,16
compassion,16
imaginative,16
committed,16
promotion,16
beggar,16
embarrassment,16
agreeable,16
antelope,16
bun,16
chick,16
comparative,16
emphasise,16
innocence,16
printing,16
someday,16
calf,15
practically,15
spicy,15
unify,15
Tom,15
are.,15
USA,15
mooncake,15
disbelief,15
workday,15
beautifully,15
meaningless,15
fell,15
Ben,15
casually,15
spotlight,15
shampoo,15
escalator,15
singular,15
shiny,15
geese,15
mister,15
devoted,15
supposed,15
dozens,15
closely,15
VR,15
accord,15
beloved,15
compel,15
doubtful,15
favourable,15
implicit,15
impose,15
kneel,15
respectively,15
specialise,15
widen,15
yearly,15
motorbike,15
blast,15
extinguish,15
disobey,15
eastward,15
aeroplane,15
audio,15
blade,15
came,15
cruise,15
crystal,15
delegate,15
discharge,15
enlighten,15
fluid,15
fraction,15
harness,15
imperial,15
inhabit,15
innovate,15
interior,15
intermediate,15
mould,15
overwhelm,15
password,15
plural,15
rival,15
second-hand,15
sheer,15
shiver,15
surrender,15
tame,15
vigour,15
wilderness,15
wit,15
youngster,15
carnival,15
childish,15
erosion,15
hybrid,15
iceberg,15
locker,15
marvellous,15
nickname,15
parachute,15
revenge,15
survivor,15
vet,15
demanding,15
doorway,15
evaluation,15
firmly,15
originate,15
retirement,15
unfold,15
working,15
decisive,15
leftover,15
ignorance,15
refusal,15
robbery,15
firecracker,15
aggression,15
consequently,15
efficiency,15
extract,15
illustration,15
metaphor,15
objection,15
ouch,15
pumpkin,15
rapidly,15
Roman,15
sportsman,15
tempt,15
washing,15
Spring,15
brought,15
it's,15
skiing,14
teaching,14
civilize,14
donor,14
refreshment,14
remains,14
disappearance,14
founder,14
Antarctica,14
adjustable,14
yoga,14
nutritious,14
welcome.,14
hallway,14
Dragon,14
Boat,14
blonde,14
scoop,14
James,14
historian,14
burial,14
fin,14
trader,14
broke,14
magician,14
unlucky,14
girlfriend,14
schoolwork,14
hundreds,14
peel,14
secondly,14
shocked,14
West,14
cm,14
turtle,14
amazement,14
Dr.,14
acquaint,14
auto,14
handbook,14
haste,14
interpretation,14
lover,14
measurement,14
opposition,14
resistant,14
solemn,14
treaty,14
triumph,14
forwards,14
electron,14
flexibility,14
memorise,14
satisfying,14
controversy,14
tiring,14
joyful,14
colorful,14
harmless,14
amid,14
backyard,14
barrel,14
cabinet,14
coarse,14
coward,14
crocodile,14
democracy,14
diplomat,14
dispute,14
distress,14
dock,14
drain,14
entrepreneur,14
erase,14
excursion,14
fatigue,14
feasible,14
hospitable,14
infant,14
inland,14
intact,14
irregular,14
lavatory,14
liver,14
lord,14
make-up,14
orient,14
preliminary,14
retain,14
rumor,14
sin,14
sophisticated,14
spark,14
steer,14
strive,14
thermometer,14
underestimate,14
upright,14
vulnerable,14
agony,14
compliment,14
corruption,14
crisp,14
diplomacy,14
encyclopedia,14
fascination,14
linguist,14
persuasion,14
probe,14
quest,14
rap,14
snap,14
tricky,14
verbal,14
volcanic,14
wrestling,14
camping,14
interruption,14
potentially,14
risky,14
surprising,14
transition,14
wheelchair,14
aged,14
advertising,14
slippery,14
shorten,14
astonishment,14
bronze,14
Buddhist,14
closet,14
cooking,14
hockey,14
invasion,14
madame,14
occasionally,14
progressive,14
prosperous,14
publication,14
relaxation,14
swan,14
unity,14
vegetarian,14
conditioner,14
hop,14
temptation,14
Tower,14
City,14
bought,14
Big,14
goes,14
warm-hearted,13
annoyance,13
unimportant,13
smoking,13
roughly,13
notes,13
dancing,13
Santa,13
York,13
Toronto,13
subtract,13
artwork,13
drugstore,13
bookshelf,13
knives,13
UFO,13
you!,13
ivory,13
differently,13
Kingdom,13
pal,13
restroom,13
happening,13
burning,13
Zealand,13
lastly,13
gave,13
pronoun,13
guidebook,13
unfamiliar,13
autograph,13
adverb,13
specifically,13
eleventh,13
impressed,13
owing,13
appealing,13
cock,13
desktop,13
gamble,13
genetic,13
heroic,13
juicy,13
largely,13
layout,13
productivity,13
reservoir,13
reunion,13
senator,13
submerge,13
vapor,13
viewer,13
kidnap,13
submission,13
lighten,13
situate,13
digit,13
AM,13
Bible,13
bureau,13
cherish,13
condense,13
donkey,13
drip,13
durable,13
dye,13
enroll,13
hay,13
headquarters,13
indifferent,13
induce,13
instinct,13
mortgage,13
overthrow,13
paw,13
plunge,13
priest,13
prose,13
senate,13
surname,13
sway,13
thanksgiving,13
therapy,13
toll,13
toss,13
transaction,13
tray,13
undergraduate,13
upgrade,13
continental,13
criteria,13
galaxy,13
imitation,13
narrator,13
preservation,13
sculptor,13
submarine,13
weary,13
accomplishment,13
astonished,13
climbing,13
selective,13
stressed,13
grown-up,13
interviewer,13
unearth,13
inequality,13
honourable,13
affordable,13
attentive,13
dancer,13
destructive,13
executive,13
frankly,13
incredibly,13
injection,13
machinery,13
misery,13
occurrence,13
patriotic,13
perseverance,13
philosopher,13
presently,13
prevention,13
prosperity,13
steadily,13
tightly,13
tsunami,13
unlikely,13
verse,13
compress,13
Scotland,13
fed,13
Ireland,13
Nice,13
socks,13
greatly,12
hotdog,12
moonlight,12
moist,12
Moscow,12
overhear,12
John,12
Can,12
Peter,12
weekends,12
Thailand,12
States,12
caring,12
Square,12
threw,12
fairness,12
maker,12
accessory,12
daddy,12
tomatoes,12
engaged,12
occupied,12
cleaning,12
don't,12
ruins,12
millions,12
rip,12
gone,12
declaration,12
gardener,12
opener,12
summarise,12
spirits,12
ways,12
conserve,12
right-handed,12
farthest,12
champagne,12
dependence,12
expend,12
countless,12
immoral,12
inward,12
eastwards,12
fearful,12
hilly,12
holder,12
conditioning,12
cane,12
paste,12
badge,12
bully,12
cargo,12
coordinate,12
dental,12
dictate,12
discard,12
economics,12
enforce,12
expertise,12
gadget,12
gown,12
grip,12
heading,12
index,12
initiate,12
intake,12
intensive,12
jail,12
jury,12
lens,12
limb,12
nap,12
oblige,12
peculiar,12
preposition,12
provided,12
raid,12
reap,12
restrain,12
retail,12
sip,12
soda,12
sparkle,12
splash,12
staple,12
summit,12
token,12
well-being,12
workout,12
assembly,12
coastal,12
disposal,12
electrician,12
epidemic,12
factual,12
gracious,12
magnetic,12
observatory,12
plantation,12
plateau,12
refund,12
syllable,12
Coke,12
waiting-room,12
auction,12
calculation,12
equally,12
governor,12
manners,12
originally,12
perfectly,12
respectful,12
safely,12
skinny,12
swollen,12
swam,12
costly,12
fixture,12
rider,12
vitality,12
instantly,12
earnings,12
terrified,12
acceptance,12
addiction,12
automation,12
automobile,12
completion,12
desirable,12
engagement,12
investigation,12
jogging,12
leopard,12
loyalty,12
malaria,12
mansion,12
martial,12
peacock,12
physiology,12
prairie,12
residence,12
surfing,12
swimmer,12
varied,12
willingness,12
elaborate,12
AI,12
Egyptian,12
said,12
storybook,12
isn't,12
Norman,12
Nobel,12
Prize,12
pictures,12
Thank,12
world-famous,11
inexpensive,11
gardening,11
Tibetan,11
North,11
primarily,11
plentiful,11
athletics,11
internet,11
dishes,11
rules,11
wisely,11
boarding,11
San,11
Francisco,11
banker,11
oversleep,11
chose,11
became,11
gravy,11
matter?,11
meant,11
fallen,11
Island,11
Science,11
Army,11
Singapore,11
fifteenth,11
eighteenth,11
loving,11
unfriendly,11
willingly,11
mm,11
accordance,11
jokes,11
B.C.,11
Thermos,11
bundle,11
contradiction,11
defensive,11
excellence,11
favorable,11
logo,11
similarly,11
constitute,11
prescribe,11
workforce,11
zoology,11
incidence,11
signify,11
confirmation,11
photographic,11
lace,11
ally,11
blueprint,11
browse,11
cereal,11
cling,11
collaborate,11
commodity,11
conceal,11
confine,11
editorial,11
eternal,11
filter,11
gasoline,11
geology,11
gross,11
hip,11
invalid,11
negate,11
norm,11
noun,11
pastime,11
prompt,11
provoke,11
radical,11
scandal,11
smash,11
soak,11
soar,11
specimen,11
sphere,11
superficial,11
teller,11
upload,11
warrior,11
aquarium,11
autonomy,11
bilingual,11
canoe,11
convict,11
legendary,11
limp,11
melody,11
murmur,11
navigation,11
obsess,11
partial,11
prolong,11
realist,11
spice,11
trench,11
wardrobe,11
withdrawal,11
adviser,11
attendance,11
blessing,11
closing,11
lengthen,11
newcomer,11
physically,11
publisher,11
sensor,11
supervision,11
transformation,11
vegetation,11
push-up,11
informative,11
sensory,11
getaway,11
bloody,11
profitable,11
adventurous,11
straighten,11
removal,11
participation,11
rejection,11
honorable,11
wrote,11
terrifying,11
ah,11
appreciative,11
blues,11
capability,11
concerning,11
convinced,11
correspondent,11
deduce,11
depressed,11
descendant,11
enjoyment,11
eventual,11
faithfully,11
frustrated,11
fried,11
homesick,11
intensity,11
kebab,11
limitation,11
marvelous,11
mentally,11
milestone,11
notable,11
olive,11
passionate,11
penicillin,11
playmate,11
robe,11
trainee,11
suspicious,11
puppy,11
secondhand,11
sociable,11
spectator,11
stationery,11
bookmark,11
continual,11
drank,11
exercises,11
Greece,11
People's,11
University,11
flowers,11
sang,11
No,11
she's,11
shooting,10
ape,10
programmer,10
relatively,10
unnecessary,10
backache,10
flying,10
annoying,10
Father's,10
Hong,10
Middle,10
Ottawa,10
Tibet,10
kindly,10
adventurer,10
Bob,10
NBA,10
Jack,10
Jane,10
Smith,10
burger,10
birthday!,10
See,10
Thomas,10
earring,10
lyrics,10
superhero,10
Marie,10
burned,10
believable,10
sent,10
Sea,10
built,10
climber,10
rainstorm,10
stepsister,10
Amazon,10
Disneyland,10
truthful,10
fourteenth,10
slipper,10
Paris,10
nineteenth,10
associated,10
blessed,10
filled,10
A.D.,10
crude,10
experimental,10
refugee,10
tedious,10
administer,10
faraway,10
furthest,10
developing,10
Muslim,10
literal,10
cellar,10
hawk,10
aptitude,10
attorney,10
blur,10
bolt,10
brow,10
cardboard,10
clash,10
climax,10
commonplace,10
commute,10
crab,10
diameter,10
disrupt,10
emit,10
excess,10
fingerprint,10
grin,10
gulf,10
hinder,10
incline,10
insane,10
lump,10
magnet,10
mill,10
nuisance,10
old-fashioned,10
outlet,10
outskirts,10
overtime,10
pillar,10
pit,10
prevail,10
punch,10
quota,10
rear,10
recession,10
remedy,10
scope,10
segment,10
shrimp,10
sole,10
stack,10
stride,10
vacuum,10
vocation,10
whilst,10
befriend,10
craftsman,10
destiny,10
loop,10
mythology,10
navigator,10
obesity,10
prehistoric,10
protective,10
rust,10
whirlpool,10
backstage,10
battlefield,10
closed,10
contagious,10
deepen,10
eligible,10
fixed,10
injured,10
timely,10
waterway,10
written,10
inspiring,10
remaining,10
senseless,10
hide-and-seek,10
replacement,10
thinker,10
rode,10
retired,10
gathering,10
convincing,10
respectable,10
inspector,10
sticky,10
potatoes,10
announcer,10
anonymous,10
archaeologist,10
atomic,10
autobiography,10
awaken,10
barren,10
BCE,10
Common,10
Era,10
binoculars,10
boyhood,10
correctly,10
disgrace,10
distinguished,10
dramatically,10
eagerness,10
equation,10
gunpowder,10
headset,10
hillside,10
implication,10
independently,10
intervene,10
jade,10
long-term,10
magnitude,10
mouthful,10
nonverbal,10
perfection,10
preferable,10
raft,10
reef,10
renewable,10
rhino,10
separately,10
sexual,10
sorghum,10
stall,10
stressful,10
chi,10
trait,10
unforgettable,10
vaccine,10
vibrate,10
good-bye,10
pursuit,10
cathedral,10
hibernate,10
hoop,10
literacy,10
naval,10
rotten,10
tolerance,10
variable,10
purify,10
Spain,10
Bridge,10
Jewish,10
felt,10
ran,10
he's,10
riding,9
industrialize,9
helper,9
hacker,9
Swiss,9
automatically,9
Year's,9
bedtime,9
Kong,9
softball,9
seller,9
Frank,9
Helen,9
Paul,9
David,9
grew,9
woke,9
Korea,9
rang,9
crispy,9
Basketball,9
Association,9
Picasso,9
Norway,9
Malaysia,9
comfortably,9
hung,9
Robert,9
risks,9
understood,9
Little,9
thirteenth,9
seventeenth,9
thirtieth,9
lighting,9
Jew,9
comma,9
hum,9
sixteenth,9
Before,9
wolves,9
twenty-first,9
pieces,9
rags,9
ends,9
Jeep,9
loosen,9
notify,9
quotation,9
rouse,9
skeleton,9
that's,9
courageous,9
left-handed,9
overdo,9
kind-hearted,9
developed,9
hostel,9
Christianity,9
dome,9
snowball,9
citizenship,9
quantify,9
shameful,9
seaman,9
bystander,9
charter,9
commence,9
cop,9
copper,9
counterpart,9
damn,9
deprive,9
derive,9
dew,9
disco,9
ditch,9
erect,9
excel,9
exert,9
expel,9
faculty,9
federation,9
fluctuate,9
heartfelt,9
heir,9
honeymoon,9
infinite,9
lease,9
lest,9
lobby,9
memorandum,9
merit,9
motel,9
ounce,9
patch,9
precaution,9
proclaim,9
rack,9
realm,9
refine,9
resent,9
screw,9
setback,9
sketch,9
slender,9
so-called,9
specify,9
speculate,9
startle,9
thrust,9
trigger,9
versus,9
vigor,9
addictive,9
billboard,9
comet,9
disarm,9
distinctive,9
dread,9
expectancy,9
geographical,9
greed,9
lessen,9
medieval,9
mime,9
moody,9
pneumonia,9
scenic,9
seasonal,9
skull,9
suburban,9
violet,9
willow,9
sideroad,9
abandoned,9
administrator,9
beaten,9
disastrous,9
displace,9
hidden,9
interpersonal,9
landing,9
lightly,9
officially,9
presenter,9
recycling,9
significantly,9
touching,9
wetland,9
balanced,9
talkative,9
learner,9
wonderland,9
commercialise,9
breathtaking,9
beginner,9
sharply,9
typically,9
characterize,9
interviewee,9
symbolize,9
experienced,9
homesickness,9
tighten,9
wholly,9
handshake,9
puzzling,9
behold,9
astonishing,9
Doctor,9
publicity,9
alarming,9
alleviate,9
amongst,9
blister,9
bookseller,9
breadth,9
chilli,9
consciousness,9
cycling,9
discouraged,9
dough,9
drone,9
evacuate,9
evidently,9
exhausting,9
farming,9
fascinated,9
freely,9
fully,9
grassland,9
headteacher,9
heater,9
honestly,9
indication,9
inference,9
inflation,9
installation,9
junction,9
Latin,9
lever,9
likelihood,9
lotus,9
lyric,9
manned,9
maturity,9
mining,9
misunderstanding,9
multicultural,9
nonstop,9
observer,9
orientation,9
overflow,9
overwhelming,9
paramedic,9
presume,9
prey,9
proficiency,9
prosper,9
publicly,9
purity,9
coaster,9
sprain,9
strictly,9
successfully,9
sugary,9
superiority,9
thankfully,9
tragic,9
Victorian,9
ironic,9
blush,9
certify,9
inadequate,9
kitten,9
moth,9
restless,9
timid,9
vacancy,9
negotiation,9
excessive,9
barn,9
illuminate,9
axe,9
depict,9
flap,9
monarch,9
nylon,9
shepherd,9
tile,9
"...,",9
beehive,9
gorilla,9
Irish,9
met,9
told,9
There,9
PLA,9
hooray,9
Merry,9
Opera,9
St,9
vegetables,9
Excuse,9
taught,9
me.,9
sold,9
forgot,9
amused,8
keyword,8
recitation,8
loser,8
graffiti,8
mural,8
unaware,8
Claus,8
ID,8
loneliness,8
books,8
morning!,8
Alice,8
Jenny,8
Alan,8
Mike,8
Lisa,8
Jim,8
heard,8
woof,8
Alexander,8
Graham,8
smelt,8
rung,8
Carla,8
Jean,8
takeaway,8
Tian'anmen,8
Sam,8
lettuce,8
nosebleed,8
wrong?,8
Taylor,8
began,8
King,8
Nile,8
Yangtze,8
Oliver,8
Music,8
Terracotta,8
held,8
furry,8
pro,8
oak,8
ballpoint,8
squid,8
Anno,8
Domini,8
twenty-one,8
covered,8
nutshell,8
quantities,8
measures,8
circumstances,8
Frenchman,8
contented,8
ego,8
simplicity,8
static,8
witty,8
sociology,8
superman,8
get-together,8
Marxism,8
frightful,8
incorrect,8
empress,8
fearless,8
sleeping,8
woods,8
adjective,8
asset,8
attic,8
auditorium,8
banner,8
bearing,8
beverage,8
bribe,8
cellphone,8
coil,8
compatible,8
conform,8
contend,8
cyberspace,8
diabetes,8
dose,8
essence,8
expressway,8
foremost,8
gorgeous,8
halt,8
hectare,8
hedge,8
idle,8
intrude,8
irony,8
liable,8
lodge,8
metro,8
mold,8
odds,8
outdated,8
paradox,8
penetrate,8
pinch,8
pledge,8
preface,8
procession,8
rage,8
rally,8
reside,8
shed,8
spontaneous,8
stake,8
strap,8
swipe,8
tangible,8
trolley,8
utility,8
utilize,8
utmost,8
verify,8
veto,8
withstand,8
non-stop,8
accusation,8
acrobatics,8
acupuncture,8
burglary,8
calcium,8
concise,8
cooperative,8
cosmology,8
delicacy,8
epic,8
geologist,8
hibernation,8
hurdle,8
longitude,8
oxide,8
taboo,8
tidal,8
tusk,8
underdog,8
vein,8
wizard,8
abundance,8
Arabic,8
availability,8
comedian,8
energize,8
forbidden,8
interactive,8
milky,8
newly,8
nutritional,8
plum,8
porcelain,8
recreate,8
reflective,8
rooftop,8
schooling,8
speechless,8
thrilling,8
transmission,8
well-rounded,8
grown,8
crossword,8
thoroughly,8
adulthood,8
reminder,8
recollect,8
landfill,8
hairstyle,8
fluently,8
commercialize,8
complexity,8
characterise,8
signpost,8
postscript,8
wore,8
eye-catching,8
Reality,8
inconvenience,8
coexist,8
murderer,8
noticeable,8
aerospace,8
angrily,8
animation,8
artemisinin,8
ballpark,8
biological,8
brotherhood,8
buzz,8
Cantonese,8
canyon,8
CE,8
checkout,8
cholera,8
conceive,8
considering,8
creamy,8
CV,8
dealer,8
descent,8
detector,8
diner,8
doctorate,8
dragonfly,8
emoji,8
empathy,8
envoy,8
exceptionally,8
expo,8
fertiliser,8
filling,8
forceful,8
hairdresser,8
herbal,8
illegally,8
innovative,8
integrated,8
invader,8
knob,8
loudspeaker,8
maintenance,8
manufacturer,8
methane,8
mighty,8
mockingbird,8
moderation,8
muscular,8
organizer,8
partnership,8
persistent,8
probability,8
puff,8
purely,8
restrictive,8
robber,8
roommate,8
scroll,8
singing,8
strongly,8
stun,8
sunflower,8
tai,8
toxin,8
traditionally,8
trivial,8
unselfish,8
westerner,8
wounded,8
cognitive,8
crow,8
dishonest,8
ecological,8
gloomy,8
inconvenient,8
indigenous,8
majesty,8
oppress,8
plaster,8
postal,8
prosecute,8
representation,8
simulator,8
surpass,8
deficiency,8
resignation,8
vigorous,8
concede,8
flush,8
snatch,8
humourous,8
subordinate,8
reviewer,8
beautify,8
sat,8
bye-bye,8
That's,8
Mountains,8
Viking,8
Einstein,8
Niagara,8
Shakespeare,8
Netherlands,8
flute,8
Summer,8
beaver,8
teddy,8
like?,8
I'd,8
see.,8
ha,8
pleasing,7
carving,7
indirect,7
drinking,7
lasting,7
anxiously,7
Lantern,7
swamp,7
Macao,7
East,7
drier,7
afternoon!,7
Eric,7
Bill,7
lives,7
Scott,7
Laura,7
Carol,7
stolen,7
lain,7
Chiang,7
Mai,7
Water,7
A,7
George,7
midsummer,7
War,7
hoax,7
Wide,7
paragliding,7
Central,7
cheaply,7
Sarah,7
White,7
dug,7
sunburned,7
lent,7
shone,7
alright,7
follows,7
regards,7
considered,7
prepared,7
restricted,7
compared,7
ages,7
pains,7
sides,7
Englishman,7
policewomen,7
creator,7
valueless,7
deserted,7
footwear,7
obedient,7
vine,7
downwards,7
labourer,7
punishable,7
collide,7
affluent,7
apparatus,7
atop,7
authorize,7
backup,7
BBQ,7
beforehand,7
berry,7
brand-new,7
brandy,7
calling,7
comply,7
consolidate,7
contaminate,7
contempt,7
converse,7
cord,7
countdown,7
curb,7
dean,7
deputy,7
elevate,7
equate,7
exile,7
flaw,7
foresight,7
formulate,7
fuss,7
grind,7
hack,7
hail,7
handicap,7
haul,7
haunt,7
hazard,7
haze,7
hijack,7
incentive,7
indispensable,7
influenza,7
installment,7
intangible,7
legislate,7
liquor,7
livelihood,7
mainstream,7
manipulate,7
memo,7
municipal,7
opt,7
ornament,7
ozone,7
pessimism,7
pistol,7
plague,7
poll,7
proficient,7
railroad,7
recruit,7
renovate,7
rib,7
rifle,7
runway,7
scout,7
spouse,7
standpoint,7
tenant,7
triple,7
veil,7
waggon,7
analytical,7
archaeology,7
breeding,7
bruise,7
canvas,7
cookery,7
cosmopolitan,7
craftsmanship,7
dedication,7
distraction,7
dwarf,7
eccentric,7
flutter,7
genetics,7
idiomatic,7
imperative,7
latitude,7
longing,7
miniature,7
nucleus,7
operational,7
posture,7
reptile,7
ridge,7
safari,7
stab,7
stoop,7
syrup,7
tread,7
trumpet,7
unclear,7
boredom,7
darken,7
entertainer,7
evaporate,7
firewood,7
heartbreaking,7
intended,7
lifelike,7
making,7
nursing,7
organized,7
persistence,7
rooted,7
seemingly,7
spatial,7
uncertainty,7
unmanned,7
drove,7
downfall,7
fighter,7
wrestler,7
makeover,7
encouraging,7
proposition,7
laughing,7
pollutant,7
IT,7
sweaty,7
mixed,7
hunting,7
wavelength,7
seasick,7
lighter,7
expressive,7
supporter,7
finished,7
collector,7
inviting,7
realization,7
reconstruct,7
digestion,7
bookish,7
rental,7
painstaking,7
actively,7
advisor,7
aimless,7
attachment,7
attentively,7
avalanche,7
backfire,7
bathwater,7
best-selling,7
bitterly,7
blackout,7
bleeding,7
blogger,7
briefly,7
carbohydrate,7
carelessly,7
cinquain,7
creatively,7
cyberbully,7
cybercrime,7
deceased,7
detection,7
endeavour,7
enterprising,7
entertaining,7
entrust,7
exaggeration,7
extra-curricular,7
foam,7
gateway,7
haggis,7
harden,7
headphone,7
hip-hop,7
humanistic,7
immunity,7
initially,7
lecturer,7
lipstick,7
maritime,7
meditation,7
motivated,7
narrowly,7
navigate,7
needy,7
nonetheless,7
northwestern,7
obstruction,7
opposing,7
paraphrase,7
pebble,7
photoelectric,7
pollinate,7
presidential,7
privately,7
pros,7
cons,7
reindeer,7
restoration,7
revelation,7
revival,7
rhetorical,7
safeguard,7
samba,7
sandy,7
shortcut,7
simile,7
sledge,7
slump,7
snowstorm,7
softly,7
solitude,7
sonnet,7
spacewalk,7
stew,7
subsequently,7
surely,7
swimsuit,7
temporarily,7
troll,7
twinkle,7
virtually,7
bald,7
chimpanzee,7
civic,7
disturbance,7
er,7
etc.,7
extravagant,7
gigantic,7
irritable,7
scarcely,7
soybean,7
synthetic,7
testimony,7
waltz,7
interference,7
assertive,7
assurance,7
precision,7
vibration,7
shield,7
chronic,7
ascend,7
acclaim,7
adhere,7
inclusive,7
owl,7
provision,7
spine,7
turbine,7
unload,7
gymnast,7
Sweden,7
faces,7
necktie,7
redirect,7
honoured,7
tears,7
congratulations,7
stringed,7
Isaac,7
Georgia,7
jumping,7
Lee,7
Earth,7
U.K.,7
Teachers',7
cleaned,7
played,7
slept,7
House,7
eating,7
parents,7
teachers',7
Beijing,7
mistakes,7
Jones,7
flew,7
courses,7
please.,7
Space,6
implant,6
regional,6
recreational,6
Year,6
advertiser,6
kg,6
Mary,6
Green,6
Have,6
Sally,6
Kate,6
Anna,6
Lucy,6
stole,6
haunted,6
Charles,6
Tim,6
shyness,6
smelled,6
Berlin,6
II,6
Titanic,6
Colombia,6
Teresa,6
Brian,6
Huangguoshu,6
Waterfall,6
Hill,6
Mark,6
Claire,6
Larry,6
DJ,6
Danny,6
Got,6
Talent,6
sitcom,6
Disney,6
Hollywood,6
Fame,6
shook,6
blender,6
housewarming,6
Susan,6
swept,6
Martin,6
hid,6
Western,6
led,6
Journey,6
Qomolangma,6
Ming,6
cannibal,6
infinitive,6
etiquette,6
lookout,6
zigzag,6
Brazilian,6
thieves,6
costs,6
admitted,6
thoughts,6
scores,6
others,6
manly,6
traitor,6
wed,6
founding,6
daybreak,6
preside,6
civilise,6
victor,6
southward,6
baker,6
laborer,6
allege,6
automate,6
ax,6
bias,6
brutal,6
bulk,6
Celsius,6
clockwise,6
clothe,6
colon,6
conscientious,6
coupon,6
defy,6
drastic,6
dual,6
ethic,6
execute,6
forge,6
infrastructure,6
instalment,6
marvel,6
mule,6
ore,6
outset,6
oversee,6
oversight,6
plumbing,6
refrain,6
render,6
riot,6
siege,6
spur,6
stale,6
timber,6
transit,6
trifle,6
undermine,6
utilise,6
warfare,6
willpower,6
congestion,6
crater,6
deduction,6
foul,6
heartily,6
knight,6
obscure,6
poetic,6
scramble,6
situated,6
touchstone,6
transistor,6
ultraviolet,6
watchtower,6
watery,6
wreath,6
activist,6
commonly,6
enthusiast,6
environmentalist,6
intentional,6
irrelevant,6
mentality,6
poorly,6
provincial,6
sadden,6
sensitivity,6
silently,6
sled,6
soften,6
stumble,6
thrilled,6
unpack,6
Vietnam,6
violently,6
winning,6
youthful,6
analyses,6
dreamt,6
driven,6
undergrowth,6
reliance,6
textspeak,6
learnt,6
timepiece,6
timeless,6
wasteful,6
overstatement,6
unstable,6
backboard,6
boarder,6
limitless,6
organised,6
well-meaning,6
quarter-final,6
trapped,6
thrown,6
airsick,6
carsick,6
misadventure,6
misunderstood,6
envious,6
jawline,6
gunfire,6
shocking,6
self-evident,6
polished,6
publishing,6
coming,6
terrace,6
gentlemen,6
accurately,6
additionally,6
adversity,6
appropriately,6
arched,6
archery,6
banjo,6
brightly,6
builder,6
caffeine,6
calmly,6
cautiously,6
ceramic,6
clean-up,6
clover,6
coastline,6
cobblestone,6
coloured,6
coloring,6
comeback,6
consequent,6
consulate,6
continuously,6
contributor,6
corresponding,6
couplet,6
covering,6
crooked,6
curiously,6
curveball,6
dehydration,6
dewdrop,6
diarrhoea,6
disapproval,6
disgusted,6
drummer,6
eagerly,6
educated,6
effectively,6
elegance,6
envision,6
epidemiology,6
euro,6
excerpt,6
execution,6
extensively,6
fig,6
flake,6
flip,6
formally,6
fulfilment,6
fundraising,6
genre,6
graphic,6
haiku,6
heartbreak,6
heating,6
heavenly,6
high-end,6
high-rise,6
hiker,6
hurried,6
incorporate,6
individualism,6
individuality,6
industrialization,6
instructive,6
involvement,6
jelly,6
legacy,6
lifespan,6
locally,6
marketing,6
nanobot,6
narration,6
neatly,6
noisily,6
non-smoker,6
oasis,6
organiser,6
packaging,6
patiently,6
peacekeeper,6
peculiarity,6
peppercorn,6
personification,6
plasma,6
programming,6
prohibition,6
quarry,6
redden,6
sculpt,6
semi-final,6
skateboarding,6
skillfully,6
sneak,6
solidarity,6
sportsmanship,6
sportswoman,6
starfish,6
stormy,6
strangely,6
sympathize,6
touched,6
uplifting,6
vividly,6
warm-up,6
waterfront,6
wiring,6
biodiversity,6
charitable,6
circulation,6
coconut,6
console,6
daffodil,6
diplomatic,6
divert,6
goalkeeper,6
inaccessible,6
inaccurate,6
incomplete,6
intellect,6
intently,6
jasmine,6
mangrove,6
orphanage,6
precede,6
predator,6
ritual,6
rocky,6
sardine,6
selfless,6
sentiment,6
versa,6
waken,6
wormwood,6
adaptable,6
marginal,6
absorption,6
apt,6
conception,6
alliance,6
magnify,6
immortal,6
susceptible,6
simultaneous,6
bad-tempered,6
paralyze,6
advisable,6
impartial,6
commemorate,6
minimize,6
orchard,6
rejoice,6
semiconductor,6
stereotype,6
phenomena,6
doorbell,6
microcomputer,6
Rome,6
Washington,6
needs,6
places,6
eyewitness,6
unsafe,6
windbreaker,6
workmate,6
injustice,6
beddings,6
dryer,6
villa,6
stutter,6
Why,6
won't,6
California,6
goldfish,6
Well,6
sensibility,6
miner,6
Iceland,6
Indonesia,6
ups,6
downs,6
Korean,6
Danish,6
Tanzania,6
Forbidden,6
carol,6
Christmas!,6
Union,6
Henry,6
Bethune,6
District,6
Temple,6
Jupiter,6
Albert,6
Cambridge,6
Stephen,6
Hawking,6
Fred,6
Road,6
Falls,6
Renaissance,6
Mountain,6
Wild,6
Browning,6
kiwi,6
Beach,6
Columbus,6
shelves,6
boiler,6
Arab,6
lava,6
monk,6
Nazi,6
William,6
walking,6
Nations,6
kept,6
too.,6
lessons,6
it.,6
sales,6
spent,6
Chinatown,6
Me,6
This,6
they're,6
drew,6
spoke,6
driving,5
mango,5
unexpectedly,5
after-school,5
populate,5
swiftly,5
openly,5
reintroduce,5
killing,5
soy,5
warming,5
cooked,5
bitterness,5
Tokyo,5
multiplication,5
subtraction,5
boxer,5
gymnastic,5
Midwest,5
arts,5
BBC,5
Brown,5
Miller,5
Linda,5
Tony,5
ropeway,5
Thai,5
movies,5
Tina,5
chickens,5
uncrowded,5
Billy,5
Watson,5
Kung,5
Fu,5
Panda,5
Katie,5
Matt,5
WWF,5
Fund,5
Jason,5
Jessica,5
overcame,5
Sue,5
stood,5
self-improvement,5
Man,5
Michael,5
Trade,5
Red,5
Donald,5
Duck,5
con,5
misleading,5
untrue,5
wives,5
scarves,5
pennies,5
masses,5
classes,5
judging,5
eggs,5
arms,5
older,5
assert,5
résumé,5
mini,5
confer,5
mustache,5
northward,5
northwards,5
southwards,5
billionaire,5
conditional,5
guitarist,5
mathematician,5
CD-ROM,5
accountable,5
aerial,5
anew,5
ashore,5
ass,5
axis,5
bait,5
ballot,5
bracket,5
brag,5
buddy,5
bumper,5
bypass,5
chairperson,5
commune,5
corps,5
deem,5
deficient,5
deficit,5
dent,5
deteriorate,5
doom,5
elite,5
freight,5
furnace,5
high-tech,5
homosexual,5
horsepower,5
irrational,5
lass,5
maiden,5
narrate,5
nickel,5
obese,5
paperback,5
petroleum,5
petty,5
podcast,5
rug,5
silicon,5
staircase,5
stool,5
surge,5
thesis,5
veteran,5
volt,5
ware,5
wary,5
well-off,5
whisky,5
aboriginal,5
blink,5
colonel,5
consecutive,5
desertification,5
detour,5
excavate,5
flick,5
fusion,5
giggle,5
gorge,5
heroism,5
horizontal,5
hover,5
intonation,5
limestone,5
maze,5
meander,5
millennium,5
outnumber,5
overboard,5
paramount,5
piracy,5
practitioner,5
racism,5
rape,5
reliability,5
renaissance,5
sarcastic,5
sentimental,5
stamina,5
sterile,5
syndrome,5
tattoo,5
tramp,5
unpaid,5
vaccination,5
vocal,5
wharf,5
whereabouts,5
witch,5
annually,5
belonging,5
bossy,5
camper,5
celebrated,5
collaboration,5
contraction,5
diver,5
empower,5
existing,5
flatten,5
forgiveness,5
fringe,5
geographic,5
heated,5
highland,5
humidity,5
infinity,5
loom,5
mastery,5
measurable,5
middle-aged,5
moveable,5
nominate,5
offender,5
registry,5
relieved,5
rotate,5
seeker,5
showcase,5
sighting,5
storyteller,5
suited,5
unsuccessful,5
dreamed,5
near-surface,5
chatter,5
unsuspecting,5
visiting,5
spotted,5
admittedly,5
withdrawn,5
self-belief,5
wide-ranging,5
flaming,5
unsure,5
absent-minded,5
lifeboat,5
symbolism,5
thought-provoking,5
reserved,5
ridden,5
loosely,5
Impressionism,5
persuasive,5
bookworm,5
bedside,5
respected,5
sticker,5
chosen,5
freshwater,5
environmentally,5
bothered,5
toughen,5
stricken,5
desperation,5
headphones,5
headstone,5
Bachelor,5
self-control,5
upcoming,5
postmen,5
accidentally,5
aerobic,5
aftershock,5
allied,5
amazingly,5
archaeological,5
attempted,5
awe-inspiring,5
bittersweet,5
blindly,5
blizzard,5
boyfriend,5
breathing,5
bureaucracy,5
called,5
capitalized,5
cheesecake,5
cinematic,5
clasp,5
cognition,5
colorless,5
colouring,5
companionship,5
compile,5
consistently,5
cosmetics,5
depressing,5
descriptive,5
desperately,5
detailed,5
differentiate,5
sim,5
disinfect,5
drilling,5
empathize,5
encyclopaedia,5
endeavor,5
examinee,5
exposed,5
faintly,5
fictional,5
fingertip,5
follower,5
foolishly,5
forced,5
forefront,5
frosty,5
fruitless,5
gable,5
gentleness,5
habitable,5
handwritten,5
hazy,5
hearty,5
homemade,5
hourly,5
humbly,5
hypothetical,5
iconic,5
importantly,5
impressionist,5
inaction,5
informed,5
ivy,5
jobless,5
jolt,5
kayaking,5
knowingly,5
lacking,5
licensed,5
microorganism,5
migratory,5
misjudge,5
mushy,5
negotiable,5
nobly,5
outstretched,5
overpass,5
overuse,5
peacekeeping,5
permanence,5
pessimist,5
PhD,5
photocopy,5
plainly,5
pottery,5
pouch,5
prejudiced,5
professionalism,5
prop,5
queer,5
quicken,5
racing,5
ranking,5
realism,5
reasonably,5
remarkably,5
renowned,5
retrain,5
screenwriter,5
secrecy,5
self-critical,5
selfie,5
severely,5
shaving,5
shyly,5
skydiving,5
smoothly,5
sociologist,5
southeastern,5
starry,5
steely,5
storytelling,5
striker,5
supposing,5
surprisingly,5
Taoism,5
tenderness,5
threatening,5
traveling,5
travelling,5
trilogy,5
uncharted,5
upper-class,5
vocational,5
workaday,5
worrying,5
wrapping,5
living-room,5
aspirin,5
borderline,5
curable,5
dishwasher,5
distrust,5
e-book,5
elastic,5
evoke,5
extinguisher,5
fling,5
hatred,5
hazardous,5
hustle,5
impersonal,5
indignation,5
intrigue,5
livestock,5
longevity,5
miraculous,5
monstrous,5
nonfiction,5
paralyse,5
patrol,5
plow,5
quaint,5
radioactivity,5
rebellion,5
rehearsal,5
sage,5
sane,5
scrub,5
smoky,5
snail,5
specialty,5
spectacle,5
splendour,5
strand,5
subconscious,5
succession,5
tiptoe,5
weatherman,5
yoghourt,5
aspiration,5
rosy,5
auxiliary,5
humankind,5
carelessness,5
reproduction,5
economist,5
projector,5
impart,5
density,5
denial,5
defer,5
mute,5
segregate,5
bleak,5
correlate,5
democratic,5
naive,5
superstition,5
morality,5
expire,5
embody,5
judicial,5
testify,5
ponder,5
ascertain,5
retort,5
peep,5
perpetual,5
rebellious,5
notorious,5
tribute,5
applicable,5
affirm,5
suppress,5
duplicate,5
resemblance,5
missionary,5
disclose,5
presumably,5
reassure,5
uphold,5
advent,5
bizarre,5
cocaine,5
emigrate,5
exclusive,5
harassment,5
heave,5
humid,5
integral,5
nitrogen,5
parasite,5
poultry,5
recipient,5
scenario,5
simulate,5
slam,5
stitch,5
temperament,5
stairs,5
gatekeeper,5
anytime,5
jumper,5
mouth-to-mouth,5
pencil-box,5
so-so,5
yo-yo,5
contributions,5
playroom,5
risen,5
punctuate,5
inability,5
miniskirt,5
crutch,5
durability,5
lollipop,5
Eve,5
paid,5
hours,5
looks,5
PRC,5
Year!,5
Father,5
Wales,5
OK.,5
Castle,5
it?,5
horrify,5
starter,5
immature,5
analyst,5
Eiffel,5
Alberta,5
Cathedral,5
Los,5
Angeles,5
Jan,5
mashed,5
Rio,5
Inner,5
Mongolia,5
fees,5
College,5
Republic,5
Belt,5
Initiative,5
grizzly,5
Vancouver,5
Cubism,5
Elizabeth,5
geyser,5
bungee,5
Marco,5
Polo,5
cardiac,5
Congo,5
Curie,5
pull-up,5
diverge,5
dune,5
decode,5
Mexican,5
hairy,5
Scottish,5
footsteps,5
DNA,5
Maori,5
paintbrush,5
vomit,5
full-time,5
cartoons,5
watched,5
stayed,5
washed,5
fries,5
D.C.,5
taller,5
bigger,5
beans,5
UN,5
you're,5
abacus,5
landmine,5
brightness,5
marker,5
donut,5
afternoon.,5
Would,5
woken,5
froze,5
algae,5
Mount,5
stunning,5
birds,5
cone,5
taken,5
showed,5
rearrange,5
pictorial,5
artisan,5
superpower,5
migrant,5
subdue,5
candies,5
nudge,5
pageant,5
beak,5
propulsion,5
mimic,5
Let's,5
yuan,5
trees,5
Art,5
"Yes,",5
playing,4
Station,4
Coca-Cola,4
thoughtless,4
comes,4
poisoning,4
dwelling,4
growing,4
divided,4
imaginable,4
snore,4
sportswear,4
shows,4
all-round,4
works,4
evening!,4
HB,4
Grace,4
P,4
Jill,4
Dave,4
Clark,4
Amy,4
Becky,4
Steve,4
Boston,4
Dean,4
Annie,4
Bell,4
laid,4
Clara,4
dealt,4
Paula,4
Alfred,4
Candy,4
Jerry,4
Emily,4
Marcus,4
Pam,4
CBA,4
Roy,4
Whitcomb,4
Judson,4
Ruby,4
Crum,4
Naismith,4
Stonehenge,4
Victor,4
Stoker,4
Men,4
Black,4
Penguins,4
Spider-Man,4
Carmen,4
Dan,4
Dervish,4
Cali,4
Lausanne,4
Maria,4
Sato,4
Lopez,4
Marc,4
LeBlanc,4
'd,4
Bert,4
Holly,4
Kevin,4
Carl,4
Orson,4
WildAid,4
Nature,4
Hayes,4
Luke,4
Griffin,4
Trent,4
Georgetown,4
swung,4
Greg,4
Mickey,4
Mouse,4
Walk,4
Ken,4
Nick,4
Judy,4
Mandy,4
Sandy,4
Cathy,4
Luther,4
Center,4
Monkey,4
Riding,4
Hood,4
southwestern,4
Sahara,4
Himalayas,4
Research,4
Beatles,4
Sawyer,4
Hall,4
Bird's,4
Nest,4
bamboos,4
oxen,4
sorts,4
flooded,4
going,4
sentenced,4
pairs,4
needless,4
numbers,4
brink,4
cats,4
dogs,4
lies,4
been,4
km,4
filmmaker,4
oily,4
workman,4
noticeboard,4
fore,4
radius,4
undone,4
diction,4
adoption,4
school-leaver,4
mosque,4
undress,4
richness,4
aisle,4
bail,4
batch,4
bowel,4
cigaret,4
clear-cut,4
cohesion,4
cracker,4
disintegrate,4
dropout,4
enlist,4
erode,4
err,4
forthcoming,4
gloom,4
gut,4
hereby,4
hyphen,4
inflate,4
kin,4
landlady,4
layoff,4
marshal,4
massage,4
odor,4
odour,4
onward,4
overdue,4
peril,4
preach,4
ridicule,4
telecommunications,4
transcript,4
tumor,4
tumour,4
underdeveloped,4
arena,4
biochemist,4
bonfire,4
bronchitis,4
by-product,4
catchy,4
commentary,4
courtroom,4
decibel,4
dedicated,4
disconnect,4
flashback,4
granite,4
grove,4
handclap,4
impair,4
incense,4
organisational,4
outpatient,4
overview,4
passbook,4
percussion,4
phonetics,4
poacher,4
premiere,4
punchline,4
rattle,4
repertoire,4
roadwork,4
soundproof,4
soundtrack,4
thump,4
toil,4
tracksuit,4
transfusion,4
vault,4
watercolour,4
wavy,4
windsurfing,4
workaholic,4
workhouse,4
betrayal,4
bottled,4
clearing,4
comforting,4
concentrated,4
daring,4
diving,4
ecologist,4
exotic,4
familiarity,4
hardwood,4
isolated,4
isolation,4
leafy,4
mediaeval,4
metropolis,4
misread,4
neighboring,4
riches,4
schoolyard,4
shellfish,4
sunburn,4
tangled,4
uncommon,4
unlimited,4
winery,4
zoological,4
statesmen,4
sworn,4
swum,4
droplet,4
bullfighting,4
reproductive,4
conclusive,4
caretaker,4
polluted,4
tracking,4
far-reaching,4
withdrew,4
absorbing,4
self-focused,4
hanged,4
limiting,4
sought,4
weathercock,4
avoidable,4
spelt,4
spelled,4
baseline,4
approachable,4
outperform,4
scanner,4
decorative,4
deserved,4
effortless,4
originality,4
regretful,4
Medicine,4
Virtual,4
realisation,4
processor,4
underlined,4
pickpocket,4
refreshments,4
rented,4
attainment,4
regain,4
sufferer,4
heartbeat,4
unpredictable,4
expectant,4
dreamer,4
daydream,4
reaffirm,4
unsteady,4
improper,4
grandchildren,4
achievable,4
acknowledgement,4
administrative,4
ageing,4
Acquired,4
Immune,4
Deficiency,4
Syndrome,4
airless,4
anti-,4
armed,4
ashy,4
auditory,4
avatar,4
awfully,4
awkwardly,4
bimonthly,4
blindness,4
booking,4
build-up,4
buyer,4
check-in,4
chili,4
chunk,4
clean-burning,4
cleverly,4
closely-knit,4
cloud-capped,4
clueless,4
colourless,4
combatant,4
commercialisation,4
conservationist,4
contentment,4
countable,4
depressive,4
digitise,4
diligence,4
disheartened,4
disposable,4
disqualify,4
distracted,4
Ebola,4
effectiveness,4
encouraged,4
enormously,4
envelop,4
overestimate,4
ethical,4
ethnically,4
exaggerated,4
examiner,4
faucet,4
faultless,4
fighting,4
finale,4
finely,4
firstly,4
flooding,4
formerly,4
freshly,4
freshness,4
game-changing,4
genuinely,4
geophysicist,4
grammatical,4
greedily,4
groundwork,4
half-marathon,4
holding,4
hooked,4
hopelessly,4
hugely,4
hurrah,4
illustrator,4
impossibility,4
incubation,4
individually,4
inspired,4
joyous,4
just-me-ism,4
labour-saving,4
lazily,4
laziness,4
like-minded,4
lottery,4
max,4
mid-,4
movable,4
nervously,4
noted,4
objectively,4
optimist,4
penniless,4
perception,4
periodically,4
permanently,4
Philosophy,4
placement,4
politeness,4
priceless,4
primate,4
proudly,4
purposeful,4
quotient,4
reasoning,4
repeated,4
residential,4
self-worth,4
shameless,4
simplified,4
single-minded,4
sleepless,4
socialise,4
southerner,4
standby,4
standout,4
starving,4
sympathise,4
tear-stained,4
tentatively,4
terrorism,4
thicken,4
thickness,4
thirdly,4
tiredness,4
towering,4
tragically,4
uncontrolled,4
unexceptional,4
unseen,4
unusually,4
urgently,4
visualize,4
voter,4
waste-to-energy,4
wearable,4
webcam,4
wildly,4
wrinkled,4
wristband,4
chilly,4
accelerator,4
affectionate,4
air-conditioned,4
anthropologist,4
artifact,4
assault,4
atlas,4
boulevard,4
cram,4
dismay,4
dissatisfy,4
doze,4
e.g.,4
eh,4
elapse,4
everlasting,4
generator,4
glitter,4
goodby,4
graze,4
groan,4
hostage,4
humiliate,4
idiot,4
immortality,4
inexact,4
intrinsic,4
intruder,4
ironical,4
lash,4
midst,4
mingle,4
modernize,4
monoxide,4
naturalist,4
one-sided,4
paradise,4
pathetic,4
peck,4
pixel,4
postmaster,4
pullover,4
robin,4
salesperson,4
sanitation,4
self-discipline,4
shaft,4
shatter,4
skier,4
slang,4
slum,4
sophomore,4
specialized,4
stationary,4
sue,4
sunbathe,4
supervisor,4
telesurgery,4
televise,4
temperate,4
torn,4
tow,4
videotape,4
warship,4
whirl,4
cynical,4
affirmative,4
clinical,4
handmade,4
stupidity,4
airway,4
clarification,4
advisory,4
preventive,4
sizable,4
introductory,4
consistency,4
credibility,4
coax,4
breach,4
attributive,4
trailer,4
verdict,4
cradle,4
agitate,4
fabulous,4
discern,4
dweller,4
expenditure,4
modesty,4
grieve,4
intimately,4
ignite,4
mortal,4
manifest,4
ingenious,4
recur,4
vulgar,4
restraint,4
constrain,4
exemplify,4
indicator,4
satire,4
coincide,4
outrage,4
indignant,4
perplex,4
dubious,4
swarm,4
aggravate,4
sanction,4
denounce,4
metropolitan,4
subsidy,4
stern,4
activate,4
detach,4
despise,4
thereafter,4
precedent,4
successive,4
heighten,4
entail,4
elevation,4
eject,4
locality,4
reappear,4
tricycle,4
diffuse,4
begun,4
blaze,4
cluster,4
complement,4
cosmic,4
cricket,4
despatch,4
diminish,4
exceedingly,4
exquisite,4
fellowship,4
glide,4
grease,4
illiterate,4
inhale,4
intricate,4
irritate,4
juvenile,4
linear,4
locomotive,4
manoeuvre,4
mechanism,4
molecule,4
obstruct,4
Oct.,4
perish,4
propel,4
puppet,4
query,4
racket,4
rash,4
relish,4
reproach,4
rim,4
selves,4
shove,4
sly,4
solitary,4
sponge,4
sprout,4
summon,4
supersonic,4
symmetry,4
trim,4
tub,4
vanity,4
vowel,4
icon,4
emphases,4
fidelity,4
farmland,4
tryout,4
linked,4
moved,4
reasons,4
weekdays,4
hive,4
self-service,4
omelette,4
glasshouse,4
unjust,4
postbox,4
birdcage,4
conceited,4
unmarried,4
unequal,4
stopwatch,4
cordless,4
credible,4
vista,4
skipping,4
idol,4
diaper,4
salvage,4
torpedo,4
totem,4
trickle,4
catholic,4
locust,4
vanilla,4
nightclub,4
marked,4
accepted,4
affairs,4
up.,4
Turkey,4
mascot,4
snorkel,4
hare,4
right.,4
Queen,4
Canberra,4
Forest,4
done!,4
pyjamas,4
hmm,4
A.,4
hippo,4
who's,4
unkind,4
Seoul,4
Denmark,4
cypress,4
chiwen,4
Cairo,4
Birmingham,4
Northern,4
Anglo-Saxon,4
Hastings,4
Gogh,4
techno,4
bagpipes,4
Mozart,4
Las,4
Vegas,4
Logan,4
Mongolian,4
Peking,4
gumbo,4
nachos,4
Golden,4
Gate,4
1,4
Typhoon,4
GPS,4
Roderick,4
Fleming,4
Florence,4
Nightingale,4
Newton,4
Princeton,4
Melbourne,4
Circle,4
Dollywood,4
Bulgaria,4
Andrews,4
Halifax,4
Edmonton,4
Ontario,4
Lawrence,4
two-dimensional,4
Leonardo,4
da,4
Vinci,4
Michelangelo,4
Mother,4
Snow,4
Pass,4
composed,4
Liberation,4
Katrina,4
good-tempered,4
Ernest,4
imagery,4
billy,4
Moon,4
blurred,4
Hugo,4
Award,4
didgeridoo,4
geothermal,4
Aborigine,4
Bondi,4
Bay,4
Islands,4
submersible,4
Robin,4
Ghana,4
flea,4
rocks,4
jaguar,4
impostor,4
humility,4
head-on,4
castles,4
Celtic,4
infamy,4
pagoda,4
sushi,4
Germanic,4
inductive,4
scarfs,4
Mar.,4
charged,4
faced,4
E-mail,4
north-west,4
south-west,4
sandstorm,4
genetically,4
black-and-white,4
Austria,4
antibiotic,4
penfriend,4
sanitary,4
taking,4
atmospheric,4
Peace,4
heartbroken,4
gloves,4
songs,4
Tree,4
Planting,4
visited,4
danced,4
started,4
things,4
aren't,4
lights,4
ice-skate,4
yum,4
Emma,4
Oscar,4
Milky,4
Way,4
School,4
cookbook,4
playwright,4
goodness!,4
dumplings,4
blew,4
carried,4
U.S.,4
Statue,4
Liberty,4
Anne,4
morning.,4
She,4
Are,4
Let,4
old.,4
oops,4
teahouse,4
babysit,4
shaken,4
biggest,4
Mediterranean,4
grapes,4
cabbages,4
sandals,4
fairytale,4
freckle,4
Venus,4
Harbour,4
flown,4
eaten,4
forgotten,4
seen,4
shown,4
B,4
popularize,4
agile,4
pictograph,4
laborious,4
malnutrition,4
intolerant,4
outlive,4
jealousy,4
linguistics,4
imprison,4
detract,4
irresistible,4
recital,4
subatomic,4
vice-president,4
posthumous,4
moribund,4
intoxicate,4
righteous,4
capitalist,4
Negro,4
tweet,4
where's,4
doesn't,4
shouldn't,4
taikonaut,4
hurdles,4
fought,4
chap,4
caterpillar,4
elements,4
thistle,4
hoof,4
Dipper,4
mischievous,4
wasp,4
melancholy,4
wretch,4
shun,4
mound,4
mulberry,4
jay,4
cyclone,4
vol.,4
I'll,4
drawn,4
Maths,4
Welcome,4
collects,4
stamps,4
mindset,3
reconsider,3
overreact,3
Valentine's,3
life-saving,3
activities,3
Cindy,3
Dale,3
S,3
M,3
L,3
CCTV,3
Gina,3
day!,3
time!,3
drums,3
Rick,3
Molly,3
Julie,3
Joe,3
Jeff,3
Johnny,3
Jackson,3
Dickens,3
Scrooge,3
Jacob,3
Marley,3
overslept,3
Malaysian,3
Weld,3
Quay,3
Penang,3
Teenager,3
Tara,3
Nelly,3
Eliza,3
Vera,3
Dennis,3
Idol,3
America's,3
China's,3
Walt,3
Minnie,3
Steamboat,3
Willie,3
Andy,3
Hemingway,3
Kelly,3
Old,3
Ted,3
Vince,3
Steen,3
Jake,3
Karen,3
Mills,3
Hunt,3
breaks,3
Nancy,3
Aron,3
Ralston,3
Utah,3
Mario,3
Jimmy,3
Allen,3
Alabama,3
Animal,3
Helpline,3
Claudia,3
Sleeping,3
Beauty,3
Cinderella,3
Hansel,3
Gretel,3
Tenzing,3
Norgay,3
Edmund,3
Hillary,3
Junko,3
Tabei,3
Caspian,3
Yellow,3
Dynasty,3
Chengdu,3
Base,3
Alex,3
Garth,3
Brooks,3
Treasure,3
Wonderland,3
Women,3
Twist,3
Robinson,3
Crusoe,3
Harry,3
Potter,3
Nashville,3
Tennessee,3
Country,3
Toilets,3
Hangzhou,3
Tea,3
Cruise,3
Southeast,3
Night,3
Safari,3
x-ray,3
yin,3
yang,3
lioness,3
equipped,3
bits,3
"in,",3
jot,3
seeing,3
chances,3
oldest,3
letterbox,3
puts,3
statistician,3
passerby,3
absolve,3
packed,3
quarterly,3
cleanly,3
drunken,3
possessor,3
untie,3
ace,3
aftermath,3
animate,3
authorise,3
banknote,3
battalion,3
biotechnology,3
bitch,3
broker,3
buck,3
buckle,3
cholesterol,3
Confucian,3
cornerstone,3
cosmos,3
dispatch,3
dime,3
fuck,3
gravitation,3
invariably,3
gaol,3
know-how,3
loophole,3
Medicare,3
middle-class,3
nude,3
paddy,3
payroll,3
shit,3
skyline,3
statute,3
take-off,3
vendor,3
watertight,3
webcast,3
avenge,3
beholder,3
brimful,3
ceremonial,3
coma,3
crunch,3
curtsy,3
droop,3
entice,3
extraterrestrial,3
figurative,3
filthy,3
foreground,3
futurology,3
gleam,3
glossy,3
improvise,3
inescapable,3
inhospitable,3
inquisitive,3
intestine,3
molten,3
rivalry,3
secretive,3
shipyard,3
stupefied,3
tranquil,3
twitch,3
underway,3
warden,3
wariness,3
whisker,3
broadcasting,3
caregiver,3
clutch,3
congregate,3
disadvantaged,3
finalise,3
focused,3
grower,3
homeowner,3
inactive,3
madness,3
matching,3
newborn,3
nonprofit,3
Norwegian,3
operating,3
outgrow,3
parkland,3
planning,3
predictor,3
preschool,3
provider,3
randomly,3
reset,3
restful,3
retiree,3
round-trip,3
showy,3
stately,3
subscription,3
tug,3
universally,3
volatile,3
businessmen,3
chairmen,3
saleswomen,3
swore,3
swelled,3
unreliable,3
recyclable,3
spotless,3
styling,3
infamous,3
simple-minded,3
forbade,3
believer,3
leaky,3
shady,3
real-life,3
symbolise,3
landfall,3
functional,3
bathing,3
speciality,3
pointed,3
appointed,3
modern-day,3
impressionism,3
approving,3
disapproving,3
supportive,3
finishing,3
shaky,3
understandable,3
admirer,3
voicemail,3
pressing,3
mournful,3
privileged,3
ruined,3
struck,3
foresaw,3
foreseen,3
paper-cutting,3
postgraduate,3
fishermen,3
salesmen,3
ably,3
academically,3
adequately,3
affordably,3
aimlessly,3
alarmed,3
anticipation,3
apologetic,3
artificially,3
assuming,3
attached,3
blacken,3
bravely,3
bridal,3
brilliantly,3
capitalize,3
charger,3
cleverness,3
coincident,3
coldly,3
colored,3
confidently,3
continuation,3
coughing,3
cruelly,3
dangerously,3
deafen,3
deserving,3
disciplined,3
discouraging,3
dishearten,3
distributor,3
downy,3
dreadful,3
dressing,3
efficiently,3
emotionally,3
enhanced,3
essentially,3
established,3
ex-,3
expected,3
financially,3
fulfillment,3
generously,3
geometric,3
gladly,3
glee,3
hard-wired,3
horribly,3
hurriedly,3
ideally,3
industrialise,3
inefficient,3
infected,3
innocently,3
justified,3
lawful,3
legally,3
madly,3
mindful,3
minded,3
nicely,3
non-fiction,3
northerner,3
noway,3
oft,3
orally,3
outsource,3
painfully,3
passing,3
peacefully,3
pensive,3
pi,3
playful,3
powerfully,3
predictable,3
preoccupied,3
previously,3
progression,3
ranger,3
re-,3
recognised,3
recollection,3
refillable,3
refreshed,3
resolutely,3
richly,3
rightly,3
roadworks,3
secretly,3
shadowy,3
silky,3
sincerity,3
socially,3
solely,3
spacious,3
sparkling,3
spoiled,3
steamer,3
stimulation,3
stony,3
strategic,3
structural,3
sufficiency,3
surfer,3
talker,3
technically,3
toughness,3
troubled,3
uncritically,3
unintentionally,3
unwillingly,3
vale,3
visualise,3
weakly,3
welcoming,3
winding,3
wired,3
wrapper,3
wrongly,3
customize,3
acceleration,3
amphibian,3
antipollution,3
aquatic,3
bison,3
botanist,3
brigade,3
cappuccino,3
cardiovascular,3
cheetah,3
childbirth,3
clump,3
coffin,3
colonial,3
commentator,3
co-worker,3
cub,3
culinary,3
dazzle,3
delta,3
disagreeable,3
discreet,3
dishonour,3
disorderly,3
disturbed,3
eclipse,3
ecotourism,3
furious,3
gasp,3
globalize,3
groom,3
harpoon,3
hitech,3
honk,3
illiteracy,3
imposing,3
interconnect,3
legitimate,3
litterbin,3
merchandise,3
mob,3
mourning,3
mow,3
multimedia,3
newsagent,3
pajamas,3
pickup,3
plumb,3
poke,3
powerless,3
replicate,3
resonance,3
respondent,3
self-assessment,3
sensational,3
shopper,3
shortsighted,3
shrub,3
sibling,3
smuggle,3
spacesuit,3
sprinkle,3
stereo,3
stiffly,3
storekeeper,3
sturdy,3
superhighway,3
surgical,3
transformer,3
tuck,3
tumble,3
unidentified,3
underlie,3
unnoticed,3
unruly,3
wade,3
wither,3
Centigrade,3
depiction,3
affectionately,3
birthright,3
standardise,3
chaotic,3
appetizing,3
complementary,3
specialisation,3
instinctive,3
severity,3
canny,3
steamy,3
manipulation,3
blunt,3
finite,3
erroneous,3
census,3
linger,3
sanity,3
avail,3
default,3
designate,3
dwell,3
sensation,3
specification,3
liability,3
alternate,3
arrogant,3
unsolved,3
prone,3
mortality,3
indulge,3
dictator,3
abdicate,3
abound,3
redundant,3
diagnosis,3
terminate,3
cultivation,3
hospitality,3
oriental,3
fraud,3
scorn,3
radiate,3
radiant,3
analogy,3
warrant,3
turbulent,3
shrewd,3
reactor,3
offspring,3
authoritative,3
decelerate,3
articulate,3
scholarly,3
apprehend,3
instantaneous,3
captive,3
contravene,3
counteract,3
intent,3
distort,3
torment,3
repress,3
preceding,3
predecessor,3
successor,3
concession,3
devalue,3
eloquent,3
negligible,3
diversion,3
conversely,3
conversion,3
prospective,3
conspicuous,3
preclude,3
inscribe,3
detain,3
bankruptcy,3
reclaim,3
confession,3
prevalent,3
legislation,3
amend,3
appraisal,3
aspire,3
beware,3
bewilder,3
cape,3
casualty,3
conquest,3
conviction,3
cripple,3
disposition,3
doctrine,3
embryo,3
evade,3
feminine,3
fracture,3
generalize,3
hemisphere,3
hose,3
immerse,3
indicative,3
inherent,3
innumerable,3
instrumental,3
intersection,3
intuition,3
inverse,3
kidney,3
Marxist,3
meditate,3
merge,3
metric,3
mischief,3
mock,3
modernization,3
monetary,3
neutron,3
nominal,3
novelty,3
nurture,3
oar,3
optical,3
orthodox,3
overturn,3
pant,3
petition,3
prototype,3
redeem,3
refuge,3
repel,3
republican,3
retrospect,3
revolt,3
saddle,3
salvation,3
shilling,3
siren,3
soluble,3
stalk,3
superfluous,3
tech,3
tempo,3
texture,3
thermal,3
toxic,3
transcend,3
virgin,3
voltage,3
whatsoever,3
archive,3
mediate,3
mentor,3
Swedish,3
yen,3
doctor's,3
groups,3
fifties,3
up?,3
undivided,3
beancurd,3
heartache,3
pretence,3
bathrobe,3
battleground,3
bedclothes,3
midautumn,3
tax-free,3
troops,3
boon,3
inclusion,3
astrologer,3
earthworm,3
fermentation,3
graft,3
grout,3
inherently,3
nanotechnology,3
theorem,3
unarmed,3
upmarket,3
windshield,3
gale,3
gruel,3
lagoon,3
fitting,3
reduced,3
degrees,3
face-to-face,3
seems,3
points,3
So,3
?,3
You'd,3
home-made,3
phew,3
whiteboard,3
Stand,3
tummy,3
up!,3
Bunny,3
telly,3
Native,3
campsite,3
hiding,3
Be,3
cardigan,3
is.,3
Hawaii,3
inflexible,3
freezer,3
fatty,3
fragrance,3
tolerable,3
subscriber,3
aggress,3
supporting,3
forgettable,3
dynamics,3
ladybird,3
attracted,3
Chicago,3
Neuschwanstein,3
Peru,3
Andes,3
Inca,3
Empire,3
Machu,3
Picchu,3
Cusco,3
Titicaca,3
Uros,3
Ecuador,3
Memphis,3
Colombo,3
Sri,3
Lanka,3
Sumatra,3
Chandra,3
Theeravit,3
FIFA,3
Aswan,3
Dam,3
UNESCO,3
Kremlin,3
Saint,3
Basil's,3
Web,3
Tchamani,3
Normans,3
Battle,3
Van,3
Emerald,3
Isle,3
Whitacre,3
Nevada,3
Lux,3
Aurumque,3
UNICEF,3
Coming-of-Age,3
La,3
Tomatina,3
Buñol,3
Naadam,3
Autonomous,3
Region,3
Medical,3
Wenhai,3
Scholarship,3
OB-GYN,3
Congress,3
Napa,3
Valley,3
Mission,3
Richmond,3
Tin,3
Bank,3
Canton,3
Portsmouth,3
Louis,3
Stevenson,3
Sputnik,3
USSR,3
Yuri,3
Gagarin,3
Neil,3
Armstrong,3
NASA,3
Voyager,3
Soyuz,3
Challenger,3
Jade,3
Rabbit,3
Goni,3
Adams,3
Phantom,3
Reid,3
Todd,3
Portia,3
Langham,3
Hitler,3
Elon,3
Musk,3
SARS,3
Amish,3
Sami,3
Sarek,3
Rapa,3
Siberian,3
inferences,3
Albania,3
comprised,3
LED,3
DDT,3
Victoria,3
non-Newtonian,3
Jet,3
Propulsion,3
Laboratory,3
Hoyle,3
Aisha,3
braised,3
Anthelme,3
Brillat-Savarin,3
Kazak,3
Louise,3
Jasper,3
Winnipeg,3
Butchart,3
Gardens,3
Quebec,3
Montreal,3
Jean-Philippe,3
Nova,3
Scotia,3
IV,3
CPR,3
Heimlich,3
Ages,3
Giotto,3
di,3
Bondone,3
Masaccio,3
Raphael,3
Rembrandt,3
Claude,3
Monet,3
Renoir,3
Giverny,3
Tadpoles,3
Searching,3
Cowboy's,3
Flute,3
Feeling,3
Clearing,3
After,3
Aristotle,3
Lao,3
Zi,3
Svalbard,3
Hurricane,3
Perce,3
Blackborow,3
Orde-Lees,3
Worsley,3
Crean,3
Hubert,3
Hudson,3
Lionel,3
Greenstreet,3
Crescent,3
Tagore,3
Barrett,3
Sonnets,3
Portuguese,3
Langston,3
Hughes,3
Asimov,3
Belmont,3
Gladys,3
Claffern,3
Braille,3
Three-Body,3
Problem,3
sulphuric,3
manuka,3
haka,3
Edmonds,3
Felicity,3
Tasmanian,3
Tasmania,3
duck-billed,3
platypus,3
Ceylon,3
Churchill,3
Ferdinand,3
Magellan,3
Zac,3
Sunderland,3
Papua,3
Guinea,3
Panama,3
drawers,3
categorise,3
Communist,3
Manifesto,3
Olivia,3
PETS,3
dandy,3
sari,3
tiramisu,3
Austrian,3
concerto,3
Polish,3
brushwork,3
walks,3
trill,3
unconstrained,3
unforgiving,3
bobsleigh,3
genome,3
fail-safe,3
immersive,3
fine-tune,3
state-of-the-art,3
blooming,3
fiddle,3
Clovis,3
scarfpin,3
encode,3
quo,3
concisely,3
intimidating,3
irresponsible,3
crises,3
piles,3
standardize,3
applied,3
attacker,3
delegation,3
doorstep,3
downhill,3
firewall,3
short-term,3
Jan.,3
Feb.,3
Jun.,3
Jul.,3
Aug.,3
Sept.,3
Nov.,3
Dec.,3
fortieth,3
fiftieth,3
sixtieth,3
seventieth,3
eightieth,3
ninetieth,3
Madame,3
efforts,3
steps,3
appearances,3
Belgium,3
Achilles',3
bestseller,3
unexplained,3
north-east,3
raised,3
modified,3
Inuit,3
intervals,3
charts,3
buffalo,3
Council,3
nicotine,3
Organization,3
butterflies,3
bible,3
bony,3
heiress,3
pregnancy,3
Amsterdam,3
sewing,3
Academy,3
Hamlet,3
sit-up,3
Jordan,3
Nelson,3
Mandela,3
Seattle,3
Goodall,3
watering,3
watching,3
CN,3
Eye,3
models,3
campfire,3
RSVP,3
studies,3
younger,3
shorter,3
heavier,3
smaller,3
Wood,3
Lily,3
Davis,3
Welles,3
'n',3
ballad,3
Jesus,3
forgiven,3
Williams,3
teens,3
aha,3
Mid-autumn,3
opening-up,3
homelessness,3
remarry,3
walker,3
English-speaking,3
Lynn,3
Steven,3
Kim,3
name?,3
My,3
And,3
welcome!,3
He,3
metres,3
tall.,3
You,3
problem.,3
Birthday!,3
Bus,3
Turn,3
so.,3
going?,3
baking,3
Maddy,3
pod,3
blown,3
wishes,3
All,3
well.,3
Debbie,3
seedling,3
When,3
U.S.A.,3
dropped,3
iced,3
peppers,3
karate,3
fruits,3
cookies,3
developer,3
Oxford,3
Bund,3
Edison,3
rediscover,3
ballroom,3
offering,3
motorist,3
racer,3
IOC,3
ex-husband,3
students,3
fires,3
asteroid,3
carton,3
bachelor's,3
master's,3
doping,3
Saturn,3
intensify,3
knew,3
Dutch,3
aimed,3
exams,3
sitting,3
Help,3
mediator,3
immobile,3
operable,3
adept,3
negligence,3
surmount,3
optic,3
degrade,3
habitual,3
unofficial,3
unlock,3
incapable,3
inhuman,3
incite,3
underscore,3
postwar,3
insider,3
washer,3
mountaineer,3
banish,3
emergence,3
insistence,3
accentuate,3
multilingual,3
dynamite,3
diversify,3
illiberal,3
dependable,3
literate,3
emigrant,3
communal,3
misquote,3
illegible,3
stepbrother,3
supplant,3
fishery,3
vibrant,3
dignify,3
rotary,3
impulsive,3
biosphere,3
intersect,3
tutorial,3
auditor,3
prepay,3
Walkman,3
alphabetical,3
displease,3
especial,3
exclusion,3
worsen,3
ooh,3
not?,3
weren't,3
wasn't,3
sweets,3
here's,3
sights,3
sodium,3
double-decker,3
downstream,3
landowner,3
shawl,3
triathlon,3
chum,3
staunch,3
cat's,3
knighthood,3
embroidery,3
gallop,3
stinky,3
oolong,3
pizzeria,3
plank,3
asthma,3
backflip,3
dazzling,3
poutine,3
stand-by,3
wig,3
emotive,3
rye,3
laureate,3
tactile,3
morsel,3
spiker,3
podium,3
crouch,3
finch,3
iguana,3
comb-like,3
fungus,3
fungal,3
permafrost,3
mirror-like,3
narcissist,3
obsessive,3
predicament,3
repulsive,3
hunched,3
downtrodden,3
crimson,3
sedately,3
code-name,3
ammunition,3
dire,3
daunting,3
fortify,3
shirk,3
crowning,3
squeak,3
tendon,3
mutt,3
positronic,3
termite,3
promenade,3
biomimicry,3
echo-location,3
superficially,3
alabaster,3
tinge,3
throb,3
catbird,3
wren,3
gypsy,3
primeval,3
moderator,3
detox,3
procrastination,3
unprecedentedly,3
reconstruction,3
confederate,3
consecrate,3
hallow,3
parakeet,3
floral,3
vertebrate,3
baboon,3
racoon,3
vexed,3
instinctively,3
grotto,3
ceramics,3
stratagem,3
entrepreneurial,3
afloat,3
toddler,3
megadrought,3
delve,3
shipwreck,3
barreleye,3
rekindle,3
simulated,3
conceivably,3
this?,3
meals,3
lifeguard,3
bead,3
disregard,3
architectural,3
lamppost,3
boots,3
great!,3
timing,3
mistook,3
sung,3
childlike,3
duckling,3
evening.,3
again!,3
today?,3
slippers,3
sneakers,3
"No,",3
sank,3
sunk,3
arose,3
arisen,3
windows,3
Mom,3
rebuilt,3
ridded,3
sewed,3
shrunk,3
children's,2
cards,2
Apple,2
Pay,2
WeChat,2
replica,2
sister-in-law,2
stepfather,2
wallpaper,2
Independence,2
Labour,2
fateful,2
sheltered,2
unplanned,2
sleeper,2
drumbeat,2
programs,2
after-class,2
infrequent,2
J.K.Rowling,2
God,2
Yin,2
Yang,2
Madam,2
baths,2
skis,2
loaves,2
abide,2
confined,2
drafted,2
whispers,2
fours,2
eyebrows,2
limits,2
eldest,2
erg,2
duple,2
distinguishable,2
append,2
wrest,2
pre-,2
wane,2
aide,2
aristocrat,2
Euro,2
homo,2
inwards,2
mechanize,2
mechanise,2
oftentimes,2
accomplished,2
accounting,2
added,2
bodily,2
catering,2
cocktail,2
controller,2
conversational,2
courier,2
crescent,2
cross-country,2
dealing,2
downside,2
earthen,2
forbidding,2
friendliness,2
imperfection,2
inspirational,2
likable,2
memoir,2
metaphorical,2
open-ended,2
ostensibly,2
overjoyed,2
paintball,2
plaza,2
raspberry,2
server,2
standing,2
supplier,2
supposedly,2
tamer,2
treasury,2
unworthy,2
businesswomen,2
chairwomen,2
curricula,2
housewives,2
spokeswomen,2
stateswomen,2
uphill,2
customary,2
borrower,2
homestay,2
midterm,2
playgoer,2
sceptic,2
skeptic,2
tracker,2
high-speed,2
knowing,2
eventful,2
finder,2
dietary,2
trusting,2
buried,2
unsatisfied,2
see-saw,2
birdwatching,2
taster,2
space-age,2
finalist,2
adaptive,2
helpline,2
Traditional,2
pointless,2
headlight,2
explanatory,2
proven,2
capitalism,2
admiring,2
AR,2
Augmented,2
MR,2
Mixed,2
cheater,2
turnover,2
intolerable,2
supermodel,2
self-respect,2
midway,2
finalize,2
shotgun,2
achiever,2
earner,2
transparency,2
rolling,2
broadcaster,2
forecasted,2
unwanted,2
hurtful,2
duty-free,2
rightful,2
occurred,2
passers-by,2
spokesmen,2
handkerchiefs,2
handkerchieves,2
adopted,2
aging,2
allowable,2
alternatively,2
archeological,2
archeologist,2
B.C.E.,2
belted,2
betting,2
breathlessly,2
broadly,2
capitalise,2
capitalised,2
carefulness,2
C.E.,2
challenged,2
cheerfully,2
cloudless,2
coincidental,2
coldness,2
colorfully,2
colourfully,2
columnist,2
commercialization,2
considerately,2
constructive,2
continued,2
contractor,2
controlled,2
critically,2
curved,2
developmental,2
diarrhea,2
difficultly,2
digitize,2
dimensional,2
discoverer,2
divorced,2
domination,2
dreadfully,2
drinker,2
economically,2
educationalist,2
energetically,2
energise,2
enthusiastically,2
feathered,2
fiercely,2
flagship,2
flavouring,2
focussed,2
folding,2
globally,2
hopelessness,2
humanism,2
industrialisation,2
insulting,2
investor,2
labor-saving,2
logically,2
manufacturing,2
marcher,2
materially,2
memorisation,2
microblogging,2
morally,2
mounting,2
nobility,2
ordered,2
outsider,2
painless,2
passively,2
personalize,2
pleasantly,2
preferably,2
preferred,2
purposely,2
resolved,2
respectfully,2
rudely,2
satisfactorily,2
selfishly,2
selfishness,2
sexually,2
skilfully,2
socialize,2
spiritually,2
spoilt,2
stillness,2
stimulating,2
straightforwardly,2
striped,2
structured,2
stupidly,2
sweetly,2
swelling,2
symbolically,2
t'ai,2
territorial,2
thrower,2
tonne,2
toughly,2
trading,2
truthfully,2
twisted,2
unbalanced,2
unfairly,2
unfairness,2
upsetting,2
usefully,2
variously,2
competency,2
Okay,2
replay,2
aflame,2
Aids,2
allergy,2
alumni,2
ancestral,2
appetizer,2
arctic,2
aubergine,2
bearded,2
bounty,2
bricklayer,2
BS,2
butler,2
cactus,2
cannonball,2
centenarian,2
cheeseburger,2
childishness,2
cloakroom,2
commencement,2
cosmetic,2
courteous,2
crossbar,2
crystallography,2
decathlon,2
deceptive,2
den,2
deterioration,2
discus,2
distracting,2
distressing,2
disuse,2
dominance,2
dribble,2
duster,2
elevated,2
empathic,2
endearing,2
et,2
cetera,2
evacuation,2
eyelash,2
faithless,2
fend,2
fleeting,2
flit,2
folder,2
frantically,2
frustrating,2
funfair,2
gem,2
grindstone,2
grit,2
grumble,2
gush,2
gutted,2
habitant,2
healthcare,2
helix,2
homecoming,2
housekeeper,2
hurdling,2
imaging,2
inappropriate,2
indigo,2
inertia,2
inevitably,2
infrared,2
inlay,2
inlet,2
interdependence,2
interface,2
IQ,2
ironically,2
itinerary,2
loathe,2
loft,2
lush,2
malfunction,2
Martian,2
meow,2
merciless,2
metallic,2
millisecond,2
miraculously,2
miserably,2
multiculturalism,2
nag,2
nanny,2
nestle,2
neurosurgeon,2
nobleman,2
optimal,2
orchid,2
outbound,2
overpopulation,2
pasta,2
pauper,2
peek,2
peninsula,2
pep,2
plaque,2
polytechnic,2
poo,2
portal,2
prehistory,2
raging,2
ransom,2
reminisce,2
rumbling,2
savoury,2
schoolhouse,2
serving,2
shortcake,2
shovel,2
silkworm,2
skydive,2
sleek,2
slideshow,2
slingshot,2
snowflake,2
soundness,2
sparkly,2
stammer,2
stance,2
suitably,2
synthesizer,2
Tanzanian,2
terrier,2
theatrical,2
themed,2
therapist,2
thoroughbred,2
twine,2
typography,2
ufo,2
undying,2
unseat,2
upwind,2
urbanization,2
utensil,2
varsity,2
vent,2
vigilant,2
villain,2
vodcast,2
voiced,2
watchman,2
womanhood,2
dramatist,2
conceivable,2
indifference,2
hasty,2
impatience,2
reign,2
sovereign,2
sovereignty,2
unhelpful,2
blunder,2
reconcile,2
serial,2
contrive,2
indecent,2
undesirable,2
monotonous,2
commonsense,2
alteration,2
responsive,2
plight,2
superstitious,2
unqualified,2
compensation,2
premium,2
extravagance,2
luxurious,2
renovation,2
formidable,2
plausible,2
radicalism,2
adjoin,2
edict,2
simultaneously,2
demonstration,2
resentment,2
cultivated,2
feeble,2
contestant,2
prestige,2
esteem,2
hamper,2
paragon,2
affiliate,2
fabricate,2
unveil,2
monopoly,2
monopolize,2
monopolise,2
glowing,2
flare,2
analogue,2
hoist,2
permeate,2
turbulence,2
thrift,2
marital,2
scrutiny,2
plea,2
plead,2
sophisticate,2
tactic,2
retribution,2
array,2
exsert,2
insertion,2
aggressor,2
digress,2
assimilate,2
procreate,2
tact,2
indefinite,2
counterbalance,2
countermand,2
contort,2
extort,2
ancestry,2
undervalue,2
uneducated,2
educationist,2
eminent,2
stroll,2
futile,2
maximize,2
speculation,2
ascribe,2
transient,2
dismissal,2
submissive,2
permissive,2
assuredly,2
declaim,2
identifiable,2
defection,2
multitude,2
infuse,2
predominant,2
insulate,2
bribery,2
adjacent,2
adverse,2
aesthetic,2
alloy,2
amiable,2
analytic,2
assassinate,2
audit,2
augment,2
avert,2
benign,2
coalition,2
commend,2
connexion,2
conspiracy,2
constituent,2
cordial,2
corrode,2
courtesy,2
credential,2
crust,2
cylinder,2
daunt,2
decimal,2
deduct,2
denote,2
desolate,2
deviate,2
dilute,2
disperse,2
dividend,2
edible,2
embed,2
endow,2
envisage,2
epoch,2
exempt,2
feat,2
formulae,2
fume,2
gauge,2
generalise,2
henceforth,2
heroin,2
hormone,2
hypothesis,2
ideology,2
impetus,2
inaugurate,2
incur,2
inhibit,2
intimidate,2
inventory,2
invert,2
irrespective,2
isle,2
jug,2
lad,2
lapse,2
latent,2
lateral,2
levy,2
liner,2
lure,2
malignant,2
meadow,2
mercury,2
minimise,2
mobilize,2
modernisation,2
module,2
moisture,2
mosaic,2
mutter,2
nostalgic,2
oath,2
obedience,2
obsession,2
opaque,2
optimum,2
overhaul,2
overlap,2
pasture,2
patron,2
persecute,2
pharmacy,2
pilgrim,2
porch,2
portray,2
premise,2
pretext,2
prophet,2
psychiatry,2
quantitative,2
quart,2
quiver,2
rake,2
recede,2
reed,2
reel,2
reflexion,2
refute,2
rein,2
remainder,2
resolute,2
rigorous,2
royalty,2
salient,2
saturate,2
scrap,2
seam,2
shear,2
shorthand,2
shutter,2
slack,2
slaughter,2
slot,2
sober,2
spectrum,2
spiral,2
spokesperson,2
stagger,2
stairway,2
strenuous,2
suffice,2
sulfur,2
sulphur,2
symposium,2
tan,2
tangle,2
tanker,2
thigh,2
thorn,2
tropic,2
turmoil,2
unanimous,2
velocity,2
velvet,2
void,2
watt,2
withhold,2
zeal,2
aggregate,2
algorithm,2
brevity,2
convene,2
cumulative,2
deploy,2
deter,2
elicit,2
facet,2
imminent,2
inflict,2
invoke,2
jurisdiction,2
paradigm,2
resilient,2
variance,2
warranty,2
beeper,2
healthily,2
mid-autumn,2
one-way,2
undersea,2
1970s,2
secrets,2
left-wing,2
right-wing,2
smoke-free,2
adventuress,2
jaw-dropping,2
gauze,2
decker,2
dustman,2
strategist,2
strategical,2
strategically,2
walkman,2
multifunction,2
multifunctional,2
seasoning,2
ground-breaking,2
broken-hearted,2
service-charge,2
shortwave,2
handtruck,2
appraise,2
recordholder,2
manatee,2
pimple,2
named,2
someplace,2
supplied,2
separated,2
events,2
settled,2
hopes,2
fields,2
sounds,2
demands,2
requirements,2
Games,2
lines,2
else's,2
That,2
house-warming,2
MS,2
sportsperson,2
Help!,2
"hip,",2
wham,2
croak,2
hamster,2
Sit,2
down.,2
chewing,2
Hurry,2
uh,2
Hands,2
pony,2
auntie,2
hood,2
Loch,2
Ness,2
superstar,2
night.,2
weightless,2
heartless,2
warmly,2
helpfully,2
nervousness,2
industrious,2
trying,2
mattress,2
urgency,2
scientifically,2
impractical,2
included,2
abruptly,2
attainable,2
gratify,2
respecting,2
inventive,2
11,2
Shacklton,2
losing,2
scenes,2
wonders,2
touches,2
brazil,2
fingertips,2
glued,2
Sichuan,2
volumes,2
goalposts,2
strikes,2
lengths,2
weeds,2
bases,2
roofs,2
mouses,2
Apr.,2
relays,2
matters,2
Department,2
Obstetrics,2
Gynecology,2
Huron,2
cardiopulmonary,2
resuscitation,2
Public,2
Test,2
System,2
weight-loss,2
Bigfoot,2
Shennongjia,2
white-water,2
rafting,2
mountaintop,2
Saxon,2
high-class,2
true-to-life,2
airfield,2
tricks,2
anti-smoking,2
Olympia,2
heavyweight,2
3-D,2
built-in,2
powder-free,2
white-flag,2
low-carbon,2
stand-up,2
little-known,2
deep-breathing,2
foolishness,2
official-looking,2
empty-handed,2
goodwill,2
Brit,2
boomerang,2
Goodwill,2
Ambassador,2
someone's,2
horse-drawn,2
Prime,2
Minister,2
user-friendly,2
newsflash,2
condemned,2
Impressionist,2
top-ranking,2
full-length,2
concubine,2
Pakistan,2
Kenya,2
Indonesian,2
elf,2
Buddha,2
problem-solving,2
HIV,2
over-the-counter,2
Ltd,2
smartly,2
correctional,2
downsize,2
unbeatable,2
pane,2
providing,2
elimination,2
Vatican,2
mitzvah,2
de,2
Janeiro,2
Bruce,2
Championships,2
Finland,2
Namibia,2
Shackleton,2
Elephant,2
Francis,2
Juliet,2
ALS,2
Ice,2
sub-zero,2
amounts,2
plants,2
listening,2
feeding,2
5th,2
12th,2
twenty-fifth,2
jumped,2
listened,2
Stone,2
gifts,2
careful!,2
toys,2
collecting,2
we'll,2
1st,2
2nd,2
3rd,2
4th,2
20th,2
21st,2
twenty-third,2
23rd,2
30th,2
thinner,2
stronger,2
Ella,2
WHO,2
re,2
Mapo,2
Pauline,2
Coco,2
Flora,2
Baker,2
Rowling,2
Auld,2
Lang,2
Syne,2
Kitty,2
spellbind,2
Samuel,2
Noah,2
midwestern,2
Houston,2
catfish,2
rapids,2
yak,2
farmyard,2
nationalism,2
Gandhi,2
Youth,2
League,2
anti-black,2
amber,2
Czar,2
Athens,2
PDA,2
android,2
millipede,2
choral,2
karaoke,2
tadpole,2
Christopher,2
rosebud,2
magpie,2
stir-fry,2
scurvy,2
rickets,2
Florida,2
fathom,2
nightfall,2
Bang,2
weightlessly,2
Rocky,2
Quaker,2
chimp,2
Gombe,2
Charlie,2
Chaplin,2
Ahmed,2
unspoken,2
modelled,2
joust,2
co-operative,2
Thames,2
Buckingham,2
sth,2
mildly,2
char,2
ointment,2
mosquitoes,2
mosquitos,2
sci-fi,2
crosswalk,2
Labor,2
untidy,2
film-maker,2
pity!,2
kimono,2
"Washington,",2
homeroom,2
teacup,2
later.,2
he?,2
she?,2
OK?,2
Do,2
job!,2
there?,2
luck!,2
Sports,2
countries,2
done.,2
work!,2
eggshell,2
Keller,2
Sullivan,2
lied,2
makes,2
Tess,2
Zeke,2
Sandra,2
Rex,2
Krista,2
One,2
please!,2
crossing.,2
blocks,2
SOS,2
Owen,2
bunny,2
banking,2
Desert,2
praises,2
problems,2
Frisbee,2
medication,2
snowmobile,2
self-confidence,2
mammoth,2
sap,2
rhinoceros,2
Gobi,2
Barrier,2
Reef,2
whodunit,2
symmetrical,2
pacific,2
happened,2
hamburgers,2
ostrich,2
mushrooms,2
onions,2
carrots,2
sweatpants,2
skid,2
juggler,2
helped,2
talked,2
tallest,2
shortest,2
smallest,2
longest,2
studying,2
subtitle,2
mitten,2
incorporated,2
Harvard,2
Oriental,2
Pearl,2
shame!,2
runny,2
earphone,2
lunchtime,2
Heaven,2
increasing,2
parlour,2
End,2
Broadcasting,2
Corporation,2
mini-skirt,2
You've,2
there.,2
Jennifer,2
Sun,2
Jamie,2
Open,2
Madrid,2
breakdance,2
Swan,2
tango,2
mane,2
elegantly,2
loch,2
phoenix,2
Ricky,2
Manchester,2
Auckland,2
Wellington,2
Hyde,2
present-day,2
over-fishing,2
snowboarding,2
snowrafting,2
non-smoking,2
G.K.Chesterton,2
groceries,2
paparazzi,2
Committee,2
self-employed,2
multi-cultural,2
ashtray,2
Lennon,2
Liverpool,2
details,2
vitae,2
Laurence,2
hotpot,2
2D,2
2-dimensional,2
booze,2
triathlete,2
cutlery,2
bio-technology,2
janitor,2
sprightly,2
jocund,2
bliss,2
betterment,2
resilience,2
omega,2
high-definition,2
Max,2
instructions,2
surrounded,2
required,2
Arts,2
Master,2
MA,2
VIP,2
resources,2
boiled,2
sorry.,2
Of,2
course.,2
centennial,2
longsighted,2
lengthy,2
postmark,2
secrete,2
consummate,2
publicize,2
inset,2
unsettle,2
exposition,2
collocate,2
impute,2
requisite,2
acquired,2
acting,2
enact,2
maltreat,2
misuse,2
habilitate,2
lax,2
dispense,2
picturesque,2
proximity,2
mishap,2
nourishment,2
nutritionist,2
biographer,2
artful,2
sonic,2
resonant,2
optician,2
optics,2
coordinator,2
closure,2
redouble,2
dissimilar,2
verisimilar,2
retrogress,2
transgress,2
disquiet,2
liquidate,2
denture,2
untouchable,2
overcast,2
puncture,2
enumerate,2
abase,2
abbreviate,2
administrate,2
distend,2
misinterpret,2
misguide,2
miscalculate,2
retract,2
unacceptable,2
unavoidable,2
unroll,2
unfasten,2
outflow,2
outweigh,2
overburden,2
overcharge,2
overdose,2
innocuous,2
immerge,2
inflow,2
ingest,2
introvert,2
forefather,2
interchange,2
interstellar,2
postmodern,2
superhuman,2
superstructure,2
cohere,2
dehydrate,2
deforest,2
eradicate,2
obtrude,2
excise,2
ex-president,2
ex-wife,2
abrogate,2
jailer,2
financier,2
absentee,2
canned,2
antecedent,2
provocation,2
emptiness,2
mirth,2
kitty,2
tardy,2
delinquency,2
infancy,2
meditative,2
sedate,2
illegitimate,2
remonstrate,2
pervade,2
impassive,2
afflict,2
neutralize,2
incompetent,2
mercantile,2
tack,2
ornate,2
insanity,2
replenish,2
volition,2
placid,2
diffident,2
parlor,2
pandemic,2
ellipse,2
scribble,2
autism,2
patriot,2
circumspect,2
curtail,2
baseborn,2
unprecedented,2
captious,2
indigestion,2
deport,2
discontent,2
destructible,2
banal,2
suspense,2
constrict,2
disprove,2
despond,2
phonograph,2
exhaustion,2
censure,2
quotative,2
belittle,2
illapse,2
irrevocable,2
synchronous,2
subculture,2
subtropics,2
subsidiary,2
subheading,2
antibody,2
vice-chairman,2
vice-manager,2
byproduct,2
bywork,2
stepchild,2
suffuse,2
forestry,2
rainproof,2
lonesome,2
notably,2
liberality,2
manhood,2
scripture,2
conservatory,2
lucid,2
implicate,2
complication,2
indignity,2
devour,2
voracious,2
predicate,2
ravage,2
perturb,2
vibrator,2
psychic,2
psychal,2
parasol,2
innate,2
inflammable,2
inflame,2
impure,2
impurity,2
insomnia,2
juror,2
sanctuary,2
concord,2
audible,2
inaudible,2
equable,2
deprivation,2
bilateral,2
multilateral,2
annals,2
annuity,2
biannual,2
perennial,2
anesthesia,2
aesthetics,2
phobia,2
vivacious,2
biweekly,2
twofold,2
twilight,2
tripod,2
extracurricular,2
extraneous,2
magnificence,2
malevolent,2
circumference,2
microfilm,2
microbe,2
microworld,2
geomagnetic,2
prefix,2
ingenuous,2
advantageous,2
filmdom,2
logician,2
mayoress,2
advancement,2
audio-visual,2
blacksmith,2
B.S.,2
E-book,2
enlargement,2
hovercraft,2
insecticide,2
steamship,2
townsman,2
accompaniment,2
airliner,2
cocoon,2
creek,2
doughnut,2
duel,2
fertilization,2
flyer,2
ginger,2
hobbyist,2
incomparable,2
inferiority,2
italic,2
itch,2
materialism,2
minimal,2
regularity,2
uppermost,2
uranium,2
aah,2
whoops,2
miaow,2
you'll,2
watches,2
stories,2
couldn't,2
painted,2
tied,2
Oh,2
dear!,2
didn't,2
wouldn't,2
haven't,2
hasn't,2
studied,2
ugh,2
festive,2
dodo,2
clam,2
incorrectly,2
potassium,2
magnesium,2
zinc,2
crucible,2
tongs,2
cannabis,2
shoplifting,2
saxophone,2
cosmonaut,2
fiancé,2
rotating,2
sutra,2
hydro-electric,2
spaceport,2
doormat,2
salaam,2
Hindu,2
neurone,2
bioinformatician,2
pathologist,2
firearm,2
borough,2
confiscate,2
ibis,2
Orientation,2
wi-fi,2
horses,2
fingers,2
lips,2
ships,2
Gregorian,2
Goldbach's,2
Conjecture,2
Tube,2
heart's,2
boxes,2
Poet,2
Laureate,2
strains,2
expectations,2
uncomplicated,2
solutions,2
boa,2
constrictor,2
finances,2
chacma,2
reunited,2
Apsaras,2
Taoist,2
Ching,2
Analects,2
Sinologist,2
waters,2
instantaneously,2
ice-skating,2
shh,2
Shall,2
statistical,2
footnote,2
restart,2
jogger,2
accordion,2
planner,2
eater,2
unbroken,2
easterner,2
fishy,2
airsickness,2
bust,2
untouched,2
picky,2
windmill,2
killer,2
reposition,2
unsatisfactory,2
positively,2
feeder,2
gatherer,2
cheerleader,2
fatten,2
canopy,2
ordinarily,2
victorious,2
bellow,2
extremity,2
brook,2
unwrap,2
telecommunication,2
leisurely,2
woolly,2
soloist,2
makeup,2
milligram,2
molecular,2
pier,2
glorify,2
miser,2
lime,2
pail,2
painkiller,2
Polynesian,2
proceeding,2
stimulant,2
stimulus,2
synonym,2
tickle,2
yacht,2
crook,2
mare,2
metabolism,2
mistrust,2
overpower,2
ripple,2
saliva,2
scorch,2
sideline,2
soothe,2
spout,2
squash,2
streamer,2
swirl,2
Don't,2
Take,2
hairpin,2
ponytail,2
aborigine,2
apostrophe,2
boiling,2
chiefly,2
evenly,2
fearsome,2
firefly,2
first-rate,2
foreword,2
freshen,2
gravel,2
incurable,2
inexperienced,2
irreplaceable,2
judo,2
keeping,2
laden,2
lizard,2
maize,2
mustn't,2
neigh,2
p,2
prune,2
ramble,2
sapling,2
sash,2
shrunken,2
shudder,2
sleigh,2
spinach,2
sprint,2
there's,2
unused,2
unwise,2
uproot,2
we're,2
chromosome,2
"Fine,",2
Hello.,2
e-friend,2
quack,2
"fine,",2
thanks.,2
twenty-eight,2
smiling,2
Studies,2
spaceman,2
Winter,2
me!,2
Math,2
films,2
articular,2
cockney,2
textiles,2
splendor,2
Hi.,2
Goodbye!,2
Look!,2
Ha!,2
Great!,2
Hello!,2
Thanks.,2
Anything,2
idea!,2
tomorrow.,2
Not,2
wept,2
ideas,2
feelings,2
sweeping,2
answering,2
planting,2
come?,2
e-pal,2
plays,2
likes,2
jumps,2
runs,2
dances,2
stones,2
cooks,2
washes,2
draws,2
writes,2
surfs,2
BRT,2
Rapid,2
Transit,2
watered,2
pets,2
emails,2
animals,2
stores,2
personalization,2
adaption,2
organizational,2
awoke,2
awoken,2
bitten,2
forgave,2
sewn,2
shaved,2
shaven,2
shrank,2
sowed,2
sown,2
tore,2
undertook,2
undertaken,2
south-east,2
fancied,2
slid,2
Taishan,2
pencil-case,2
forgiving,1
AV,1
HD,1
registered,1
earth's,1
forty-two,1
unfreeze,1
regulations,1
low-cost,1
carotenoid,1
antioxidant,1
build-it-yourself,1
unreachable,1
heaven-sent,1
solving,1
expectedly,1
POS,1
undiscovered,1
hunter-gatherer,1
self-checkout,1
slowness,1
au,1
self-study,1
storeroom,1
diseases,1
uninvited,1
disused,1
brew,1
wrongdoer,1
adobe,1
annoyingly,1
searching,1
falling,1
brother-in-law,1
daughter-in-law,1
overeating,1
self-conscious,1
Fool's,1
Teacher's,1
goodnight,1
clouds,1
overlearn,1
monkey-pox,1
unintended,1
beautician,1
bartender,1
processing,1
washing-machine,1
higher,1
between-class,1
performing,1
step-mother,1
decorated,1
honored,1
bridges,1
deeds,1
plans,1
needn't,1
abreast,1
resumé,1
quizzes,1
airing,1
bathed,1
bidder,1
catcher,1
childcare,1
co-author,1
compassionate,1
conditioned,1
confirmed,1
conflicting,1
coworker,1
decidedly,1
displeased,1
footpath,1
globalisation,1
graded,1
haven,1
healing,1
homemaker,1
in-depth,1
in-person,1
intellectualize,1
juicer,1
lowland,1
marmalade,1
masterwork,1
medicinal,1
messaging,1
modeling,1
mother-in-law,1
mountainside,1
newness,1
non-native,1
onboard,1
one-off,1
onetime,1
openness,1
overbook,1
overeat,1
papers,1
policymaker,1
powerhouse,1
reaches,1
readout,1
reconnect,1
removed,1
renewal,1
roasting,1
salesclerk,1
scheduled,1
self-reflection,1
shelve,1
sliced,1
specifics,1
undoing,1
unimaginable,1
viewership,1
wonderment,1
workable,1
zookeeper,1
curriculums,1
undid,1
tops,1
feedbag,1
pricey,1
battleship,1
ripeness,1
driveway,1
preventative,1
all-time,1
onstage,1
dividing,1
half-time,1
round-up,1
long-distance,1
hotspot,1
affected,1
misinformation,1
bouncy,1
rewound,1
decision-maker,1
purposeless,1
quitted,1
on-board,1
founded,1
leakage,1
burner,1
misspell,1
sealed,1
reportage,1
methodical,1
raising,1
onlooker,1
look-see,1
matchbox,1
bather,1
guardian,1
mousetrap,1
matter-of-fact,1
practised,1
practiced,1
tights,1
wake-up,1
Supreme,1
Court,1
carry-on,1
conveyor,1
proved,1
sponsorship,1
piecework,1
beheld,1
becoming,1
turnaround,1
open-air,1
sacrificial,1
eco-friendly,1
rudeness,1
obtainable,1
troublemaker,1
trouble-free,1
roughen,1
destroyer,1
win-win,1
copyist,1
predictive,1
longtime,1
shortlist,1
cross-examine,1
double-check,1
runaway,1
managerial,1
treasured,1
seamen,1
pianos,1
blinding,1
booster,1
bottomless,1
calligrapher,1
Compact,1
Disc,1
comprehensively,1
connectedness,1
dismissive,1
dominating,1
dynamism,1
engaging,1
enhancement,1
estimation,1
facilitation,1
facilitator,1
flavored,1
flavoured,1
follow-up,1
frankness,1
goalpost,1
highlighter,1
inquiring,1
enquiring,1
insightful,1
massively,1
memorization,1
neighbouring,1
objectivity,1
oddly,1
overly,1
personalise,1
Ph.D.,1
ready-made,1
recognized,1
responsibly,1
steaming,1
stuffed,1
sufficiently,1
thirstily,1
abdominal,1
alpine,1
anon,1
anthem,1
arcade,1
arid,1
assistive,1
audiovisual,1
autobiographical,1
baked,1
barcode,1
barefoot,1
barge,1
bellboy,1
bewildered,1
big-ticket,1
boar,1
bouquet,1
boutique,1
breeder,1
butt,1
cantankerous,1
cartilage,1
cello,1
cellist,1
chapel,1
chauffeur,1
churn,1
clad,1
clinch,1
clippers,1
commendation,1
compelling,1
compulsion,1
continually,1
counsellor,1
cranberry,1
cubism,1
dating,1
datum,1
depletion,1
domestically,1
doomed,1
duly,1
eco-tourist,1
ecstasy,1
e-learning,1
elective,1
estuary,1
evaluative,1
exploitation,1
falter,1
favoured,1
fearfully,1
ferryboat,1
florist,1
footage,1
fundamentally,1
genus,1
gripping,1
groundbreaking,1
growl,1
gubernatorial,1
haggle,1
handicapped,1
hath,1
hereditary,1
hobo,1
horrified,1
hula,1
hydraulic,1
impairment,1
indifferently,1
infrastructural,1
insuperable,1
interplanetary,1
intervening,1
jellyfish,1
joyfully,1
lee,1
lifeline,1
luncheon,1
malarial,1
merchandiser,1
merrily,1
mutilate,1
navigable,1
neon,1
nibble,1
nondestructive,1
overfish,1
overlapping,1
panicky,1
parasailing,1
pawnshop,1
pearly,1
peg,1
phantom,1
phonetic,1
plankton,1
portrayal,1
Zip,1
Code,1
premature,1
principled,1
pro-environment,1
promptly,1
prospectus,1
puberty,1
radiocarbon,1
rancid,1
ratify,1
reassess,1
received,1
ringtone,1
sanitizer,1
scam,1
scattered,1
self-motivated,1
selling,1
shoreline,1
sighted,1
solstice,1
sonar,1
spa,1
spank,1
speedboat,1
squeal,1
stacks,1
stalwart,1
stealth,1
stewed,1
stink,1
stubbornly,1
stunt,1
supplementary,1
temp,1
terracotta,1
tiller,1
trendsetter,1
trilby,1
trilithon,1
tum,1
twitter,1
unceasing,1
uncomprehending,1
unrealistic,1
unregulated,1
unscripted,1
untag,1
vending,1
visuals,1
vulnerability,1
walkathon,1
weakling,1
well-built,1
well-dressed,1
well-educated,1
well-kept,1
well-lit,1
whoop,1
witchcraft,1
workroom,1
idleness,1
scarcity,1
lameness,1
hasten,1
hindrance,1
advocation,1
brilliance,1
barbarian,1
barbarous,1
unrelated,1
democratism,1
compliance,1
desirability,1
deliberation,1
deliberative,1
liberalism,1
schema,1
intensively,1
injurious,1
puzzlement,1
subtly,1
subtlety,1
debtor,1
debtee,1
alternation,1
naively,1
naivety,1
letters,1
blight,1
alight,1
displacement,1
extravagantly,1
spiteful,1
ceaseless,1
flourishing,1
strikingly,1
radically,1
racist,1
rationalization,1
adjoining,1
restrained,1
self-restrained,1
gambler,1
extrinsic,1
diagnostic,1
terminator,1
satirize,1
satirical,1
resentful,1
hostility,1
unprivileged,1
penalize,1
well-noted,1
executor,1
executioner,1
dishonorable,1
dishonourable,1
dishonor,1
unfashionable,1
defender,1
outrageous,1
humiliating,1
humiliation,1
perplexed,1
detest,1
formalize,1
formalise,1
well-informed,1
ill-informed,1
fabrication,1
disgraceful,1
glowingly,1
radiator,1
inhabitable,1
mourner,1
analogous,1
permeation,1
brute,1
economize,1
economise,1
suburbanization,1
worshiper,1
crafty,1
certified,1
certification,1
assimilation,1
assimilative,1
comprehensible,1
contemptuous,1
procreative,1
uncountable,1
conformity,1
competently,1
incapability,1
capacious,1
contraband,1
criminalist,1
criminalistic,1
criminalistics,1
tortuous,1
contortionist,1
extortion,1
compressible,1
oppression,1
oppressive,1
decisively,1
enlightened,1
recruiter,1
validate,1
validity,1
allocation,1
disorganized,1
speculative,1
speculator,1
individualist,1
individualistic,1
subcommittee,1
motionless,1
omission,1
inconsistent,1
presumption,1
presumptively,1
presumptuous,1
self-assured,1
wholesale,1
retailer,1
disruption,1
disaffect,1
disaffected,1
effectuate,1
intimidation,1
prevailing,1
profoundly,1
diffusion,1
insulation,1
boldness,1
exploratory,1
abdomen,1
accommodations,1
esthetic,1
air-conditioning,1
alienate,1
allegiance,1
amidst,1
amplify,1
anguish,1
antenna,1
appal,1
appall,1
archeology,1
artery,1
aural,1
bibliography,1
brace,1
brisk,1
cannon,1
cardinal,1
censorship,1
chancellor,1
clergy,1
cloak,1
cohesive,1
commonwealth,1
compartment,1
composite,1
contemplate,1
converge,1
credentials,1
culprit,1
cunning,1
databank,1
debut,1
deceit,1
degenerate,1
deplore,1
discourse,1
discrepancy,1
dissipate,1
distill,1
divine,1
ebb,1
embark,1
empirical,1
enclosure,1
endorse,1
entity,1
escalate,1
escort,1
fantastical,1
feudal,1
fiscal,1
flatter,1
franchise,1
freelance,1
fuse,1
glamor,1
glamour,1
grim,1
grope,1
surmise,1
guild,1
herald,1
hierarchy,1
hinge,1
hitherto,1
homogeneous,1
hound,1
huddle,1
hurl,1
hypocrisy,1
hysterical,1
incidentally,1
indexes,1
indices,1
instal,1
intelligible,1
intercourse,1
interim,1
intermittent,1
jargon,1
jolly,1
layman,1
linen,1
linguistic,1
lofty,1
lubricate,1
lumber,1
magistrate,1
maneuver,1
masculine,1
massacre,1
memoranda,1
menace,1
militant,1
moan,1
mobilise,1
momentum,1
narrative,1
necessitate,1
normalization,1
normalisation,1
notwithstanding,1
nuclei,1
numerical,1
obsolete,1
offset,1
okey,1
outfit,1
pact,1
pamphlet,1
panorama,1
parameter,1
pendulum,1
periodical,1
gasolene,1
plaintiff,1
plumber,1
pope,1
portfolio,1
mailman,1
proceedings,1
propaganda,1
prudent,1
qualitative,1
reciprocal,1
reckless,1
rectify,1
regime,1
rehearse,1
remnant,1
repression,1
resultant,1
retention,1
retrieve,1
robust,1
ruthless,1
shipment,1
snobbish,1
stagnant,1
statical,1
streamline,1
strife,1
synthesis,1
syntheses,1
tariff,1
theses,1
threshold,1
throne,1
tilt,1
torrent,1
treason,1
trolly,1
tropics,1
underlying,1
valve,1
ventilate,1
verge,1
vicinity,1
vicious,1
wedge,1
whiskey,1
wholesome,1
wink,1
wrench,1
albeit,1
align,1
bolster,1
concurrent,1
configuration,1
contingent,1
coronavirus,1
culminate,1
demographic,1
deplete,1
discrete,1
discretion,1
equity,1
lawsuit,1
lucrative,1
mandate,1
overt,1
plagiarism,1
propagate,1
protocol,1
proximate,1
quarantine,1
rhetoric,1
stagnate,1
stipulate,1
surveillance,1
temporal,1
viable,1
whereby,1
meridiem,1
co-operate,1
bleat,1
earlier,1
half-way,1
playhouse,1
roller-skating,1
showery,1
two-story,1
lived,1
dining-room,1
pen-friend,1
turnoff,1
jawbone,1
keyhole,1
kick-start,1
overbite,1
runner-up,1
run-down,1
sexy,1
unspecific,1
emigration,1
brokenhearted,1
bureaucrat,1
easygoing,1
snackbar,1
idealist,1
letter-box,1
questions,1
universities,1
introduced,1
joined,1
measured,1
treated,1
flames,1
God's,1
changed,1
good-for-nothing,1
days,1
followed,1
reported,1
rooms,1
arrangements,1
On,1
",",1
sands,1
airs,1
performances,1
self-trust,1
phrases,1
"know,",1
"see,",1
photographs,1
pills,1
tens,1
students',1
golfer,1
newsletter,1
yippee,1
yuk,1
heeheehee,1
abracadabra,1
hooray!,1
yoyo,1
Argentina,1
dotted,1
budgie,1
cornflakes,1
Puma,1
Ranch,1
Yours,1
flipper,1
lolly,1
Nintendo,1
huh,1
grandad,1
jet-ski,1
snorkelling,1
sheriff,1
Really?,1
ICT,1
towers,1
Mayflower,1
kingfisher,1
riverbank,1
Tiger,1
celery,1
corn-on-the-cob,1
grains,1
footballer,1
Nottingham,1
Sherwood,1
Spiderman,1
Dunvegan,1
Edinburgh,1
Glasgow,1
Nessie,1
Zoo,1
dice,1
fete,1
atishoo,1
quiet.,1
blazer,1
Bless,1
tock,1
L.,1
Lakers,1
what?,1
go!,1
wolfie,1
doggie,1
rock'n'roll,1
familiarize,1
repairable,1
repairer,1
relator,1
bearable,1
exceptive,1
hind,1
gladness,1
gladden,1
unwillingness,1
voluntarily,1
connections,1
rectangular,1
brains,1
ugliness,1
scolding,1
helplessly,1
worktop,1
weaver,1
tasteful,1
wildness,1
heaviness,1
awkwardness,1
unaccustomed,1
motorcyclist,1
emotionless,1
wanderer,1
snowfall,1
uptown,1
investigator,1
catastrophic,1
ashes,1
unease,1
dampen,1
emergent,1
unambiguous,1
forcefully,1
stylish,1
vocable,1
selected,1
arc,1
extracurriculum,1
theoretically,1
dynast,1
imaginatively,1
statist,1
mutually,1
robotic,1
existent,1
donator,1
plasticity,1
quickness,1
Achilles,1
sb's,1
astonishingly,1
agriculturalist,1
appendices,1
appendixes,1
magnifier,1
jewelery,1
heroes,1
sizeable,1
specialization,1
crafts,1
aggressively,1
aggressiveness,1
cleanup,1
cold-blooded,1
dampness,1
sleepiness,1
ninety-one,1
ninety-first,1
seated,1
Cheer,1
extremes,1
couples,1
difficulties,1
occurs,1
packs,1
scissor,1
categories,1
lay-off,1
meritorious,1
Yeti,1
Angle,1
Conquest,1
tae,1
kwon,1
power-free,1
relations,1
crosstalk,1
Brunei,1
end-of-term,1
Nunavut,1
Kakado,1
Polynesia,1
Rotura,1
Plains,1
salicylic,1
acupuncturist,1
melodie,1
thou,1
thee,1
bonnie,1
somebody's,1
Portugal,1
Lebanon,1
sporting,1
Colosseum,1
Angkor,1
Wat,1
Cambodia,1
Turk,1
tulip,1
fraternity,1
Scot,1
seedless,1
trustworthy,1
reddish,1
biblical,1
Hebrew,1
Afghanistan,1
centred,1
Ethiopia,1
headlines,1
Nigeria,1
repayment,1
hydroelectricity,1
Costa,1
Rica,1
Midwestern,1
Romany,1
Gypsy,1
fortune-telling,1
unprotected,1
downer,1
LSD,1
abuser,1
forces,1
Intellectual,1
Property,1
glamorous,1
well-paid,1
cast-iron,1
self-confident,1
investigative,1
Limited,1
allowances,1
self-educated,1
pocket-sized,1
informer,1
pre-owned,1
room-mate,1
allusion,1
catch-22,1
Herculean,1
Samaritan,1
Biblical,1
brutality,1
cartoonist,1
cell-phone,1
coinage,1
congressional,1
haunch,1
institutional,1
knowhow,1
telescopic,1
uninformed,1
Peabody,1
Eleanor,1
Forum,1
Coliseum,1
Sistine,1
Chapel,1
Shannon,1
coming-of-age,1
Jugendfeier,1
quinceanera,1
Guru,1
semi-,1
Lizzie,1
fullest,1
sockencranz,1
diagnosed,1
Reed,1
Macintosh,1
Woz,1
NeXT,1
Whole,1
Catalog,1
anti-malarial,1
Tu,1
Youyou,1
Physiology,1
Book,1
Songs,1
Ge,1
Eastern,1
Jin,1
putonghua,1
Literature,1
Carnegie,1
fat-free,1
sanitiser,1
DDS,1
Dental,1
Surgery,1
Cochrane,1
Ricardo,1
Vidal,1
Gonzalez,1
Mayo,1
Clinic,1
Parkinson's,1
Vincent,1
Dylan,1
Hunza,1
Caucasus,1
Okinawa,1
Joao,1
Dindim,1
galette,1
des,1
rois,1
Programs,1
Office,1
globalise,1
Louisiana,1
Beckham,1
Jules,1
Mel,1
Hannah,1
Jess,1
Attenborough,1
Dacher,1
Keltner,1
Salty,1
Winnie,1
Serbian,1
herd-boy,1
Darwin,1
Orange,1
County,1
whaling,1
Chilean,1
Endurance,1
Weddell,1
Ross,1
sea-sick,1
solar-powered,1
roof-top,1
easy-care,1
Qinghai-Tibet,1
Plateau,1
make-believe,1
Rosalind,1
Franklin,1
King's,1
Maurice,1
Wilkins,1
Crick,1
Aboriginal,1
Charlemagne,1
Kuuk,1
Thaayorre,1
Lund,1
MRI,1
Northwestern,1
Alzheimer's,1
empathise,1
Bucket,1
Challenge,1
Journal,1
Consumer,1
drive-through,1
Rincon,1
Alpine,1
first-aid,1
Caroline,1
Philippines,1
Hopper,1
non-profit,1
Mangkhut,1
Briton,1
bund,1
hot-dog,1
ok,1
playtime,1
crayons,1
10th,1
25th,1
climbed,1
rowed,1
drinks,1
15th,1
Potala,1
Queen's,1
raccoon,1
moose,1
English-Chinese,1
Information,1
Centre,1
ledge,1
Mogao,1
Caves,1
jigsaw,1
puzzles,1
erasers,1
Dear,1
pipa,1
apples,1
having,1
BDS,1
Munich,1
Alaska,1
Papa,1
Westray,1
smarter,1
faster,1
Turpan,1
licked,1
laughed,1
teacher's,1
Finnish,1
Timo,1
Halla,1
Helsinki,1
kilos,1
CPC,1
Founding,1
hundredth,1
thousandth,1
millionth,1
aster,1
J.K.,1
togetherness,1
Times,1
Sham,1
El-Nessim,1
déjà,1
vu,1
universes,1
mix-up,1
J.,1
K.,1
Margot,1
Johnson,1
Webster,1
Lori,1
Texas,1
Buford,1
Lester,1
Mekong,1
Laos,1
Laotian,1
selflessly,1
Mohandas,1
Elias,1
Johannesburg,1
ANC,1
Robben,1
Transkei,1
Cape,1
Town,1
Taj,1
Mahal,1
Frederick,1
Prussia,1
Petersburg,1
Catherine,1
Königsberg,1
Baltic,1
Leningrad,1
Windsor,1
Hasek,1
Czech,1
Hans,1
Braun,1
Petrov,1
Johann,1
Webber,1
Pausanias,1
Atalanta,1
Hippomenes,1
Babbage,1
Turing,1
Nagoya,1
Daisy,1
Zimbabwe,1
Milu,1
Mauritius,1
Colobus,1
Monkees,1
Freddy,1
Obon,1
Trinidad,1
Hari,1
woven,1
Twain,1
Hannibal,1
Missouri,1
Mississippi,1
Huckleberry,1
Finn,1
Langhorne,1
Clemens,1
Horace,1
Calgary,1
stampede,1
Thunder,1
Superior,1
State,1
Joan,1
Arc,1
Fry,1
Welfare,1
Institute,1
Jody,1
soyabean,1
Edward,1
Lear,1
worn-out,1
Sherlock,1
Holmes,1
Garcia,1
Akira,1
Nagata,1
Aziz,1
Darlene,1
Coulon,1
Camelot,1
Merlin,1
Wizard,1
Futuroscope,1
T-Rex,1
Nicolaus,1
Copernicus,1
Heathrow,1
Avon,1
Severn,1
Midlands,1
Paul's,1
Westminster,1
Abbey,1
Greenwich,1
Highgate,1
Cemetery,1
etc,1
sprained,1
Casey,1
Janson,1
Slade,1
Southerton,1
spilt,1
spilled,1
leapt,1
leaped,1
Soviet,1
Socialist,1
Republics,1
Aeronautics,1
Administration,1
positioning,1
"Educational,",1
Scientific,1
Cultural,1
WWW,1
aquariums,1
aquaria,1
light-emitting,1
diode,1
braille,1
Mister,1
Cuba,1
snowmen,1
mouths,1
bow-wow,1
workbook,1
Lost,1
Found,1
townhouse,1
farmhouse,1
biogas,1
best-known,1
maglev,1
planter,1
kowtow,1
hard-wearing,1
brainstorm,1
redesign,1
Civil,1
jeweled,1
freestyle,1
Jamaican,1
scrapbook,1
papa,1
redwood,1
rostrum,1
light-colored,1
reflector,1
curry,1
slurp,1
cold-colored,1
catwalk,1
cheongsam,1
western-style,1
erhu,1
Slow,1
wins,1
race.,1
cried,1
Hope,1
Freddie,1
Workers',1
aachoo,1
takeout,1
P.S.,1
Rover,1
tablecloth,1
Heidi,1
moo,1
fine.,1
"you,",1
guessing,1
colours,1
see?,1
feel?,1
stomachache.,1
headache.,1
Time,1
breakfast?,1
me?,1
buy?,1
order?,1
do?,1
42,1
Go,1
street.,1
lights.,1
Yes?,1
noises,1
Come,1
on!,1
weather?,1
Boxing,1
date?,1
holidays?,1
Terra,1
Cotta,1
Warrior,1
Goose,1
Pagoda,1
yay,1
hand-made,1
Dora,1
Monica,1
Greenwood,1
Glen,1
Riverside,1
High,1
Alicia,1
therein,1
Aaron,1
surfboard,1
Dena,1
Morin,1
pow-wow,1
rights,1
toot,1
photos!,1
fights,1
G'day,1
mates!,1
waves,1
First,1
Sara,1
aching,1
appendicitis,1
planetary,1
woodcutter,1
dived,1
Chip,1
milkweed,1
titanic,1
Danielle,1
peacemaker,1
Fear,1
Theory,1
Relativity,1
Hybrid,1
Rice,1
T.B.,1
Anti-Japanese,1
Honesty,1
policy.,1
billions,1
neither.,1
Secretary-General,1
Security,1
Agency,1
earliest,1
falls,1
Benny,1
Cox,1
Patrick,1
Grant,1
fitted,1
yearbook,1
Lucas,1
Jeremy,1
hoverboard,1
transporter,1
misspelled,1
peas,1
minutes,1
"noise,",1
ready!,1
heights,1
Grandpa,1
best-built,1
pleasure.,1
Most-Improved,1
Student,1
Practice,1
perfect.,1
Tai,1
Chi,1
budding,1
babysat,1
groundhog,1
compost,1
egret,1
Zoe,1
long-eared,1
jerboa,1
long-nosed,1
mzee,1
desk-cycle,1
thumbs-up,1
Mariana,1
Akia,1
Bosphorous,1
Groundhog,1
"joking,",1
Fools',1
seconds,1
Every,1
sides.,1
for?,1
point.,1
thirds,1
Lakes,1
Marshall,1
Neva,1
Oba,1
Karla,1
Kylie,1
Pele,1
Betty,1
Etta,1
Diffo,1
Nan,1
firemen,1
dreams,1
allowed,1
chores,1
slightest,1
sth.'s,1
routes,1
roughneck,1
hippopotamus,1
wildebeest,1
tern,1
salmon,1
flamingo,1
camouflage,1
snout,1
musher,1
ATV,1
all-terrain,1
clarinet,1
Pirates,1
Caribbean,1
vulture,1
V-shaped,1
Mayan,1
woodcarving,1
Baikal,1
Elbrus,1
Asiatic,1
lynx,1
casino,1
Formula,1
Grand,1
Prix,1
hatchery,1
wiry,1
megacity,1
floodgate,1
ultramarathon,1
paraskiing,1
Socotra,1
Siberia,1
Trans-Siberian,1
Etosha,1
waterhole,1
Chile,1
inhabited,1
cadmium,1
Uzbekistan,1
Kazakhstan,1
Oakland,1
hedgehog,1
Barcelona,1
Belgian,1
Syria,1
Iraq,1
Istanbul,1
modernism,1
grounds,1
Versailles,1
Oklahoma,1
re-enter,1
ventilation,1
helium,1
Ann,1
Mocky,1
Uncle,1
Booky,1
octopus,1
eggplants,1
patted,1
handlebars,1
self-driving,1
puddle,1
trashcan,1
juggle,1
wanted,1
passed,1
looked,1
coughed,1
decided,1
checked,1
heaviest,1
youngest,1
thinnest,1
traveled,1
firefighting,1
fast-food,1
Arsenal,1
Fragrant,1
Hills,1
Heaven's,1
how-to,1
continuing,1
adding,1
earmuff,1
Wristies,1
popsicle,1
headband,1
typesetting,1
braid,1
voting,1
co-founder,1
inc.,1
bluntly,1
first-ever,1
seeding,1
Rockets,1
Rookie,1
Month,1
All-star,1
Silk,1
Macau,1
cameraman,1
speeches,1
horse-riding,1
weightlifting,1
horse-rider,1
weightlifter,1
pyjama,1
Pyramids,1
Maikhao,1
Monster,1
LCD,1
e-ticket,1
decision-making,1
starfruit,1
good-looking,1
great-grandpa,1
great-grandma,1
inheritance,1
dressmaker,1
Ingrid,1
Bergman,1
Nemo,1
Bridget,1
Octopus,1
Pat,1
Yat-sen,1
Roberts,1
Blackwell,1
Serena,1
Richard,1
Brandi,1
Bailey,1
Reeve,1
Dana,1
Eva,1
Alison,1
Kathleen,1
Barbara,1
Atlanta,1
DC,1
Streams,1
lowdown,1
Wimbledon,1
Real,1
Romeo,1
BMW,1
Bavarian,1
Motor,1
Works,1
Pentagon,1
Angela,1
Rosseto,1
Anderson,1
Turner,1
Alanis,1
Morissette,1
Tchaikovsky,1
Pablo,1
Wassily,1
Kandinsky,1
Hockney,1
Mona,1
Carlos,1
Gardel,1
Kiki,1
Nenny,1
Cisneros,1
Eamon,1
Juan,1
Gris,1
Stanford,1
Mt,1
Eden,1
Parnell,1
Village,1
Blue,1
Darling,1
Venice,1
Budapest,1
fiery,1
Biarni,1
Leif,1
Eddison,1
T.S.,1
Eliot,1
Michelle,1
Jonathan,1
Orwell,1
Roald,1
Amundsen,1
Edgar,1
Evans,1
Oates,1
Marek,1
Kaminski,1
Wojtek,1
Moskal,1
Rudyard,1
Kipling,1
Scandinavia,1
Greenland,1
Newfoundland,1
Aegean,1
Colorado,1
Brisbane,1
Queensland,1
visually,1
Gray,1
Angus,1
Deayton,1
Cooper,1
Gordon,1
Selfridge,1
Meyer,1
Janet,1
Spielberg,1
Lindbrow,1
Diana,1
Janice,1
Moore,1
Bold,1
Lillian,1
Derbyshire,1
Shonda,1
Shelley,1
Sherri,1
Shirin,1
Cameron,1
Morgan,1
Norma,1
Marilyn,1
Monroe,1
Christina,1
Groot,1
Pete,1
Fiona,1
Barry,1
Humphries,1
Weller,1
Leeds,1
Kingston,1
Gorton,1
Utrecht,1
Salovey,1
Mayer,1
Tennyson,1
Wilson,1
Mizner,1
Stephens,1
Blackstone,1
Judith,1
Wainwright,1
Alvin,1
Toffler,1
Lyons,1
Traeger,1
Katherine,1
Whitehorn,1
Nicholas,1
Jenkins,1
Bacon,1
Galileo,1
Galilei,1
Dragon-Boat,1
Mahatma,1
bars,1
regarded,1
networking,1
unmotivated,1
motivating,1
unrecyclable,1
innovator,1
Leo,1
Watt,1
Columbia,1
justification,1
expansive,1
records,1
repairs,1
opened,1
open-book,1
close-book,1
BA,1
BSc,1
MSc,1
agent's,1
driver's,1
sites,1
products,1
recycled,1
materials,1
disabilities,1
aches,1
escapes,1
varieties,1
Everything,1
do!,1
depends.,1
Never,1
mind.,1
Say,1
"""Hi""",1
soon.,1
"way,",1
on?,1
circlet,1
dateline,1
lineage,1
hardline,1
longheaded,1
tidemark,1
unmarked,1
marksman,1
hallmark,1
consign,1
consignment,1
signalize,1
minim,1
mince,1
minify,1
populous,1
remodel,1
outmoded,1
modulate,1
typify,1
disarrange,1
misarrange,1
derange,1
preset,1
discompose,1
depose,1
midfield,1
mediation,1
meddle,1
localism,1
relocate,1
dislocate,1
termination,1
exterminate,1
formalism,1
deform,1
ideological,1
idealism,1
idealize,1
ideograph,1
repute,1
disrepute,1
acquirement,1
inquest,1
inquisition,1
assent,1
consentient,1
dissent,1
clearance,1
transact,1
inactivity,1
actualize,1
agility,1
facile,1
mobster,1
entreat,1
emissive,1
abusive,1
rehabilitate,1
debilitate,1
fort,1
solvable,1
depreciation,1
depreciate,1
appreciable,1
laxity,1
fundament,1
unfounded,1
profundity,1
dispensable,1
observance,1
tempting,1
temptatious,1
horticulture,1
cult,1
incult,1
approximation,1
initialize,1
initiation,1
inapt,1
elector,1
adoptable,1
adoptive,1
haphazard,1
hapless,1
celerity,1
deceleration,1
mentation,1
commentate,1
annotate,1
gratification,1
ingratiate,1
optimize,1
labored,1
belabor,1
exertion,1
anergy,1
novice,1
identic,1
exemption,1
rebate,1
abate,1
insurmountable,1
artifice,1
artless,1
impotence,1
omnipotent,1
potent,1
impotent,1
homonymous,1
nominee,1
pseudonym,1
consonant,1
consonance,1
dissonant,1
sightsee,1
farsighted,1
optometrist,1
impartible,1
downgrade,1
gradation,1
trespass,1
insubordinate,1
ordinal,1
suppression,1
compression,1
draggy,1
drawl,1
hardcover,1
covert,1
softcover,1
intolerance,1
clamorous,1
clamor,1
duet,1
morale,1
demoralize,1
mores,1
renege,1
convoy,1
viaduct,1
frail,1
tempest,1
extempore,1
civility,1
harmonic,1
harmonical,1
contour,1
quietude,1
inquietude,1
acquiescence,1
liquidity,1
engender,1
precipitous,1
capitulate,1
precipitate,1
indenture,1
edentate,1
supraliminal,1
imparity,1
disparity,1
disparate,1
nonpareil,1
apparel,1
apparition,1
biparous,1
multiparous,1
parentage,1
primiparous,1
adjudge,1
prejudge,1
adjudicate,1
requital,1
quitclaim,1
requite,1
acquit,1
acquittal,1
incrimination,1
incriminate,1
recriminate,1
frontal,1
affront,1
touchy,1
newscast,1
recast,1
downcast,1
pointer,1
punctuality,1
pungent,1
numerable,1
supernumerary,1
xenocentric,1
deface,1
amnesiac,1
afresh,1
amass,1
amoral,1
apathy,1
asocial,1
asymmetry,1
atypical,1
affliction,1
appease,1
disproof,1
discolor,1
disband,1
disorganize,1
dispart,1
nonsmoking,1
nonessential,1
nonhuman,1
nonprofessional,1
nonexistent,1
nontraditional,1
nontoxic,1
nonalcoholic,1
misdeed,1
misapply,1
misbehavior,1
obverse,1
repeal,1
rebirth,1
reexamination,1
reprint,1
recompense,1
regenerate,1
rebound,1
unchangeable,1
unbreakable,1
unbiased,1
unavailable,1
unbutton,1
unplug,1
outwear,1
outstay,1
outsize,1
outsit,1
outspend,1
outage,1
outbid,1
outbrave,1
outlast,1
outvote,1
overact,1
overconfident,1
overcooked,1
overpraise,1
overbridge,1
overhang,1
overleap,1
overset,1
upfront,1
upbound,1
upheaval,1
embattle,1
emborder,1
embank,1
embar,1
embalm,1
entrap,1
encompass,1
ineffectual,1
impassion,1
impel,1
invigorate,1
impede,1
intromit,1
procure,1
profess,1
pro-slavery,1
pro-American,1
pro-British,1
pro-consul,1
procurator,1
prolocutor,1
underfoot,1
underclass,1
undercurrent,1
underworld,1
foretell,1
forefinger,1
forerunner,1
interplay,1
interrelate,1
intercity,1
interstate,1
postbag,1
postdate,1
postface,1
posttreatment,1
superexcitation,1
supersensitive,1
delimit,1
decompose,1
dematerialize,1
decentralize,1
defame,1
decolor,1
desalt,1
derail,1
detrain,1
evanish,1
estrange,1
efface,1
divest,1
dilate,1
dilapidate,1
digamist,1
exhume,1
exalt,1
ex-mayor,1
ex-minister,1
abduct,1
abstain,1
flawless,1
relentless,1
mutineer,1
devotee,1
willful,1
hairdressing,1
advertizing,1
horned,1
breaded,1
boxed,1
modish,1
homely,1
embankment,1
profusion,1
dilapidation,1
positiveness,1
doggy,1
mileage,1
foliage,1
breakage,1
drainage,1
shrinkage,1
railage,1
waterage,1
towage,1
buoyancy,1
forbearance,1
vigilance,1
persistency,1
reverence,1
intimacy,1
efficacy,1
rapacity,1
receptive,1
directive,1
argumentative,1
repetitive,1
vaccinate,1
sweeten,1
cursory,1
excursive,1
pervasion,1
pervasive,1
fallacious,1
infallible,1
falsify,1
frolic,1
aqueduct,1
educe,1
proprietory,1
expropriate,1
accredit,1
creed,1
discredit,1
incredulity,1
affable,1
prologue,1
renounce,1
apathetic,1
impassioned,1
abhor,1
omniscient,1
instigate,1
infliction,1
orate,1
oracle,1
neutralist,1
neutralization,1
neutralism,1
neutrality,1
lingo,1
lingual,1
quarrelsome,1
querulous,1
propitious,1
mercenary,1
ploy,1
evolutionism,1
voluble,1
cumulate,1
cumuli,1
cumulus,1
unattached,1
domicile,1
saturation,1
sate,1
disinclined,1
recline,1
inclined,1
adorn,1
adornment,1
suborn,1
ignition,1
ignitable,1
ignitability,1
deflect,1
genuflect,1
dour,1
rejoin,1
juncture,1
enjoin,1
rejoinder,1
plentitude,1
dynamo,1
adynamic,1
feminist,1
femininity,1
feminism,1
effeminate,1
virile,1
virago,1
virtuosity,1
alterable,1
alias,1
averse,1
controvert,1
prevaricate,1
variegate,1
abolishment,1
abolisher,1
abolitionist,1
abolition,1
misapprehend,1
reprehensible,1
apprise,1
reassume,1
sumptuous,1
ascent,1
ascendant,1
condescend,1
deciduous,1
inerrancy,1
errant,1
null,1
annul,1
nullify,1
nullification,1
decency,1
decorous,1
decorously,1
volitive,1
complacent,1
complacence,1
complacency,1
complaisant,1
placate,1
implacable,1
fiduciary,1
confide,1
confidant,1
infidel,1
agonize,1
antagonize,1
antagonist,1
prognosis,1
prognostic,1
agnostic,1
parley,1
parlance,1
domineer,1
dominion,1
demography,1
endemic,1
delinquent,1
relinquish,1
fugitive,1
subterfuge,1
lucifugous,1
restitution,1
delusion,1
ludic,1
allude,1
delude,1
elude,1
elusive,1
interlude,1
prelude,1
veracious,1
amour,1
amicable,1
enamored,1
autopilot,1
autocrat,1
paternal,1
paternity,1
patriotism,1
patronize,1
repatriate,1
arrogance,1
derogate,1
interrogate,1
arrogate,1
retrospective,1
perspicacious,1
visionary,1
previse,1
provident,1
curtailment,1
disintegration,1
debase,1
recess,1
cede,1
intercede,1
subsist,1
desist,1
stabilize,1
apostasy,1
steadfast,1
substantiate,1
inception,1
inferential,1
conferment,1
congest,1
portage,1
pertain,1
tenable,1
legality,1
relegate,1
enormity,1
transnormal,1
consociate,1
dissociate,1
banister,1
remand,1
defenseless,1
pending,1
abject,1
deject,1
constringe,1
definitive,1
legible,1
idiolect,1
citation,1
certitude,1
discriminating,1
probation,1
approbate,1
approbation,1
despondent,1
obliterate,1
preliterate,1
desperado,1
verbatim,1
verbose,1
dispersal,1
dispersion,1
intersperse,1
aspersions,1
rupture,1
expedient,1
expedite,1
expeditious,1
pedology,1
pediatrist,1
pedant,1
pedantry,1
homicide,1
incise,1
exhaustive,1
inhaust,1
evict,1
evince,1
imperious,1
municipality,1
communize,1
repent,1
penitent,1
impunity,1
deterrent,1
censor,1
uncensored,1
censorious,1
heirship,1
hereditable,1
heirloom,1
hereditament,1
hereditarian,1
manicure,1
manumit,1
quantitate,1
becalm,1
befall,1
befit,1
befoul,1
beguile,1
becloud,1
belie,1
bepowder,1
illicit,1
illimitable,1
immoderate,1
irreconcilable,1
immure,1
secession,1
seduce,1
secede,1
subfamily,1
subcontinent,1
submetallic,1
subarid,1
subangular,1
subacid,1
subacute,1
subconical,1
subarctic,1
subadult,1
subcentral,1
subequal,1
sublet,1
subdivide,1
subtenant,1
subcontract,1
subbranch,1
suboffice,1
subvert,1
benevolent,1
benediction,1
beneficent,1
retrocede,1
retroaction,1
retrovert,1
anti-bacterial,1
anti-trust,1
antidote,1
anti-social,1
anti-war,1
antagonism,1
vice-minister,1
vice-premier,1
parapolitical,1
paralegal,1
paranormal,1
paralogism,1
transect,1
transpersonal,1
transatlantic,1
transcontinental,1
transitory,1
byroad,1
byway,1
bygone,1
bylaw,1
stepdaughter,1
stepson,1
surcharge,1
surreptitious,1
succumb,1
dentistry,1
masonry,1
peasantry,1
citizenry,1
gentry,1
pantry,1
foundry,1
satiety,1
sobriety,1
gaiety,1
cautionary,1
honorary,1
adversary,1
luminary,1
beneficiary,1
glossary,1
capillary,1
chromatic,1
aromatic,1
peremptory,1
refractory,1
intoxicant,1
repentant,1
aspirant,1
bulletproof,1
fireproof,1
airproof,1
lightproof,1
burdensome,1
loathsome,1
airmanship,1
workmanship,1
horsemanship,1
salesmanship,1
penmanship,1
doctorship,1
professorship,1
apprenticeship,1
knowable,1
producible,1
tractable,1
equitably,1
favorably,1
inflammability,1
usability,1
conductibility,1
adaptability,1
frugality,1
condemnatory,1
mandatory,1
defamatory,1
anticipatory,1
compensatory,1
august,1
inaugural,1
lucent,1
elucidate,1
luster,1
lusty,1
acidify,1
acidity,1
exacerbate,1
acerbic,1
acetic,1
aeroview,1
aerophotography,1
aeriform,1
aerogram,1
aerosphere,1
aerate,1
lithiasis,1
lithosphere,1
aerolith,1
nephrolith,1
paleolithic,1
calculus,1
calcify,1
stratum,1
stratosphere,1
substratal,1
prostrate,1
stratify,1
subaqueous,1
inhume,1
humidify,1
humidifier,1
dehumidify,1
dehumidifier,1
hydrant,1
hydroplane,1
hydropower,1
hydrosphere,1
hydrous,1
anhydrous,1
hydrate,1
eradication,1
irradicable,1
cytogenetics,1
cytogenous,1
cytochrome,1
cytogenesis,1
cytology,1
fibrescope,1
fibriform,1
fiberglass,1
fibril,1
fibrous,1
fibroid,1
seismic,1
seismograph,1
seismology,1
isoseismic,1
atmos,1
atmology,1
pliable,1
duplex,1
accomplice,1
explicate,1
devoid,1
vacuous,1
evanescent,1
chronology,1
chronological,1
synchronize,1
chronicle,1
condign,1
egregious,1
gregarious,1
salve,1
salver,1
savior,1
salutary,1
pacification,1
pacificatory,1
pacify,1
pacifist,1
subside,1
assiduous,1
dissident,1
residue,1
insidious,1
descant,1
recant,1
sequential,1
subsequence,1
sequacious,1
obsequious,1
saline,1
salinity,1
carnivorous,1
herbivorous,1
omnivorous,1
arbitrate,1
arbitration,1
arbitrator,1
arbiter,1
indict,1
interdict,1
docile,1
doctrinaire,1
dogma,1
heterodox,1
glutton,1
gluttonize,1
gluttonous,1
glut,1
medley,1
miscellaneous,1
nonmiscible,1
miscellany,1
commutable,1
mutable,1
mutinous,1
rotatory,1
rotation,1
rotund,1
repulse,1
dispel,1
rapture,1
ravenous,1
rapacious,1
rapt,1
enrapture,1
ravish,1
detrude,1
protrude,1
abstruse,1
extrude,1
turbid,1
imperturbable,1
inundate,1
redound,1
undulate,1
revibrate,1
vibrancy,1
abrase,1
abrasive,1
abrade,1
raze,1
acerbate,1
acumen,1
acme,1
acrid,1
acuity,1
sophistic,1
pansophic,1
psychical,1
psychiatrist,1
psyche,1
longanimous,1
magnanimous,1
immortalize,1
mortify,1
amortize,1
detoxify,1
toxication,1
submersion,1
effusive,1
profuse,1
transfuse,1
solarize,1
solarium,1
solace,1
insolate,1
terrain,1
inter,1
disinter,1
natal,1
cognate,1
nascent,1
renascent,1
astrology,1
astrospace,1
flammable,1
nonflammable,1
flagrant,1
conflagration,1
relapse,1
purge,1
expurgate,1
purgative,1
cavity,1
cavelet,1
cavern,1
concave,1
spherical,1
chromosphere,1
vaporization,1
vaporize,1
vaporous,1
marinate,1
mariculture,1
diathermal,1
isotherm,1
crudeness,1
crudification,1
crudity,1
recrudesce,1
connective,1
annex,1
interconnected,1
nexus,1
annexation,1
vivisect,1
dissection,1
implode,1
corrosive,1
rodenticide,1
insomnious,1
somnambulate,1
somniferous,1
somnolent,1
perjury,1
abjure,1
conjure,1
summons,1
admonish,1
admonitory,1
premonition,1
convocation,1
revoke,1
vocalist,1
avocation,1
equivocate,1
astute,1
intuitive,1
untutored,1
armament,1
armor,1
sanctity,1
sacrilege,1
desecrate,1
sanctify,1
contamination,1
contaminator,1
decontaminate,1
contaminant,1
ethnicity,1
ethnology,1
ethnologist,1
ethnomusicology,1
discord,1
electrocardiogram,1
assail,1
exult,1
desultory,1
pretentious,1
invalidity,1
invalidate,1
prevalence,1
valiant,1
audition,1
corpse,1
corpulent,1
corporal,1
corporeal,1
tactics,1
inhalation,1
exhale,1
hale,1
halitosis,1
neural,1
neuritis,1
neurology,1
neurosis,1
nervy,1
plantable,1
transplantation,1
equitable,1
iniquity,1
equivocal,1
privy,1
aggrieve,1
barometer,1
immeasurable,1
metrical,1
commensurate,1
equilateral,1
unilateral,1
abbreviation,1
abridge,1
abridgment,1
assertion,1
nocuous,1
noxious,1
obnoxious,1
vile,1
deviltry,1
vilify,1
meliorate,1
melioration,1
meliorism,1
ameliorate,1
amelioration,1
sagacious,1
sagacity,1
presage,1
sapience,1
precognition,1
cognizable,1
cognizant,1
philanthropy,1
neophilia,1
zoophilous,1
philology,1
anaesthetic,1
aesthete,1
acrophobia,1
hydrophobia,1
xenophobia,1
premeditate,1
premeditated,1
anthropology,1
anthropophagous,1
misanthropist,1
philanthropist,1
anthropoid,1
conspire,1
expiration,1
dispirit,1
respire,1
vitalize,1
revitalize,1
senatorial,1
senescence,1
seniority,1
blaspheme,1
blasphemy,1
euphemism,1
euphemistic,1
bisexual,1
bigamist,1
bicolor,1
bisect,1
twiforked,1
twiformed,1
triennial,1
trio,1
biocide,1
symbiosis,1
polysyllable,1
polytechnical,1
polyfunctional,1
polygon,1
polyandry,1
polyglot,1
hemicycle,1
semiannual,1
demi-fixed,1
semi-skilled,1
semi-arid,1
semi-automatic,1
decagram,1
decasyllable,1
decameter,1
decathlete,1
monochrome,1
monogamy,1
monograph,1
monologue,1
monomania,1
extradite,1
extrapolate,1
extrovert,1
homocentric,1
homochromatic,1
homonym,1
homogenize,1
magnification,1
magnanimity,1
magnate,1
magniloquent,1
malice,1
malign,1
malodor,1
malpractice,1
antetype,1
antemarital,1
anterior,1
anteroom,1
circumvent,1
circumscribe,1
exosphere,1
exocentric,1
exogamy,1
exoteric,1
multilevel,1
multiform,1
multicolored,1
multistory,1
microchip,1
microbiology,1
microprocessor,1
geographer,1
perambulate,1
prerogative,1
dialectic,1
diagonal,1
susceptive,1
suspire,1
luminous,1
zealous,1
floriferous,1
odoriferous,1
saliferous,1
piteous,1
circuitous,1
lustrous,1
sententious,1
euphonious,1
impetuous,1
florid,1
staid,1
ductile,1
senile,1
tortile,1
tenacious,1
audacious,1
posterior,1
subterraneous,1
waterscape,1
skyscape,1
moonscape,1
seascape,1
crosswise,1
edgewise,1
lengthwise,1
sidewise,1
tenfold,1
threefold,1
thousandfold,1
manifold,1
officialdom,1
sheikhdom,1
serfdom,1
lacework,1
pipework,1
brickwork,1
clockwork,1
brainwork,1
classwork,1
farmwork,1
paintwork,1
shiftwork,1
camerawork,1
fieldwork,1
needlework,1
advertize,1
lionize,1
materialize,1
temporize,1
manageress,1
titular,1
agronomy,1
antinomy,1
habitude,1
fortitude,1
incertitude,1
platitude,1
plenitude,1
band-aid,1
carbonic,1
dally,1
disconcert,1
forgetfulness,1
greatness,1
Website,1
white-haired,1
abnormality,1
additive,1
Aesop,1
alphabetic,1
archway,1
baggy,1
batter,1
beliefs,1
blare,1
calamity,1
civilized,1
CNN,1
conqueror,1
discouragement,1
dissatisfaction,1
domino,1
downpour,1
Downing,1
Street,1
dreamy,1
drive-in,1
exclamatory,1
firsthand,1
floodlight,1
GDP,1
good-natured,1
highrise,1
jack,1
trades,1
knack,1
left-hander,1
manageable,1
materialistic,1
maximal,1
misprint,1
m.p.h.,1
narcissus,1
professionalize,1
romanticism,1
short-sighted,1
sunken,1
typing,1
warm-blooded,1
aargh,1
meatball,1
e-card,1
Parents',1
milkshake,1
hm,1
chug,1
beep,1
five-stones,1
clapping,1
sh,1
chameleon,1
cheep,1
flies,1
Flag,1
Pleased,1
planned,1
soya,1
droppings,1
Women's,1
1860s,1
shined,1
communications,1
tons,1
Westerner,1
ssh,1
orange-and-white,1
play.,1
glider,1
22nd,1
31st,1
hurray,1
relatives,1
yuck,1
yucky,1
planted,1
missed,1
pushed,1
pulled,1
Show,1
wonton,1
password?,1
again?,1
Sure!,1
Draw,1
These,1
listener?,1
question.,1
here.,1
Thanks!,1
friends.,1
talking,1
dimsum,1
Why?,1
that.,1
check-up,1
jiaozi,1
zongzi,1
Chongyang,1
harder,1
iPad,1
game-maker,1
iPod,1
iPhone,1
is!,1
hmmm,1
workload,1
daydreamer,1
rethink,1
preschooler,1
schoolbook,1
reread,1
booker,1
bookend,1
unevenly,1
changer,1
authenticate,1
parenting,1
monetize,1
callus,1
householder,1
housekeep,1
motherly,1
latte,1
partially,1
watercolor,1
questionable,1
caramel,1
carmaker,1
carver,1
payer,1
paycheck,1
weeknight,1
watcher,1
mover,1
walkway,1
reopen,1
shopaholic,1
humanize,1
endlessly,1
handcraft,1
handlebar,1
handrail,1
clothesline,1
multifaceted,1
earning,1
breadboard,1
Americanism,1
bowler,1
enslave,1
waistline,1
saver,1
markedly,1
reorder,1
ordinance,1
lighthouse,1
tester,1
healthful,1
treetop,1
categorize,1
passer,1
pricy,1
forgo,1
holidaymaker,1
Londoner,1
hearted,1
wrongdoing,1
cleanliness,1
challenger,1
bearer,1
beachcomber,1
busk,1
signing,1
attendee,1
commuter,1
speedy,1
naturalistic,1
mealtime,1
lawmaker,1
blowhole,1
bland,1
protector,1
condominium,1
checkroom,1
checkup,1
mid,1
picker,1
islander,1
avoidance,1
dink,1
campground,1
waster,1
wasteland,1
flowerbed,1
blackberry,1
opportunist,1
windowsill,1
kiln,1
bedcover,1
bedrock,1
fiend,1
repaint,1
comparatively,1
extraordinarily,1
photojournalist,1
moviegoer,1
resourceful,1
posting,1
promoter,1
boardinghouse,1
characterization,1
crosspiece,1
matchless,1
intentionally,1
prized,1
winterize,1
woodland,1
contagion,1
doubter,1
exchanger,1
brim,1
presidency,1
snowshoe,1
dub,1
cancellation,1
imbalance,1
unbalance,1
reinvent,1
springtime,1
fanciful,1
honeybee,1
renter,1
softness,1
pathway,1
polluter,1
deception,1
cahoot,1
mobility,1
rescuer,1
unbend,1
debatable,1
undisturbed,1
securely,1
grasshopper,1
slaveholder,1
unblock,1
conceptual,1
disbelieve,1
folktale,1
baron,1
baroque,1
equalize,1
wingspan,1
diabetic,1
lender,1
documentation,1
Parisian,1
recount,1
theorize,1
chaser,1
sander,1
jackscrew,1
trapper,1
routinely,1
gravitational,1
motorize,1
madden,1
sailboat,1
electronics,1
flashbulb,1
neuron,1
consciously,1
contraption,1
legislature,1
revolutionize,1
passivity,1
skipper,1
depressant,1
Depression,1
muralist,1
vastness,1
cuddle,1
evolutionary,1
potter,1
wiper,1
exporter,1
Kansas,1
ken,1
mint,1
orbital,1
polymer,1
polymerize,1
refreshing,1
skater,1
meteor,1
mildness,1
parasitic,1
pitcher,1
regulatory,1
regulator,1
topsoil,1
name-calling,1
coordination,1
marrow,1
romanticist,1
spinal,1
reorganize,1
overcrowd,1
Philippine,1
Singaporean,1
tribal,1
charmer,1
computation,1
jeweler,1
tried-and-true,1
misconception,1
pensioner,1
pheromone,1
purification,1
snob,1
tabloid,1
voucher,1
wigwam,1
wright,1
domesticate,1
kidnapper,1
moat,1
overvalue,1
percussionist,1
pluck,1
ruby,1
spike,1
vend,1
craze,1
defective,1
lattice,1
mew,1
microgram,1
microsecond,1
outlaw,1
overjoy,1
overwork,1
patter,1
philharmonic,1
pigment,1
proofread,1
pushchair,1
raffle,1
ranch,1
reimburse,1
rite,1
seatbelt,1
skylight,1
spire,1
sunspot,1
supernatural,1
tar,1
ting,1
transmitter,1
unfavorable,1
unicorn,1
vat,1
automotive,1
encore,1
Filipino,1
ion,1
irritation,1
Israeli,1
lodger,1
mast,1
mastodon,1
mesmerize,1
misplace,1
mitigate,1
moot,1
muffle,1
niggle,1
nostalgia,1
otter,1
outburst,1
outright,1
outstrip,1
overlay,1
overload,1
overshadow,1
overspend,1
paparazzo,1
pastel,1
pedometer,1
percolate,1
photosynthesis,1
ping,1
pitfall,1
plump,1
pong,1
poplar,1
propeller,1
recharge,1
rend,1
repertory,1
reshape,1
retard,1
retch,1
retrace,1
rinse,1
roach,1
roan,1
roost,1
savanna,1
scalper,1
scarlet,1
scurry,1
sedative,1
seep,1
sever,1
shareholder,1
shin,1
skunk,1
soliloquy,1
sparse,1
spitball,1
spontaneity,1
squiggle,1
stark,1
stature,1
steamboat,1
straggle,1
superintendent,1
synchronise,1
tapestry,1
tardiness,1
tat,1
teaspoon,1
tee,1
teem,1
thicket,1
thorny,1
tor,1
torrential,1
tout,1
tranquilliser,1
transcribe,1
trophy,1
trump,1
tycoon,1
unman,1
unquestionably,1
whittle,1
wiggle,1
wrangler,1
wrath,1
thirty-one,1
thirty-two,1
twins,1
finished.,1
aw,1
twenty-second,1
cheaper,1
easy.,1
Just,1
For,1
go?,1
pouring.,1
achoo,1
L.A.,1
fastest,1
eating.,1
umm,1
ow,1
yourself.,1
gee,1
happening?,1
bird-watching,1
gotten,1
sped,1
speeded,1
accused,1
stocked,1
concerts,1
cases,1
"play,",1
"novel,",1
abort,1
absorbable,1
abstracted,1
abstraction,1
A.C.,1
AC,1
accessibility,1
accession,1
acknowledgment,1
acrobat,1
ad.,1
adequacy,1
adj.,1
admittance,1
adverbial,1
affectation,1
ain't,1
airy,1
alas,1
algebraic,1
algebraical,1
altar,1
ampere,1
Anglo-,1
answerable,1
arithmetical,1
ark,1
assumed,1
autumnal,1
babyish,1
backbone,1
bawl,1
berg,1
biplane,1
breezy,1
buoy,1
BUP,1
C,1
c,1
c.,1
Ca,1
castor,1
cent.,1
centigram,1
centigramme,1
centilitre,1
centiliter,1
changeful,1
changeless,1
cheapen,1
check-out,1
cheery,1
cherub,1
chestnut,1
chime,1
christen,1
chuckle,1
circumstantial,1
clapper,1
classicism,1
cm.,1
Co.,1
co.,1
cobble,1
coca-cola,1
cocain,1
cocoanut,1
coldblooded,1
comer,1
compressed,1
computerize,1
computerise,1
conceit,1
conjecture,1
contention,1
continuity,1
cooler,1
copybook,1
coursebook,1
crackle,1
creditor,1
cuckoo,1
curie,1
D,1
d,1
decease,1
defiance,1
definable,1
dejected,1
desertion,1
designed,1
desirous,1
despiteful,1
determinate,1
determinative,1
diametrical,1
dingo,1
dining-car,1
disinterested,1
dissatisfied,1
doctoral,1
draught,1
ducat,1
duke,1
dwindle,1
E,1
e,1
earache,1
efficacious,1
elaboration,1
elasticity,1
electrification,1
electrify,1
elemental,1
ellipsis,1
emancipate,1
emblem,1
endurable,1
enduring,1
Englishwoman,1
engrave,1
erection,1
esp.,1
evergreen,1
excepting,1
exclamation,1
excusable,1
failing,1
fastening,1
fastness,1
favoritism,1
favouritism,1
Fe,1
feathery,1
federate,1
fem.,1
fertility,1
fertilize,1
fertilise,1
fetching,1
feverish,1
figured,1
filler,1
fineness,1
fire-escape,1
fireguard,1
fireside,1
firing,1
firstborn,1
first-class,1
first-hand,1
flagstaff,1
flashy,1
flavoring,1
floating,1
flowery,1
flier,1
FOB,1
f.o.b.,1
footing,1
fortnightly,1
fourfold,1
foxy,1
Frenchwoman,1
freon,1
frosting,1
ft.,1
funnel,1
furnishing,1
fuzzy,1
gainful,1
gal.,1
gaseous,1
gage,1
Gen.,1
generalization,1
generalisation,1
generalship,1
ghostly,1
gipsy,1
girlish,1
glassful,1
glassware,1
glassy,1
gm.,1
godless,1
graceless,1
granary,1
greasy,1
greenish,1
greenwood,1
grinding,1
guarantor,1
guarded,1
gummy,1
gunner,1
hawkish,1
H-bomb,1
hearten,1
helping,1
herdsman,1
hg,1
hi-fi,1
hoe,1
hog,1
homing,1
hopper,1
horny,1
horrid,1
horsy,1
horsey,1
H.Q.,1
HQ,1
hr.,1
hrs,1
humane,1
humorist,1
huntsman,1
i,1
i.e.,1
illegality,1
illustrative,1
immensely,1
immensity,1
immobilize,1
immobilise,1
immodest,1
immorality,1
imp,1
impale,1
impeach,1
imperfect,1
imperialism,1
impermanent,1
impersonate,1
implore,1
importation,1
imposition,1
imposter,1
impracticable,1
imprint,1
improbable,1
inborn,1
Inc,1
incalculable,1
incapacity,1
inclination,1
incoherent,1
incoming,1
incomprehension,1
inconclusive,1
inconsiderate,1
incorruptible,1
indebted,1
indecision,1
indecisive,1
indefinitely,1
indelicate,1
indescribable,1
indigestible,1
indiscipline,1
indistinct,1
individualize,1
individualise,1
inducement,1
induction,1
indulgence,1
indulgent,1
industrialist,1
inedible,1
ineffective,1
inelegant,1
inexperience,1
inexpressible,1
infertile,1
infertility,1
infighting,1
inflammation,1
inflammatory,1
inflect,1
informant,1
ingenuity,1
inglorious,1
ingratitude,1
inhibition,1
inhumane,1
inhumanity,1
inpatient,1
insanitary,1
insensible,1
insensitive,1
inseparable,1
inshore,1
insignificant,1
insincere,1
insistent,1
insufferable,1
insufficient,1
interchangeable,1
interdependent,1
interjection,1
intermarry,1
interpose,1
intimation,1
intransitive,1
intrusion,1
involuntary,1
IPA,1
IRC,1
irrelevance,1
irreparable,1
irreproachable,1
irreverent,1
itchy,1
I've,1
jab,1
jasmin,1
javelin,1
jazzy,1
jingle,1
joker,1
judicious,1
kerb,1
kerchief,1
kernel,1
kerosene,1
kerosine,1
kilolitre,1
kiloliter,1
kilowatt,1
K.K.K.,1
knocker,1
kodak,1
kWh,1
lacy,1
Ladies,1
Ladies',1
ladle,1
ladylike,1
ladyship,1
landward,1
landwards,1
lark,1
latterly,1
laughable,1
launcher,1
launderette,1
lb,1
Ld.,1
legalize,1
legalise,1
lexicon,1
li,1
liberally,1
lifeless,1
limelight,1
localize,1
localise,1
locus,1
lodging,1
lone,1
louse,1
lychee,1
lichee,1
ma,1
M.A.,1
mademoiselle,1
magnetize,1
magnetise,1
manifesto,1
manure,1
marquis,1
marquess,1
marquise,1
martyr,1
matriculate,1
maxim,1
M.D.,1
MD,1
mechanics,1
medalist,1
medallist,1
Microsoft,1
milligramme,1
mini-,1
ministerial,1
modal,1
modernise,1
modification,1
momentary,1
momentous,1
Mon.,1
mono,1
monsieur,1
monumental,1
mouth-watering,1
Mt.,1
MTV,1
mumble,1
nationalize,1
nationalise,1
Ne,1
neckerchief,1
Neptune,1
Jersey,1
newton,1
Zealander,1
nimble,1
NMET,1
non-restrictive,1
non-violent,1
non-white,1
O,1
o,1
oat,1
ohm,1
omelet,1
opium,1
orator,1
oughtn't,1
P.,1
pa,1
pang,1
parch,1
participle,1
patronage,1
pavilion,1
pea-souper,1
photocopier,1
pike,1
pitiful,1
P.L.A.,1
polonium,1
post-war,1
predicative,1
presumable,1
pretense,1
prick,1
princely,1
proportional,1
pulp,1
quartz,1
quench,1
ragged,1
railing,1
ration,1
refined,1
regrettable,1
remembrance,1
rickshaw,1
ring-road,1
roadside,1
rocking,1
rugged,1
rustic,1
rusty,1
rut,1
saloon,1
sandal,1
sarcasm,1
savor,1
savour,1
scanty,1
screwdriver,1
seeming,1
seizure,1
self-conceit,1
self-criticism,1
self-knowledge,1
semicolon,1
semifinal,1
serf,1
sergeant,1
sesame,1
sham,1
she'd,1
she'll,1
shrill,1
shrine,1
shuffle,1
shuttlecock,1
sieve,1
sift,1
sill,1
sinister,1
slander,1
slant,1
slate,1
slay,1
sleet,1
sling,1
slit,1
sluggish,1
slur,1
smith,1
smother,1
sneer,1
snooker,1
snug,1
sombre,1
somber,1
soot,1
spanner,1
spat,1
speck,1
sperm,1
Sphinx,1
spore,1
springy,1
squat,1
stag,1
standstill,1
starch,1
stead,1
stenographer,1
stethoscope,1
stifle,1
stork,1
streak,1
stump,1
subjunctive,1
suffix,1
suffocate,1
taxation,1
TEFL,1
TESL,1
TESOL,1
thankless,1
they'd,1
they'll,1
they've,1
Thur.,1
Thurs.,1
TOEFL,1
trance,1
transitive,1
tried,1
triumphant,1
truant,1
Tues.,1
twig,1
tying,1
uh-uh,1
um,1
U.N.,1
uncomplaining,1
underclothes,1
underclothing,1
undertaking,1
undoubted,1
uninterested,1
uninteresting,1
unmatched,1
unmindful,1
unmistakable,1
unmoved,1
unnatural,1
unoccupied,1
unparalleled,1
unpopular,1
unprejudiced,1
unprepared,1
unprincipled,1
unproductive,1
unprofitable,1
unpromising,1
unquestionable,1
unquiet,1
unreadable,1
unreal,1
unreasonable,1
unreasoning,1
unremitting,1
unrequited,1
unreserved,1
unrivaled,1
unrivalled,1
unsaid,1
unsanitary,1
unscrew,1
unscrupulous,1
unseasonable,1
unsettled,1
unshakable,1
unshakeable,1
unshaken,1
unskilled,1
unsocial,1
unsold,1
unsound,1
unspeakable,1
unstressed,1
unsuitable,1
untamed,1
unthinkable,1
unthinking,1
untiring,1
untold,1
unwary,1
unwelcome,1
unwell,1
unwritten,1
upcountry,1
upholder,1
uprising,1
upstart,1
upswing,1
uptight,1
upturn,1
urbane,1
usable,1
utterance,1
uttermost,1
V,1
v,1
v.,1
valuation,1
vanadium,1
vapid,1
veal,1
venerable,1
venturesome,1
verdant,1
verdure,1
violoncello,1
virginal,1
virtuous,1
V-neck,1
VOA,1
vow,1
V-sign,1
W,1
w,1
wanderings,1
wayside,1
WC,1
wearing,1
weber,1
we'd,1
weighty,1
weld,1
westernize,1
westernise,1
we've,1
whipping,1
whiten,1
who'll,1
whomever,1
who're,1
witless,1
womanly,1
wooly,1
wordy,1
workwoman,1
worldly,1
wreckage,1
wretched,1
X-axis,1
X,1
xylophone,1
yarn,1
Y-axis,1
Y,1
yoke,1
yolk,1
you'd,1
you've,1
ZIP,1
ones,1
systematical,1
picture!,1
calls,1
wind-bell,1
crops,1
toothless,1
fairest,1
sweeper,1
PS,1
paints,1
goggles,1
jack-o'-lantern,1
forty-six,1
fifty-four,1
game!,1
"morning,",1
class.,1
Glad,1
Please,1
quiet!,1
back!,1
food?,1
"milk,",1
please?,1
twenty-two,1
twenty-three,1
twenty-four,1
twenty-five,1
twenty-six,1
twenty-seven,1
twenty-nine,1
way.,1
paper-cuts,1
Computer,1
Social,1
Home,1
merry-go-round,1
Guy,1
Fawkes,1
Tree-planting,1
greatest,1
Carnival,1
Dead,1
Qingming,1
flower-drum,1
ladies,1
rainwater,1
Terra-cotta,1
Warriors,1
Urumqi,1
handicraft,1
Harriet,1
Tubman,1
Kongzi,1
Dongting,1
Rock,1
Yuelu,1
home.,1
Camp,1
durian,1
billiards,1
polo,1
humanities,1
second-rate,1
third-rate,1
antonym,1
antiwar,1
antiaircraft,1
byword,1
collateral,1
coaction,1
corroborate,1
compatriot,1
depopulation,1
diffluence,1
foreshadow,1
illogical,1
intracity,1
intrapersonal,1
intranet,1
introspect,1
kilobyte,1
macroscale,1
macroeconomics,1
macrostructure,1
malefaction,1
malcontent,1
multiangular,1
nonviolent,1
overcrowded,1
prewar,1
proconsul,1
subeditor,1
supernutrition,1
transfrontier,1
ultraliberal,1
ultrapure,1
ultracritical,1
underofficer,1
dependability,1
variability,1
resistibility,1
dishonourably,1
spoilage,1
compliancy,1
excitation,1
appointee,1
woodpecker,1
dishful,1
uglify,1
fatherhood,1
carnation,1
authorisation,1
publicise,1
moralist,1
heavenward,1
woody,1
subbase,1
concentric,1
indented,1
infirm,1
genesis,1
liquefy,1
demarcate,1
demarcation,1
medial,1
emend,1
dismount,1
novation,1
expulsion,1
replete,1
prehension,1
apprehension,1
quaintness,1
radial,1
restlessly,1
rudiment,1
erudite,1
horoscope,1
segmentation,1
specious,1
despicable,1
forestall,1
stringent,1
distrain,1
resumption,1
surety,1
tenure,1
retouch,1
exurban,1
valour,1
benevolence,1
atlantic,1
dementia,1
nutria,1
brine,1
internship,1
hypnosis,1
waterfowl,1
pepperoni,1
perceptive,1
hype,1
median,1
serpentine,1
cabby,1
recapture,1
neglected,1
lacrosse,1
buffer,1
short-haul,1
heartstring,1
signatory,1
praiseworthy,1
carefree,1
stilt,1
authoritarian,1
tab,1
cortex,1
origami,1
downtime,1
ubiquitous,1
lithium,1
telephoto,1
blueberry,1
versatility,1
paean,1
pantheon,1
soapbox,1
cocklebur,1
mutation,1
aspirational,1
cathode,1
poignancy,1
dope,1
de-ice,1
biometric,1
germane,1
truckload,1
reinforced,1
chloride,1
indiscretion,1
cadence,1
handiness,1
syllabus,1
motion-capture,1
empathetic,1
hands-on,1
crossover,1
award-winning,1
tinkering,1
peripheral,1
spearfish,1
quarterback,1
alienated,1
backside,1
strong-willed,1
havoc,1
captivity,1
runoff,1
poignant,1
counselor,1
relive,1
blacklist,1
decimate,1
deafening,1
watchword,1
finest,1
blemish,1
frostbite,1
strainer,1
algorithmic,1
stoicism,1
egocentric,1
invoice,1
chaperone,1
crumpled,1
fair-skinned,1
go-getter,1
trombone,1
vagueness,1
beanpole,1
round-the-clock,1
cork,1
redefine,1
Sari,1
sinologist,1
micro-blogging,1
hunch,1
scammer,1
polythene,1
pairing,1
fluffy,1
drivel,1
whizz,1
travelled,1
cannery,1
coyote,1
modular,1
stewardship,1
caldera,1
providence,1
organically,1
defibrillator,1
embryonic,1
throwaway,1
notification,1
clumsily,1
parental,1
remotely,1
competitiveness,1
Woof!,1
night!,1
Li,1
Is,1
Wow!,1
beanie,1
Cool!,1
Ouch!,1
cicada,1
ready?,1
that?,1
Shh!,1
Baa!,1
Quack!,1
hankie,1
homebody,1
close-fitting,1
rouble,1
couplets,1
am!,1
lovely!,1
Goodbye.,1
nice!,1
cake!,1
Make,1
wish.,1
Look,1
out!,1
Wait,1
minute.,1
worry.,1
wait!,1
Double,1
Ninth,1
happened?,1
Shanghai,1
mean?,1
drinking.,1
littering.,1
parking.,1
smoking.,1
Danger!,1
Wet,1
floor.,1
tangyuan,1
sport-lover,1
think?,1
Taipei,1
Cup,1
forty-five,1
good.,1
mmm,1
tart,1
cupcake,1
broccoli,1
overthrew,1
overthrown,1
underwent,1
undergone,1
trod,1
trodden,1
panicked,1
bled,1
mottoes,1
mottos,1
justly,1
fewer,1
refill,1
underweight,1
grandly,1
yam,1
directions,1
long-range,1
hateful,1
impatiently,1
undeniable,1
hanger,1
briefing,1
principally,1
negatively,1
brainchild,1
brainstorming,1
bomber,1
turnpike,1
bothersome,1
Mandarin,1
lovable,1
beetle,1
damages,1
jointly,1
color-blind,1
icebox,1
squarely,1
babysitter,1
ketchup,1
Bye!,1
Follow,1
Sure.,1
"Me,",1
Sorry.,1
hungry.,1
in?,1
else?,1
Enjoy,1
trip!,1
matter.,1
school?,1
Sounds,1
"life,",1
By,1
yourself?,1
myself.,1
hobby?,1
can't.,1
helper.,1
yours?,1
Team's,1
fan.,1
look?,1
Sorry!,1
Coming!,1
problem!,1
ducks,1
pigs,1
cows,1
planes,1
home!,1
Listen,1
teacher.,1
side.,1
line.,1
Liu,1
Lu,1
Hua,1
Hao,1
Tian,1
Du,1
Xiaomao,1
Gao,1
Wendi,1
ballon,1
all.,1
Class,1
over.,1
5,1
15?,1
Teddy,1
Bear,1
Car,1
Free,1
throwing,1
100-meter,1
Team,1
checkpoint,1
midweek,1
white-collar,1
white-water-rafting,1
rock-and-roll,1
cheerleading,1
prom,1
schoolchildren,1
squad,1
pompom,1
satchel,1
tetrahedron,1
leaver,1
onwards,1
performance-enhancing,1
unconditionally,1
amphibious,1
baleen,1
blow-hole,1
driftnet,1
eel,1
hornbeam,1
tabby,1
volcanology,1
tracks,1
alligator,1
Fahrenheit,1
orangutan,1
sweetness,1
harp,1
Utopia,1
jockey,1
gird,1
gospel,1
gramophone,1
harmonica,1
liveliness,1
MC,1
ceremonies,1
numerology,1
quartet,1
rhythmic,1
rockabilly,1
statuette,1
turntable,1
billy-goat,1
corset,1
hoarfrost,1
hush,1
Jamaica,1
jerk,1
Persian,1
reggae,1
squire,1
steed,1
backing,1
cross-talk,1
Movement,1
disorganised,1
recognisable,1
spin-off,1
fiancée,1
slacks,1
fulfilling,1
italics,1
graciously,1
reiterate,1
auld,1
arguably,1
hysteria,1
lichen,1
meteorite,1
moss,1
spyglass,1
suncream,1
vanguard,1
bright-coloured,1
cobbled,1
Gothic,1
horseshoe,1
polyphony,1
arrowhead,1
cheekbone,1
hieroglyphic,1
Hispanic,1
top-class,1
valued,1
dunk,1
unzip,1
upbringing,1
caveman,1
deoxyribonucleic,1
enzyme,1
somatic,1
alertly,1
dawning,1
muffler,1
philosophical,1
pitter-patter,1
rascal,1
roots,1
scald,1
utterly,1
duchess,1
gutter,1
light-headedness,1
knuckle,1
appetising,1
cutlet,1
justifiably,1
mash,1
reheat,1
songbird,1
tuna,1
unrecognisable,1
asparagus,1
samosa,1
artillery,1
stockings,1
vengeful,1
daisy,1
underpants,1
daisies,1
demolition,1
time-consuming,1
broadcasted,1
Dept.,1
fled,1
lighted,1
lit,1
busily,1
considerably,1
damaging,1
helplessness,1
improved,1
lawless,1
popularly,1
sorrowful,1
trained,1
blameless,1
crazily,1
fondly,1
impossibly,1
drowning,1
Mommy,1
Depp,1
Minute,1
Waltz,1
Love,1
Imagine,1
Quarrymen,1
Kobe,1
Messi,1
Blaine,1
Shirley,1
Ronaldo,1
Arthur,1
Vivian,1
Midori,1
Fryderyk,1
Chopin,1
Osaka,1
Poland,1
Warsaw,1
trek,1
touristy,1
sportspeople,1
Notre,1
Dame,1
bridging,1
Daming,1
Huangshan,1
Zhangjiajie,1
Five,1
Waikiki,1
ha-ha,1
know.,1
are!,1
sledding,1
