word,textbook_count,bnc,frq,zipf
the,116602,1,1,7.73
be,78622,2,2,6.79
to,58213,7,7,7.43
and,49102,4,3,7.41
in,41860,6,6,7.27
of,39232,3,4,7.4
you,30906,15,14,6.98
a,28862,5,5,7.36
do,23592,19,18,6.35
it,20595,9,10,6.95
have,19282,8,8,6.71
i,19180,4624,11,7.09
for,16151,12,13,7.01
with,14751,16,16,6.85
that,14706,14,12,7.01
not,14414,13,28,6.69
what,14245,38,34,6.38
on,13945,17,17,6.91
your,13923,66,69,6.53
about,13280,63,46,6.4
we,12950,26,24,6.54
he,12674,11,15,6.69
they,12577,18,21,6.5
can,11041,35,37,6.46
at,9681,22,22,6.7
this,9526,23,20,6.82
or,9057,29,32,6.54
make,9044,43,45,6.08
as,8812,33,33,6.77
use,8706,87,92,5.81
person,8585,308,345,5.55
my,8509,61,44,6.57
go,8076,44,35,6.03
from,7972,27,26,6.63
how,7449,90,76,6.24
will,7258,31,48,6.45
like,6986,88,74,6.41
good,6594,73,110,6.12
his,6263,25,25,6.51
when,6139,54,57,6.37
by,6069,20,30,6.66
but,6013,24,23,6.63
write,5984,211,228,5.03
word,5871,196,244,5.26
she,5858,21,31,6.26
read,5748,322,337,5.54
time,5684,50,52,6.29
think,5659,64,56,6.08
there,5635,37,53,6.31
get,5630,41,39,6.28
take,5598,51,63,5.92
up,5598,52,50,6.39
work,5465,125,117,5.96
some,5270,53,60,6.2
more,5081,74,81,6.36
out,4932,62,64,6.38
school,4794,165,125,5.71
help,4682,204,167,5.75
all,4659,39,43,6.52
day,4587,95,90,5.95
her,4583,42,42,6.3
look,4508,82,85,5.81
so,4490,48,55,6.52
their,4375,36,36,6.33
listen,4330,850,609,5.06
know,4259,49,47,6.1
see,4162,47,67,6.1
other,4112,69,75,6.16
if,4067,40,40,6.47
give,3999,71,98,5.71
n.,3954,0,0,5.15
would,3909,34,41,6.27
question,3882,221,197,5.35
then,3831,59,77,6.07
many,3772,98,99,5.91
's,3750,0,0,5.86
say,3750,32,19,5.89
year,3681,56,54,5.96
come,3600,65,70,5.78
why,3599,169,158,5.93
talk,3590,289,168,5.42
no,3576,68,93,6.35
find,3466,92,95,5.76
sentence,3464,1168,2036,4.58
life,3454,128,114,5.89
our,3444,93,79,6.14
play,3362,224,200,5.61
who,3329,45,38,6.34
thing,3305,106,97,5.72
new,3238,81,88,6.25
friend,3230,281,265,5.37
complete,3229,998,1207,5.1
world,3216,146,123,5.89
b,3206,2992,0,5.35
want,3201,94,83,6.04
very,3196,80,105,6.0
learn,3145,520,304,5.17
now,3084,67,72,6.18
student,3069,432,157,5.02
which,3058,28,58,6.3
after,2951,96,120,6.11
answer,2941,808,767,5.17
way,2934,86,84,6.01
first,2901,79,86,6.11
follow,2846,186,325,5.14
story,2827,542,233,5.45
well,2754,84,100,6.03
group,2753,142,163,5.57
english,2729,18425,1782,5.19
most,2719,153,144,6.0
should,2716,85,121,5.99
also,2605,77,87,6.19
into,2574,57,65,6.11
great,2559,129,160,5.88
food,2551,466,366,5.4
each,2551,170,192,5.69
form,2546,239,523,5.31
tell,2532,107,103,5.53
could,2523,55,71,6.06
than,2506,89,73,6.13
chinese,2493,2214,1218,5.01
down,2447,102,118,5.88
where,2423,131,169,6.0
ask,2420,141,131,5.34
class,2405,387,431,5.36
place,2396,162,181,5.71
below,2396,1136,1450,5.05
china,2361,1973,7946,5.1
yes,2358,144,258,5.5
because,2334,101,89,6.03
passage,2331,1783,2210,4.27
need,2331,132,132,5.97
book,2284,235,241,5.43
feel,2278,135,134,5.67
long,2274,217,254,5.81
may,2267,83,119,5.98
different,2263,177,237,5.59
information,2246,223,314,5.43
box,2237,874,795,5.04
over,2230,110,124,6.08
example,2210,511,852,5.27
...,2199,0,0,0.0
home,2191,222,224,5.81
part,2190,140,178,5.78
put,2168,116,151,5.66
picture,2139,626,562,5.13
start,2138,205,173,5.56
idea,2132,268,311,5.36
live,2121,267,210,5.54
show,2103,147,177,5.68
name,2078,271,298,5.61
correct,2066,1580,1794,4.79
too,2059,115,133,5.95
language,2055,436,722,5.1
eat,2033,701,543,5.13
much,2031,164,146,6.0
old,2023,126,152,5.75
speak,2019,352,335,5.03
something,2010,167,142,5.81
watch,2002,490,323,5.34
man,1958,91,94,5.82
before,1954,198,219,5.93
family,1943,200,147,5.66
again,1931,156,184,5.7
try,1896,159,127,5.5
keep,1882,171,156,5.66
p.,1842,0,0,5.13
one,1836,46,51,6.47
just,1822,72,66,6.43
only,1796,70,101,6.12
become,1794,122,139,5.4
lot,1782,374,238,5.61
country,1781,175,166,5.48
problem,1781,154,171,5.4
any,1779,78,109,6.07
study,1779,270,240,5.26
around,1757,397,264,5.77
water,1751,236,226,5.52
benefit,1742,656,812,4.82
every,1731,210,172,5.79
last,1728,119,130,5.86
love,1722,670,390,5.82
let,1712,320,159,5.6
animal,1711,652,728,4.81
important,1709,218,266,5.44
page,1707,658,708,5.12
change,1706,226,306,5.54
city,1705,331,290,5.61
here,1692,117,96,5.97
often,1681,230,274,5.41
music,1676,667,392,5.52
teacher,1635,486,371,4.88
note,1626,799,703,5.04
back,1620,105,108,6.04
conversation,1607,1465,1164,4.75
choose,1605,594,600,4.91
really,1599,179,143,5.97
activity,1576,412,537,4.86
always,1575,185,206,5.76
its,1567,58,78,6.14
leave,1565,127,150,5.34
understand,1562,391,320,5.37
turn,1548,183,170,5.32
past,1543,1116,680,5.36
discuss,1537,661,847,4.66
high,1523,152,141,5.75
visit,1509,867,905,5.04
pair,1506,1213,1485,4.72
away,1506,237,269,5.62
big,1502,260,162,5.67
right,1501,244,193,5.96
reading,1491,1701,1581,5.14
future,1480,639,654,5.33
call,1478,161,122,5.51
own,1464,118,148,5.74
off,1464,174,205,5.93
step,1462,720,587,5.13
learning,1456,1745,1455,4.92
travel,1438,1132,1081,5.0
game,1424,464,273,5.72
next,1421,199,217,5.7
present,1417,678,817,5.18
plan,1401,442,413,5.29
fill,1395,900,686,4.64
such,1388,108,183,5.84
child,1378,114,115,5.3
mean,1374,121,154,5.53
line,1369,277,276,5.49
text,1359,1002,1289,5.01
check,1350,997,854,5.31
hear,1340,238,195,5.23
kind,1337,337,250,5.45
never,1334,157,138,5.91
boy,1330,462,382,5.17
c,1329,1985,0,5.33
today,1329,350,214,5.55
culture,1327,983,611,5.03
adj.,1316,0,0,2.64
short,1315,500,627,5.33
v.,1313,0,0,5.06
late,1306,298,437,5.34
sport,1304,1122,666,4.73
through,1301,109,112,5.87
verb,1299,4641,8951,3.72
expression,1296,1139,1533,4.55
number,1291,143,204,5.62
table,1279,410,539,5.05
run,1279,208,202,5.49
even,1272,113,107,5.99
happen,1262,275,216,5.19
meet,1256,259,288,5.27
describe,1253,398,568,4.56
festival,1251,2395,3695,4.72
sure,1244,386,347,5.67
partner,1238,1144,1048,4.84
hard,1231,573,438,5.53
share,1221,620,711,5.2
parent,1209,494,327,4.57
buy,1209,351,397,5.32
while,1205,173,153,5.86
bring,1196,195,215,5.27
blank,1195,4310,4578,4.14
walk,1190,458,358,5.08
usually,1185,526,724,5.15
house,1184,148,257,5.71
little,1184,291,256,5.75
match,1183,1097,1972,5.13
small,1182,168,203,5.51
week,1182,180,188,5.56
experience,1182,430,420,5.27
grow,1181,524,353,4.9
girl,1173,362,363,5.38
hand,1173,163,174,5.41
together,1163,288,324,5.46
order,1162,368,684,5.49
enjoy,1162,685,881,5.09
room,1160,240,227,5.39
article,1158,1027,731,5.09
bad,1141,349,282,5.53
begin,1141,193,164,4.84
between,1136,97,140,5.77
same,1133,137,161,5.8
lesson,1125,1953,1325,4.47
famous,1122,1461,1486,4.84
li,1119,6311,0,4.25
pay,1115,227,286,5.4
programme,1111,360,0,4.57
stay,1110,549,409,5.33
end,1109,187,278,5.68
must,1101,111,223,5.68
still,1100,112,126,5.92
letter,1096,454,628,4.95
computer,1083,580,589,4.97
decide,1073,375,456,4.78
set,1060,213,294,5.59
fall,1055,332,410,5.13
grammar,1054,2979,8367,4.17
mother,1052,306,229,5.24
art,1048,477,346,5.29
history,1047,496,350,5.39
subject,1046,358,670,4.96
film,1040,739,593,5.2
favourite,1038,2527,22274,4.57
space,1037,715,521,5.23
earth,1035,1026,1547,5.06
move,1032,220,207,5.35
remember,1029,346,379,5.38
report,1028,276,450,5.32
meaning,1026,1226,1608,4.87
plant,1019,690,623,4.89
movie,1018,2856,576,5.16
tree,1005,680,596,4.85
job,1005,272,243,5.5
true,998,547,492,5.4
sound,996,780,702,5.15
interesting,988,1032,1072,5.0
another,987,150,145,5.74
spend,982,424,342,4.97
young,981,228,234,5.43
happy,980,777,747,5.35
night,978,216,209,5.61
money,977,233,232,5.64
morning,973,445,357,5.33
poem,972,2181,2494,4.25
reason,968,310,359,5.32
wear,966,673,518,4.92
might,966,138,175,5.66
build,964,415,408,5.04
bear,962,1065,1619,4.71
far,959,287,252,5.5
father,954,364,267,5.26
however,954,145,284,5.58
special,951,438,520,5.34
human,951,550,399,5.35
clause,949,1871,6415,3.99
please,948,758,1167,5.66
hour,943,299,272,5.18
lose,942,329,283,5.08
list,941,716,761,5.28
dream,941,1513,990,4.91
break,938,519,494,5.18
large,933,181,220,5.39
event,929,473,525,5.18
during,929,192,198,5.72
point,929,176,211,5.54
stop,928,359,329,5.52
project,927,509,534,5.22
ever,926,355,280,5.66
few,926,189,185,5.6
phrase,922,2081,2589,4.3
sometimes,919,478,445,5.28
jenny,915,3882,0,3.89
oh,914,120,411,5.43
win,914,388,361,5.39
hope,911,444,482,5.44
fun,909,2497,1888,5.3
light,904,529,464,5.33
classmate,903,18807,5247,3.34
science,899,794,889,5.12
internet,890,31055,1467,5.06
main,889,376,888,5.24
rule,879,539,633,4.94
photo,869,3394,1328,4.97
drink,868,1284,1232,4.9
believe,865,252,212,5.51
stand,857,273,281,5.14
beautiful,855,1161,992,5.22
hold,854,178,213,5.19
park,853,853,3467,5.16
face,852,282,330,5.45
item,848,950,1031,4.57
without,842,188,218,5.69
tv,838,1457,730,5.2
paragraph,838,2495,5897,4.03
trip,837,1664,962,4.9
open,835,403,355,5.48
fact,835,201,235,5.41
advice,834,962,1641,4.88
include,834,246,292,5.21
car,833,247,289,5.45
danny,833,6223,0,4.25
weather,832,1610,1614,4.87
team,831,427,307,5.67
body,830,274,313,5.4
e,828,3167,0,5.28
mind,824,385,469,5.41
result,821,264,354,5.18
everyone,821,753,529,5.47
t,820,4053,0,5.43
yourself,818,932,915,5.31
party,818,166,351,5.49
draw,810,429,592,4.81
attention,807,714,591,5.11
exercise,806,1233,1487,4.68
once,804,548,300,5.53
someone,802,537,419,5.63
news,800,692,574,5.44
close,798,647,649,5.36
road,798,284,489,5.24
opinion,796,1067,1124,4.94
soon,796,615,610,5.32
nature,795,553,696,4.98
practice,792,453,564,5.06
dialogue,792,3654,2794,4.29
eye,784,219,242,5.02
writer,783,1314,980,4.69
easy,778,502,549,5.29
museum,778,1209,1723,4.71
add,775,330,340,5.09
area,775,149,230,5.46
send,773,366,404,5.11
cause,772,476,601,5.35
sth.,770,0,0,2.74
club,768,493,1257,5.2
since,768,305,260,5.75
structure,765,557,950,4.84
care,763,505,434,5.56
module,763,1606,6287,3.89
express,762,839,1272,4.68
both,760,229,255,5.79
river,760,876,1327,5.03
dog,757,819,753,5.1
task,756,779,1047,4.65
online,755,9396,2257,5.19
building,754,420,501,5.29
under,751,158,225,5.73
enough,750,378,374,5.54
writing,749,1484,1528,5.07
sit,742,302,268,4.9
improve,741,903,995,4.79
popular,739,938,924,5.07
explain,738,518,480,4.89
type,738,356,590,5.27
introduce,737,698,1225,4.37
scientist,733,1684,1057,4.21
clean,732,1780,1514,4.97
develop,731,400,484,4.75
vt.,728,0,0,3.46
sea,725,721,989,5.06
base,724,514,536,5.05
object,723,1028,1153,4.56
american,722,636,176,5.49
difficult,721,439,608,5.07
tip,721,2631,1928,4.55
topic,719,2051,1860,4.49
green,718,985,890,5.13
sleep,718,1408,1172,5.05
doctor,712,665,570,4.9
phone,709,1346,557,5.3
mountain,709,1402,1240,4.73
whether,708,265,321,5.32
swim,708,3038,2848,4.21
tense,705,5962,6263,3.95
month,705,214,236,5.25
fast,705,1833,1096,5.13
town,705,433,488,5.24
character,704,805,786,5.11
early,703,245,365,5.43
tony,702,1843,0,4.64
natural,702,709,715,5.11
age,701,363,386,5.32
possible,700,256,459,5.36
sb.,698,0,0,3.7
bird,698,1072,1122,4.63
cut,697,541,414,5.24
interview,696,1421,944,4.86
ago,693,504,316,5.42
summer,693,858,619,5.23
d,691,2917,0,5.46
die,691,443,403,5.07
wait,690,463,400,5.35
video,689,1271,1109,5.43
simple,688,624,763,5.08
join,686,578,505,5.0
red,685,796,598,5.32
action,685,340,502,5.25
agree,684,401,514,4.97
second,683,242,381,5.63
theme,683,1703,1655,4.62
painting,679,1348,1056,4.6
stress,679,2093,1731,4.73
speech,677,1119,1100,4.85
teach,677,959,545,4.67
street,676,380,554,5.28
millie,676,13453,0,3.2
paper,675,395,519,5.07
woman,672,130,111,5.35
healthy,670,2199,1468,4.8
adj,670,0,0,2.64
nice,669,750,897,5.37
cold,669,972,885,5.02
create,667,449,332,5.02
clothes,666,1315,1434,4.72
song,665,1405,851,5.26
spring,665,1503,901,4.92
prepare,664,893,774,4.55
fly,664,1106,943,4.75
protect,663,1151,749,4.92
research,663,357,362,5.39
technology,663,756,585,5.09
finish,662,842,916,4.91
birthday,661,2488,2433,4.76
section,661,409,818,5.0
one's,660,0,0,4.39
tom,659,1710,0,4.83
able,659,295,385,5.43
air,658,527,370,5.37
blue,657,1083,842,5.13
environment,657,702,855,4.87
lead,657,263,318,5.2
course,656,347,418,5.44
strong,655,506,458,5.22
skill,655,801,821,4.42
along,654,823,447,5.38
minute,653,348,308,4.98
train,651,1186,1516,4.96
sing,650,1509,1013,4.54
robot,650,6669,4523,4.24
basketball,647,16051,1799,4.56
difference,647,528,496,5.01
weekend,646,1317,1193,4.93
role,643,468,451,5.16
piece,641,677,565,5.04
ming,637,26346,0,3.54
head,636,209,251,5.51
message,634,1120,807,5.0
member,632,182,285,5.18
arrive,631,708,810,4.38
key,630,1267,1093,5.12
white,629,475,301,5.51
seem,629,134,165,5.08
shop,628,648,1338,4.88
amy,628,6781,0,4.2
beijing,627,9384,0,4.12
catch,627,681,586,4.87
pass,625,480,441,5.05
support,625,481,524,5.53
circle,620,1832,1506,4.55
bus,619,1399,1453,4.83
health,619,373,344,5.44
anything,618,315,331,5.55
save,617,848,735,5.14
across,616,448,377,5.25
colour,615,642,0,4.49
above,613,733,893,5.2
sun,612,872,1233,4.97
hi,611,6210,2072,5.0
miss,611,919,833,5.22
n,610,5483,0,5.15
drive,610,640,490,5.13
homework,610,6447,4778,4.13
ok,608,3743,830,5.14
holiday,608,948,1963,4.66
less,605,379,477,5.49
mr,603,123,191,5.69
chart,599,2961,2743,4.47
dinner,598,1422,1076,4.78
john,597,269,15623,5.38
mark,596,1255,1683,5.05
fish,596,954,947,4.9
ride,595,1796,1283,4.85
noun,592,6274,13780,3.61
forget,589,813,872,5.06
football,588,1424,1534,5.11
though,586,377,245,5.5
wall,585,577,571,5.04
restaurant,583,1816,1114,4.68
habit,582,2239,2308,4.24
hot,581,1055,721,5.16
yesterday,581,513,1505,4.91
everything,580,538,389,5.54
author,579,1382,685,4.95
situation,578,503,548,5.09
view,577,311,485,5.19
tea,576,1140,2164,4.73
free,574,497,473,5.63
thank,573,768,498,5.48
side,573,212,249,5.5
near,572,726,706,5.29
common,570,554,710,5.2
rain,567,1491,1550,4.71
bed,566,563,683,5.07
star,565,1001,538,5.19
ancient,562,1841,1817,4.68
map,560,1681,1542,4.76
until,560,382,270,5.61
wang,559,13257,0,3.95
perfect,554,1685,1160,5.2
throw,554,868,677,4.83
reach,553,404,422,4.94
evening,552,651,961,4.86
full,552,309,503,5.54
university,550,530,1106,5.39
heart,550,654,460,5.31
rice,549,4143,2740,4.55
worry,548,1537,970,4.84
post,547,895,2148,5.43
mum,547,1110,14080,4.41
allow,544,257,339,5.01
tomorrow,544,1075,1334,5.02
voice,543,487,465,5.07
local,543,191,423,5.43
sell,539,461,443,4.98
ready,538,976,758,5.28
library,537,967,2129,4.86
effect,537,262,427,5.02
feeling,536,797,805,5.13
quite,536,206,561,5.29
act,536,371,837,5.3
p.m.,535,0,0,4.44
f,533,4238,0,5.08
guess,530,2218,862,5.17
provide,530,172,262,5.15
test,529,627,575,5.19
self,529,2286,2162,5.25
touch,528,1372,1166,4.91
poster,528,3930,3834,4.19
c.,524,0,0,5.33
south,524,601,636,5.4
else,523,471,440,5.38
sorry,522,870,1205,5.18
traditional,520,1006,925,4.84
interest,519,231,416,5.17
tall,518,1757,1524,4.52
wonder,517,815,790,4.93
matter,517,370,528,5.38
classroom,515,2842,1479,4.15
discover,515,923,956,4.39
review,514,1128,1384,5.12
shopping,514,2763,2713,4.68
deal,514,595,674,5.32
cook,514,2338,1419,4.65
dad,513,1311,1814,4.95
cultural,513,1472,932,4.75
volunteer,511,3012,2284,4.28
although,511,197,378,5.3
hair,510,668,602,5.08
collect,510,1222,1318,4.37
door,509,300,343,5.08
compare,509,773,831,4.45
wish,508,586,1055,5.18
statement,507,717,921,4.97
carry,507,283,487,4.89
design,507,679,834,5.17
top,506,776,678,5.57
breakfast,505,2019,2382,4.61
london,505,248,0,5.27
lie,503,483,751,4.84
adjective,502,5838,10317,3.34
bank,502,406,663,5.16
nothing,502,258,315,5.55
century,501,407,605,5.02
daniel,501,4377,0,4.62
afternoon,500,1118,1191,4.72
hobby,500,6000,6554,3.94
personal,499,574,580,5.2
brother,498,827,614,5.11
date,498,571,1201,5.22
whole,498,452,467,5.46
clear,498,390,563,5.25
winter,498,1300,1244,4.89
king,497,612,2080,5.17
choice,493,725,630,5.08
necessary,492,555,982,4.91
power,491,225,271,5.52
land,491,472,566,5.22
success,491,705,777,5.06
outside,491,857,809,5.25
bag,488,1292,1008,4.79
already,487,255,334,5.55
mistake,486,1751,1430,4.67
front,486,1185,1087,5.28
betty,486,4617,0,3.92
jump,486,1784,1346,4.69
consider,486,312,394,4.99
useful,485,986,2026,4.72
accord,483,5594,6075,3.81
warm,483,1353,1356,4.71
radio,481,1093,904,5.01
quickly,481,809,679,5.0
simon,480,2101,0,4.48
purpose,479,655,1014,4.88
gift,479,1914,1382,4.78
yet,479,261,275,5.54
newspaper,478,1164,1064,4.6
celebrate,478,2443,2019,4.49
sister,477,1049,823,4.95
almost,477,280,291,5.39
return,477,428,472,5.19
foot,477,459,380,4.87
function,477,782,1442,4.78
ice,475,2164,1230,5.0
national,475,232,231,5.51
dance,475,2345,1671,4.93
real,475,425,305,5.6
card,474,1035,892,5.04
goal,474,930,681,5.06
lunch,473,1615,1586,4.66
similar,473,543,720,5.21
finally,473,771,470,5.17
focus,473,1918,688,5.0
smile,472,892,1068,4.64
title,472,855,1323,5.1
black,471,426,253,5.46
notice,470,1034,1044,4.9
moon,470,2646,2450,4.7
island,470,982,1512,5.01
fruit,469,1809,1662,4.57
burn,469,1754,1422,4.53
detail,469,566,997,4.57
dear,467,2167,3337,4.77
meal,465,1415,1710,4.48
fight,465,917,676,5.23
teenager,464,3812,2440,4.09
cover,464,525,560,5.08
hit,464,927,535,5.37
rise,462,644,727,4.81
underline,460,4685,9691,2.98
station,460,736,841,5.01
interested,458,1131,1280,4.95
rest,458,703,673,5.23
mary,457,1331,0,4.78
offer,457,307,373,5.05
receive,457,372,497,4.85
thanks,455,1528,1661,5.43
vegetable,455,2818,1934,3.94
exchange,455,1084,1513,4.85
false,455,2370,2516,4.63
half,455,470,547,5.41
moment,455,361,369,5.24
education,454,353,376,5.28
planet,454,3115,1592,4.68
boat,453,1303,1231,4.71
sense,453,417,407,5.19
communication,453,1039,1250,4.68
wrong,452,672,655,5.39
invention,452,4752,4773,4.04
chat,452,4730,5055,4.57
ocean,451,3015,1842,4.7
dish,451,2709,1935,4.21
wonderful,450,1864,1405,4.85
style,449,790,968,5.11
against,449,155,180,5.68
hello,448,2319,2238,4.72
jane,448,2135,0,4.42
instead,448,1274,994,5.24
especially,448,570,515,5.21
vi.,448,0,0,4.09
dress,447,1673,1437,4.76
continue,446,323,293,5.08
fire,446,693,653,5.3
friendship,445,3092,3036,4.39
th,444,2321,0,4.2
wake,444,2178,1764,4.76
amazing,444,3667,2294,5.1
garden,443,700,1043,4.77
laugh,443,1021,861,4.66
wind,443,1179,1092,4.84
flower,443,1270,1489,4.42
behind,442,489,421,5.29
link,442,1277,1730,4.99
imagine,441,1197,909,4.92
control,441,339,432,5.4
adv.,440,0,0,3.04
centre,440,327,0,4.95
climb,440,1646,1566,4.22
tired,439,2210,1959,4.71
sky,439,1674,1147,4.72
guide,439,1645,1779,4.75
afraid,438,1562,1400,4.7
window,438,517,607,4.8
corner,437,1104,1127,4.75
war,437,304,349,5.46
surprise,437,1807,1624,4.75
vt,437,48265,0,3.46
snow,436,2665,1781,4.66
accident,435,1187,1707,4.71
north,435,1746,578,5.34
etc.,435,0,0,5.03
disaster,435,2466,2321,4.39
busy,434,1753,1924,4.75
hurt,434,1931,1140,4.94
mention,433,902,971,4.73
player,432,732,513,5.19
modern,432,762,1046,5.07
lingling,432,0,0,1.42
public,431,319,333,5.57
rock,431,1070,869,5.03
company,431,151,189,5.6
business,430,215,246,5.56
exciting,430,2540,2926,4.54
daily,429,1702,1483,5.07
energy,429,765,615,5.23
journey,429,1662,2409,4.65
refer,427,728,1156,4.45
deep,427,1024,975,5.05
artist,426,1218,736,4.8
left,425,1045,771,5.62
memory,425,979,891,4.81
season,424,833,506,5.48
grade,424,2822,1426,4.8
e.g.,424,0,0,4.53
hospital,424,562,647,5.07
plane,423,2000,1150,4.72
store,423,1583,700,5.02
paint,423,2040,1555,4.52
cool,422,2478,1451,5.15
smell,422,2651,2390,4.49
search,422,1690,1500,4.96
opera,422,2984,3851,4.27
elephant,422,4323,4355,4.08
cat,421,1712,1775,4.78
model,420,551,504,5.13
l,420,4865,0,5.18
record,419,507,516,5.21
ing,418,30578,0,3.95
jack,418,1652,11765,4.82
least,418,2012,302,5.44
panda,418,15519,14691,3.65
system,418,136,191,5.56
danger,417,1264,1546,4.59
christmas,416,1142,1232,4.91
international,416,435,500,5.36
invent,415,3639,3398,3.57
saturday,414,1159,0,4.87
poor,414,598,713,5.09
aid,414,1096,1640,4.75
america,413,973,0,5.22
lake,413,1812,1950,4.83
tick,413,5977,7358,3.8
math,412,36820,2983,4.45
pick,412,664,517,5.08
shake,412,1076,942,4.33
bike,412,3241,2163,4.53
ball,411,1121,912,5.04
middle,411,1360,988,5.18
a.m.,411,0,0,4.35
taste,411,2077,2031,4.73
scene,411,1112,738,4.97
ship,410,1356,1219,4.93
email,410,0,0,4.68
magazine,409,1479,1001,4.74
cost,409,342,550,5.24
challenge,409,1506,984,4.88
tourist,409,2425,2394,4.2
field,409,495,439,5.24
maybe,408,955,383,5.45
peter,408,814,19939,4.88
invite,407,1502,1601,4.3
connect,407,2042,1636,4.38
medicine,407,2476,1473,4.73
understanding,407,1260,1298,4.82
relative,406,2255,2428,4.48
milk,405,1881,2033,4.66
state,405,194,137,5.78
literature,405,1766,1549,4.62
shirt,404,2401,1771,4.63
forest,404,1108,1108,4.7
social,402,202,319,5.42
produce,401,296,542,4.78
pollution,401,2147,2913,4.2
towards,401,317,2004,5.06
presentation,401,2313,2898,4.31
sign,400,935,759,5.08
feed,398,1412,1317,4.67
introduction,397,1379,2904,4.52
passive,396,4512,5680,4.03
suggestion,396,1775,2507,4.23
sandy,396,6514,6261,4.19
proper,396,1458,2058,4.72
egg,394,1532,1376,4.46
earthquake,394,6891,4261,4.15
inside,394,1301,964,5.19
rather,394,460,860,5.32
feature,394,741,1190,4.82
myself,393,804,662,5.31
quality,392,536,764,5.11
suggest,392,314,430,4.75
office,392,303,341,5.4
speaker,391,996,2535,4.49
serious,390,807,755,5.1
prize,388,2125,3686,4.59
population,388,683,642,5.01
major,388,392,444,5.3
term,387,316,626,5.23
general,387,301,804,5.47
value,387,367,499,5.15
west,387,789,665,5.29
canada,387,2754,0,4.97
tennis,386,2846,3082,4.35
probably,384,333,398,5.37
raise,384,510,433,4.75
wild,384,1698,1292,4.8
explore,384,1882,1594,4.31
bob,383,2215,8817,4.63
achieve,383,592,1152,4.57
bridge,383,1434,1687,4.77
brown,382,2018,1769,5.01
description,382,1441,2171,4.73
shape,382,1200,1267,4.72
western,382,1008,1079,5.01
several,382,389,310,5.39
baby,381,869,588,5.26
british,380,24056,1183,5.18
suppose,380,840,2161,4.56
expect,380,313,405,5.01
machine,380,761,1022,4.9
living,380,1950,1329,5.3
mike,378,2108,8754,4.8
development,378,234,448,5.31
bit,377,585,952,5.37
son,376,599,481,5.28
ground,376,455,522,5.15
alone,375,1297,1097,5.16
practise,375,2744,23578,3.52
sweet,373,2378,1567,4.91
himself,373,286,367,5.25
orange,372,3959,3145,4.62
survey,372,1015,1241,4.69
prefer,372,1386,1716,4.57
chance,372,617,613,5.26
solve,372,2279,1825,4.42
repeat,371,1398,1602,4.49
safe,371,1244,1058,5.07
communicate,371,3006,2672,4.2
bracket,370,5578,7618,3.84
us,370,614,113,6.04
foreign,370,621,689,5.08
product,369,451,569,4.95
discussion,369,860,1041,4.71
case,368,139,186,5.55
stick,368,1545,1209,4.76
sad,368,2373,2145,4.84
welcome,367,1647,1545,4.99
increase,366,523,660,5.08
lay,366,958,803,4.64
olympic,366,4877,2736,4.49
certain,366,440,577,5.16
australia,366,1834,0,5.06
apple,365,2446,2695,4.76
knowledge,364,689,839,4.96
low,363,318,360,5.33
meat,362,2283,1788,4.63
floor,361,791,639,4.94
pen,360,3020,3583,4.38
desk,360,1862,1659,4.43
pet,360,3686,3278,4.45
beauty,360,2046,1724,4.75
bill,359,837,8026,5.15
serve,359,625,401,4.85
competition,359,992,1345,4.91
effort,359,745,454,4.92
influence,359,1061,1392,4.78
among,359,418,279,5.31
meeting,358,457,772,5.15
yellow,358,2173,1665,4.69
funny,358,1942,1789,5.02
palace,358,1935,4678,4.45
cry,358,1518,1351,4.59
tradition,358,1417,1243,4.5
carefully,358,1328,1603,4.46
zoo,358,6119,6286,4.14
media,358,0,757,5.3
dark,357,966,857,5.04
physical,357,1047,802,4.94
poetry,357,2772,2959,4.4
essay,357,3147,2536,4.23
identify,356,757,770,4.56
liu,356,29240,0,3.74
anyone,356,662,659,5.38
kid,356,1572,312,4.99
hotel,356,731,1002,4.95
silk,355,3130,3969,4.11
performance,355,688,675,5.16
pronunciation,354,8187,15375,3.51
decision,354,381,479,5.09
waste,354,1624,1986,4.81
relationship,354,532,486,5.15
particular,354,431,948,5.0
david,353,637,0,5.13
huge,353,1230,911,5.06
quiet,352,1437,1435,4.65
progress,352,1265,1508,4.78
ring,351,1305,1678,4.81
weight,350,1056,954,5.02
successful,350,915,1101,4.94
hang,350,1069,867,4.6
french,350,10037,1362,5.09
forward,350,734,815,5.12
stone,349,888,1220,4.8
kill,349,635,425,5.09
upon,349,405,693,5.12
o,348,7311,0,5.12
ability,348,946,783,4.96
society,348,326,507,5.17
either,348,437,558,5.33
susan,348,3471,0,4.24
attitude,348,920,1155,4.58
fine,347,660,704,5.23
novel,347,2109,1647,4.63
smart,347,4098,1856,4.83
tour,347,1420,1474,4.99
alice,346,3048,0,4.26
advantage,346,969,1301,4.78
m,345,4442,34055,5.39
pull,345,718,471,4.82
trouble,345,1005,981,4.79
appear,345,290,395,4.85
heavy,344,943,1005,4.96
lab,344,4848,2089,4.42
cross,344,1352,1391,5.0
friendly,343,2241,2760,4.64
round,343,730,2372,5.14
horse,343,803,1279,4.76
dangerous,343,1609,1457,4.79
cup,342,749,780,5.11
infinitive,342,6830,31428,2.57
third,341,465,584,5.32
race,341,1107,716,5.08
encourage,341,881,1184,4.45
village,340,735,1245,4.82
mr.,339,0,0,5.69
drop,339,925,690,4.99
arm,339,491,491,4.73
beach,339,1900,1937,4.92
size,339,697,752,5.13
daming,339,0,0,1.66
sunday,338,988,0,4.92
gold,338,1278,1256,5.17
ticket,337,1884,1576,4.61
dictionary,335,3332,8493,4.02
shark,335,7971,4438,4.1
somebody,335,1321,1000,4.8
shine,334,3329,3385,4.17
content,333,1281,1732,5.0
helen,332,2895,0,4.19
favorite,332,0,1593,4.97
enter,332,706,709,4.81
treat,331,856,960,4.75
wash,331,1853,2143,4.46
shall,331,474,2197,5.03
host,331,2542,1840,4.77
tower,329,2131,2412,4.5
spread,328,1575,1371,4.81
perhaps,328,249,435,5.09
site,328,646,532,5.22
cake,327,2309,2540,4.53
thought,327,710,760,5.59
expensive,327,1577,1664,4.69
linda,326,5160,0,4.06
east,325,785,733,5.16
adverbial,325,29794,37268,2.13
hide,325,1486,1255,4.54
vacation,325,9542,2622,4.4
jim,325,2097,0,4.62
farmer,324,1333,1589,4.15
poet,324,2613,2923,4.21
experiment,323,1651,1990,4.38
pencil,322,4530,4410,3.95
material,322,499,641,4.95
angry,322,2084,1705,4.66
fit,322,1046,1349,4.95
career,322,1057,741,5.07
government,321,124,201,5.57
aspect,321,862,1357,4.41
piano,320,3449,3299,4.31
temperature,320,1622,1622,4.64
soccer,319,4895,3353,4.48
reader,319,1148,1268,4.34
astronaut,319,16330,5656,3.6
amount,319,584,782,5.13
diary,318,2934,4334,4.09
rst,317,0,0,2.48
speed,317,1245,1390,5.0
strange,317,1397,1580,4.64
cartoon,317,6438,4155,4.08
stage,317,482,829,5.1
apply,317,522,938,4.81
spirit,316,1189,1180,4.79
cousin,314,3010,2714,4.41
relax,314,2535,2861,4.29
plastic,314,1999,1523,4.51
promise,314,1478,1438,4.71
fair,314,1150,1484,4.99
senior,313,1203,1090,4.92
noodle,312,21573,7939,3.42
reduce,312,567,701,4.73
custom,311,2344,2993,4.43
depend,310,987,1475,4.2
expert,310,1335,899,4.56
push,310,926,695,4.82
spell,309,3382,4299,4.37
shoe,309,1885,1423,4.24
themselves,309,394,449,5.16
rich,309,1229,1075,4.91
blow,309,1822,1414,4.59
process,308,343,391,5.26
exam,307,4174,4224,4.26
risk,307,781,650,5.05
march,306,695,3483,5.26
mom,306,13335,1609,5.12
website,306,0,4950,5.09
specific,306,882,979,5.03
predict,306,2288,1613,4.08
figure,305,325,552,5.07
bright,304,1526,1308,4.61
careful,303,1777,1952,4.59
wide,303,600,940,4.96
death,303,414,417,5.4
tiger,303,4773,5908,4.3
strategy,303,1127,844,4.74
appreciate,303,1989,1738,4.74
manage,302,752,945,4.54
fresh,302,1368,1107,4.83
terrible,302,1927,1944,4.71
audience,302,1463,1074,4.73
telephone,301,1327,1865,4.41
chicken,301,3030,1538,4.63
mobile,301,4468,4686,4.85
reply,301,1286,2219,4.5
square,301,1802,2747,4.84
comment,301,1279,1363,4.88
thousand,300,631,651,4.64
background,300,1369,1402,4.77
resource,300,786,769,4.39
achievement,300,1978,2021,4.36
sight,300,1298,1629,4.54
avoid,299,835,908,4.87
service,299,160,263,5.49
delicious,298,5437,4985,4.34
proud,298,2579,1983,4.78
wood,298,1414,1236,4.78
level,298,241,338,5.41
beat,297,1207,1036,5.01
hill,297,1134,1800,4.82
leg,297,851,856,4.66
heritage,297,3573,3175,4.36
aunt,296,2569,4166,4.16
direction,296,910,928,4.93
glass,296,844,820,4.85
reflect,296,885,1004,4.39
brian,296,2023,0,4.47
cream,295,2546,2008,4.62
bread,295,2292,2113,4.5
farm,295,1167,1258,4.75
active,294,1316,1444,4.93
olympics,294,0,3768,4.45
accept,294,488,766,4.85
diet,294,1964,2139,4.57
recommend,293,1578,1688,4.61
award,292,590,2573,4.88
lecture,292,2588,3526,4.14
england,291,411,0,5.12
banana,290,5663,4677,4.0
brain,290,1643,1189,4.94
dry,290,1665,1561,4.74
worker,289,544,573,4.43
sth,289,0,0,2.74
fail,288,616,808,4.61
police,288,328,468,5.33
adventure,288,3561,2862,4.46
require,287,321,446,4.78
excellent,287,1416,2123,4.73
mars,287,7631,0,4.27
method,287,561,998,4.8
summary,287,2708,4917,4.37
comfortable,286,2195,1701,4.66
remain,286,344,426,4.83
hall,286,800,1839,4.87
fear,286,1066,985,4.95
seat,286,912,894,4.82
beginning,285,1242,1200,5.0
inspire,285,3204,2299,4.0
damage,285,1074,1522,4.9
whose,284,501,527,5.07
uk,284,572,0,5.12
metre,284,2099,0,3.76
difficulty,284,760,1686,4.33
chair,283,1029,946,4.69
friday,283,1621,0,4.96
law,283,278,287,5.46
straight,283,1598,1634,5.04
camera,283,2246,949,4.87
noise,283,1667,2012,4.55
period,283,324,617,5.21
couple,283,727,531,5.19
africa,283,1250,0,4.92
uncle,282,2301,3345,4.45
volleyball,281,24975,7896,3.85
discovery,281,2453,2227,4.45
ahead,281,1504,1025,5.01
college,281,802,415,5.27
henry,281,1308,0,4.74
symbol,280,2635,2340,4.31
soup,280,4360,2997,4.15
truth,280,1152,850,5.05
camp,280,2079,1188,4.79
dumpling,280,22551,14302,2.67
respect,280,1476,1554,5.03
potato,279,3013,2253,4.11
joke,279,2533,2246,4.68
conclusion,279,1282,1666,4.4
zhang,278,0,0,3.68
disease,278,931,775,4.9
fiction,278,3431,2762,4.44
column,277,2007,2074,4.33
grass,277,2003,2014,4.38
peace,277,1123,933,5.02
balance,277,1176,1631,4.76
gram,276,9092,0,3.76
draft,276,2834,2624,4.61
pretty,275,1782,797,5.38
hero,275,2477,1912,4.68
perform,275,1138,953,4.66
position,274,345,512,5.21
nervous,274,2632,2393,4.42
actor,274,2390,1497,4.65
distance,274,1275,1235,4.85
u,273,20206,0,5.11
excuse,273,3182,3484,4.56
shut,272,1788,1541,4.78
abroad,272,2243,3363,4.39
fan,272,1905,1208,4.92
condition,272,399,629,4.86
likely,272,422,624,5.2
geography,271,3967,5163,3.98
degree,271,763,789,4.94
o'clock,271,0,4064,4.04
talent,271,2694,2030,4.64
trade,271,485,800,5.12
positive,271,1198,1049,4.99
ms.,270,0,0,4.67
actually,270,354,396,5.49
further,270,696,11239,5.31
dollar,269,2340,0,4.59
thin,269,1670,1621,4.47
importance,269,1025,1573,4.56
dynasty,269,7797,10552,3.87
pronoun,268,9344,16856,3.17
patient,268,384,572,4.77
visitor,268,1354,1698,4.01
wave,268,1586,1398,4.62
grandma,267,9295,9804,4.11
toy,267,3412,2418,4.3
solution,267,1058,1221,4.84
shanghai,266,15888,40340,4.04
bottle,266,1584,1740,4.57
p,265,657,0,5.13
medical,265,1068,646,5.16
basic,265,911,1144,4.89
kilometre,265,4574,0,3.21
unique,265,2090,1726,4.75
species,265,1044,1141,4.85
whom,264,775,1018,4.85
appropriate,264,883,1493,4.67
explor,264,0,0,1.44
luck,263,2598,2384,4.91
cinema,263,3322,8165,4.17
scientific,263,1601,1605,4.67
doing,263,5939,0,5.6
kite,262,5870,9509,3.55
slow,262,1661,1761,4.85
realize,262,1603,616,4.83
celebration,262,3379,2996,4.29
attend,262,1100,1168,4.55
worth,261,975,1353,5.16
quick,261,1431,1303,4.98
musical,261,2771,2097,4.51
supermarket,260,4087,4682,3.78
helpful,260,2582,3054,4.43
translate,260,3281,2729,3.93
monkey,260,5405,4558,4.07
succeed,259,1741,2018,4.29
prove,259,671,866,4.77
continuous,258,2936,3422,4.21
bamboo,257,12165,8248,3.65
bowl,257,2707,1829,4.63
reporter,257,3671,1286,4.35
juice,257,3724,2310,4.36
mei,256,45774,0,3.39
band,256,1145,1277,4.92
shout,256,1591,2154,4.06
hometown,256,33112,5471,3.91
junior,256,2820,2451,4.49
cloud,256,2333,1914,4.46
traffic,256,1423,1712,4.85
charity,256,2008,3287,4.45
remind,255,1700,1458,4.37
cheer,255,5070,4621,4.06
hurry,255,3065,3609,4.14
mouth,255,1011,1060,4.83
sunshine,255,4726,7752,4.16
daughter,254,871,634,5.07
instrument,254,1709,1611,4.26
affect,254,754,963,4.59
saying,254,7543,5887,5.37
hungry,254,3683,3181,4.45
adult,254,1236,969,4.8
kitchen,254,1124,1051,4.65
television,254,978,794,4.79
being,254,1956,1676,5.95
comprehension,254,7886,7826,3.57
price,253,338,475,5.23
rabbit,253,3037,4373,4.05
coffee,253,1403,1388,4.86
dig,253,2810,2460,4.22
suffer,253,821,1099,4.45
addition,253,2841,2048,5.01
doubt,252,1183,1906,4.9
prevent,252,937,1083,4.79
market,252,253,402,5.29
generation,252,1344,1026,4.82
everywhere,251,2578,1938,4.66
heat,251,1699,1009,4.86
lucky,251,2137,2126,4.77
force,251,369,372,5.23
attract,251,1477,1867,4.2
yuan,250,11014,0,3.7
polite,250,4976,5492,3.92
direct,250,960,1478,4.91
loud,250,3207,3094,4.53
replace,250,894,1182,4.58
rose,250,2179,23633,4.82
represent,250,645,687,4.58
zone,250,2336,1763,4.72
ear,249,1599,1337,4.43
context,249,1019,1427,4.63
guest,249,1649,1310,4.58
contain,249,559,931,4.5
an,249,30,0,6.53
stamp,248,3923,5139,4.11
customer,248,879,1098,4.61
related,248,2726,3391,5.1
fix,248,1954,1850,4.75
theory,248,596,918,4.88
exploration,248,4004,3885,4.19
belong,247,1475,1639,4.38
concert,247,2941,2515,4.55
theatre,247,1464,0,4.52
calm,247,4472,4189,4.54
sail,247,2876,4124,4.01
expand,247,2124,1572,4.35
device,247,1825,1507,4.67
asia,246,2720,0,4.65
steal,246,1891,1784,4.41
fantastic,246,4942,4747,4.71
nose,246,1887,1735,4.51
survive,246,1325,1342,4.52
aloud,245,5849,5694,3.51
pattern,245,676,1017,4.56
joy,245,2881,2816,4.55
suitable,245,1541,4756,4.38
factory,245,1505,2132,4.55
driver,245,1225,1226,4.75
wise,245,3087,3234,4.51
boring,244,4124,4915,4.43
score,244,1818,1070,4.83
divide,244,1544,1942,4.12
twice,244,1501,1410,4.84
carbon,244,3062,3004,4.55
clock,243,2543,2635,4.43
address,243,1522,1028,4.91
suddenly,243,854,955,4.69
soldier,243,1731,1003,4.46
capital,242,729,1061,5.01
instruction,242,1594,1563,4.14
secret,241,2375,1868,4.92
total,241,831,1038,5.21
countryside,241,2249,5320,3.92
sick,241,2044,1746,4.88
measure,241,889,941,4.65
ruler,240,4145,5552,3.84
dead,240,877,726,5.19
france,240,829,0,4.94
electricity,240,2296,2719,4.43
york,240,1010,0,5.37
rhyme,240,8663,10200,3.56
autumn,240,2252,5010,4.26
count,240,1830,1331,4.83
sweep,240,2636,2639,3.97
rush,239,2531,1956,4.48
neither,239,1721,1790,4.77
tonight,239,1385,910,5.03
flat,239,1448,2569,4.72
seed,239,2590,1919,4.37
jacket,238,2400,2267,4.32
airport,238,2541,1765,4.84
tooth,238,1747,1854,4.08
familiar,238,1635,1492,4.61
gas,238,1205,1023,5.01
various,238,643,859,5.12
monday,237,1679,0,4.8
protection,237,1220,1315,4.85
apart,237,2419,1971,4.78
within,237,190,352,5.44
anna,236,2860,0,4.37
picnic,236,6512,5619,3.8
safety,236,1165,1132,4.97
storm,236,2871,1656,4.66
aim,236,1261,1931,4.51
diagram,236,3855,7324,3.85
select,236,1614,1733,4.45
sale,235,1143,2234,4.99
wife,235,531,466,5.23
excited,235,4106,3426,4.74
crowd,235,1686,1270,4.7
april,234,684,0,5.19
grandparent,234,7634,4679,2.83
ill,234,1955,2945,4.72
mouse,234,2845,3305,4.31
global,234,2410,1110,4.95
paul,233,878,0,5.03
dragon,233,4842,5085,4.41
primary,233,1172,1504,4.88
nearly,233,865,599,5.0
percent,233,2802,0,5.04
final,233,778,887,5.28
breathe,233,2434,2264,4.26
transport,233,1202,4640,4.68
organise,233,1672,0,3.5
worried,232,2284,3261,4.63
personality,232,2326,2076,4.55
insect,232,3450,3405,3.76
b.,232,0,0,5.35
lion,232,3397,4305,4.25
europe,232,558,0,5.04
source,232,633,597,5.15
contact,232,1196,1480,4.99
variety,232,977,1171,4.75
hat,231,2209,2015,4.53
sunny,231,5585,4866,4.07
participle,231,41161,31634,2.66
mrs,231,434,932,4.89
destroy,231,1521,1418,4.52
wei,230,47604,0,3.46
environmental,230,1193,819,4.7
mix,230,2156,1759,4.71
million,230,336,222,5.33
per,230,743,669,5.45
rescue,230,3918,3815,4.48
pain,229,1184,937,5.03
province,229,2565,3228,4.47
trick,229,3180,3068,4.48
flight,229,1487,1295,4.86
argument,229,832,1185,4.64
seek,229,591,668,4.61
hamburger,228,14356,7483,3.45
admire,228,3283,3277,3.97
unusual,228,2152,2037,4.45
slowly,228,1240,1222,4.63
adverb,228,17521,26238,2.55
means,227,1033,0,5.44
lin,227,17332,0,3.8
knock,227,1958,2087,4.35
recycle,227,7344,5806,3.35
sam,227,2668,0,4.64
hundred,227,413,621,4.71
fashion,227,1852,1922,4.82
flood,226,4100,3582,4.34
beyond,226,944,746,4.98
frank,225,2307,8225,4.75
tina,225,9167,0,3.76
invitation,225,3177,4072,4.14
gain,225,1113,1253,4.81
cycle,225,2200,2220,4.6
climate,225,2643,2103,4.71
highlight,225,2853,3369,4.21
brush,224,3418,3223,4.23
engineer,224,1889,1997,4.5
sugar,224,2294,1591,4.68
involve,224,419,656,4.28
publish,224,828,1116,4.1
tomato,223,4402,2400,3.85
october,223,940,0,5.11
fat,223,2848,1575,4.85
shower,223,3712,3204,4.5
lovely,223,1496,3284,4.74
pot,223,2782,2235,4.4
organize,223,2507,1643,3.98
screen,223,1648,1252,4.85
tear,223,1861,1905,4.35
responsibility,223,830,1067,4.75
quote,223,2039,2255,4.51
coat,222,2138,2247,4.36
lady,222,774,1517,4.95
overcome,222,2462,2707,4.27
separate,222,1256,1892,4.83
exist,222,875,1016,4.73
reality,222,1299,1032,4.89
bell,221,2829,2646,4.59
mile,221,772,0,4.59
formal,221,1482,2211,4.45
athlete,221,6584,1600,4.11
kitty,221,13303,25372,3.98
is,221,24648,0,7.07
salad,220,4643,2773,4.15
board,220,611,667,5.24
master,220,1224,1883,4.93
regular,220,1276,1370,4.95
hole,220,1329,1213,4.66
desert,220,3426,2196,4.4
negative,219,2015,1470,4.79
baseball,219,10008,1373,4.54
everyday,219,3381,3291,4.47
disappear,219,1663,1578,4.09
shoot,219,1257,732,4.73
refuse,219,936,1247,4.39
tim,219,2509,0,4.51
ourselves,219,1994,1766,4.62
cheap,219,1389,1930,4.71
location,219,1705,1433,4.86
oil,219,906,546,5.1
intelligence,219,2444,1417,4.7
coach,218,2347,1033,4.96
graduate,218,3693,2115,4.5
ceremony,218,3313,2670,4.42
chess,218,7065,6948,3.94
clever,218,3025,4978,4.21
immediately,218,974,1142,4.98
sort,218,421,835,5.0
issue,218,341,248,5.23
june,217,691,0,5.21
easily,217,1004,1211,4.91
pleasure,217,1613,1882,4.57
hardly,217,1135,1741,4.53
rubbish,217,3206,14955,3.87
pressure,217,687,765,5.01
account,217,498,1071,5.21
k,216,5174,0,4.91
smith,216,1169,0,4.89
plenty,216,1977,2044,4.72
hate,216,1839,1526,5.11
path,216,1266,1336,4.71
yeah,215,103,429,5.37
lantern,215,10101,8338,3.61
chocolate,215,3142,2636,4.49
dinosaur,215,7298,5326,3.77
copy,214,1175,1927,4.77
central,214,521,743,5.12
nor,214,810,1062,4.78
smoke,214,2750,2414,4.67
lisa,214,4890,0,4.29
adapt,214,2816,2933,3.98
assessment,214,1249,1552,4.46
bedroom,213,1570,1869,4.46
borrow,213,2639,3214,4.0
honour,212,2382,32290,4.37
lifestyle,212,4507,3093,4.29
unless,211,901,1332,4.98
blood,211,980,692,5.1
regard,211,945,2084,4.36
charge,211,675,923,5.02
brave,210,3800,4854,4.33
neighbour,210,1847,0,3.69
soil,210,1894,1791,4.42
technique,210,949,1335,4.47
exactly,209,924,748,5.15
surface,209,971,1015,4.83
soft,209,1436,1374,4.68
plate,209,1494,1525,4.55
tale,209,2493,2239,4.29
oneself,209,7141,7598,3.55
tool,209,1739,1291,4.56
honest,209,2681,2530,4.73
confucius,209,33440,0,3.1
due,209,1280,1796,5.35
diy,209,10475,0,3.8
schoolbag,208,0,0,1.75
lift,208,1345,1343,4.5
glad,208,2185,2269,4.9
violin,208,7097,6665,3.74
average,208,1527,1299,5.16
emperor,208,3161,7060,4.25
emotion,208,2454,2117,4.19
bean,207,3782,2352,3.98
birth,207,1590,1499,4.77
attack,207,913,791,5.09
painter,207,3579,3322,3.93
plot,207,3096,2967,4.58
creative,206,3029,2050,4.6
wet,206,2343,2471,4.54
nurse,206,1650,1875,4.4
track,206,1268,1143,5.02
knife,205,2471,2240,4.41
postcard,205,5965,6924,3.44
nobody,205,1529,1151,4.95
army,205,818,1539,5.06
taxi,205,3317,5161,4.19
advance,205,1880,2296,4.65
impression,205,1846,2537,4.35
evidence,205,456,606,5.14
upset,204,3776,3388,4.61
single,204,569,632,5.41
asleep,204,3043,3081,4.36
medal,204,4212,3451,4.39
element,204,843,1214,4.46
skirt,203,3590,3637,3.96
happiness,203,3979,3870,4.44
resolution,203,2064,1968,4.59
blog,203,0,7748,4.73
chemical,203,2548,2617,4.57
weigh,203,3088,2504,3.99
coast,202,1854,2436,4.87
treasure,202,4538,4074,4.17
onto,202,1535,926,4.77
trust,202,1160,1841,5.13
weak,202,1990,2070,4.66
shock,202,1998,2298,4.46
december,201,1060,0,5.07
jeans,201,4826,3421,4.09
hunt,201,4330,3420,4.49
blind,201,2926,2716,4.52
usual,201,1473,2360,4.62
training,201,516,796,5.18
limit,201,1439,1348,4.7
series,201,699,718,5.35
failure,201,1147,1360,4.72
strike,201,1294,1145,4.66
2c,200,0,0,3.19
pound,200,546,1306,4.32
tie,200,2118,1501,4.51
mystery,200,2813,2332,4.45
gate,200,1707,2010,4.47
sandwich,200,3670,3529,4.13
whatever,200,759,776,5.14
universe,200,2905,2120,4.59
repair,200,2940,3874,4.41
crop,200,2655,2461,4.15
conduct,200,1792,1162,4.52
people,199,75,62,6.25
musician,199,3697,2936,4.01
wu,199,27589,0,3.81
pool,199,1678,1565,4.67
recent,199,630,567,5.04
concern,199,836,717,4.66
throughout,199,859,983,4.99
harm,199,3189,3651,4.47
image,199,904,555,4.94
opposite,198,2574,2222,4.62
honey,198,5334,2932,4.37
winner,198,1790,1916,4.8
guitar,198,2516,3658,4.48
emergency,198,2083,1725,4.72
aware,198,921,1439,4.78
data,198,552,559,5.34
3a,197,0,0,3.4
advise,197,1728,2552,4.09
everybody,197,1552,799,4.84
root,197,1992,1734,4.41
behaviour,197,787,10352,4.36
disadvantage,197,3518,6291,3.71
grand,197,1851,2237,4.91
impact,197,1263,919,4.92
clothing,196,3372,2650,4.47
wow,196,9178,3774,4.96
candy,196,10657,3446,4.29
lonely,196,3842,4002,4.25
playground,196,6458,5793,3.79
finger,196,1109,1042,4.48
tail,196,2604,2985,4.34
solar,196,4774,2744,4.53
gather,196,1778,1347,4.24
extra,196,1080,1543,4.98
alive,195,2080,1532,4.76
impossible,195,1340,1606,4.78
cheese,195,2717,2104,4.57
bicycle,195,5312,4366,3.98
duck,195,3713,3521,4.21
collection,195,1038,1045,4.96
advertisement,195,3277,5957,3.84
nation,195,1177,412,4.88
appendix,195,3748,12249,3.51
exhibition,195,1426,2476,4.37
press,194,961,1178,5.16
row,194,1406,1843,4.6
pop,194,3228,2545,4.87
classic,194,2967,2616,4.72
railway,194,1099,8369,4.46
typical,194,1850,1835,4.59
dislike,193,4949,6813,3.89
september,193,964,0,5.15
a.,193,0,0,7.36
pollute,193,8769,9208,2.86
marry,193,1217,1333,4.4
pour,193,2331,1898,4.1
movement,193,564,707,4.97
butterfly,193,5314,4923,3.93
realise,193,1018,0,4.26
h,192,3072,0,5.06
tidy,192,6376,9867,3.53
pack,192,2523,2273,4.66
umbrella,192,5549,5664,3.89
appearance,191,1435,1684,4.69
fry,191,8929,7089,3.89
beef,191,4295,3505,4.29
swing,191,2479,2453,4.34
whale,191,4811,4232,3.98
wedding,191,2391,2176,4.83
spot,191,1723,1228,4.89
underground,190,5281,5341,4.32
disagree,190,4677,2679,4.09
strict,190,3091,3553,4.23
japan,190,1471,0,4.89
snake,190,5064,3481,4.23
itself,190,396,556,5.1
digital,190,3598,2356,4.83
application,190,608,1519,4.86
fridge,189,5453,9318,4.02
historical,189,1689,1472,4.69
rocket,189,6074,4094,4.31
earn,189,1727,1305,4.48
strength,189,1194,1275,4.8
struggle,189,2047,1669,4.62
contribute,189,1483,1312,4.34
pp.,189,0,0,4.38
praise,188,4285,3719,4.31
besides,188,3848,3012,4.63
vote,188,1228,1078,5.11
comparison,188,1968,2166,4.51
available,188,334,622,5.28
combine,188,1581,1448,4.13
judge,188,1362,1115,4.95
escape,188,1697,2034,4.64
route,188,1246,1946,4.67
length,188,1174,1855,4.77
temple,187,3448,3616,4.45
ending,187,5246,5188,4.68
responsible,187,1054,1365,4.88
official,187,1199,526,5.14
roll,187,1856,1249,4.75
silver,186,2244,2439,4.81
leaf,186,1823,1559,4.22
suit,186,2119,1411,4.7
except,186,2154,1836,5.02
salt,186,2536,1571,4.6
entry,186,1373,2338,4.67
somewhere,186,1359,1588,4.74
dirty,186,2873,2869,4.55
housework,186,7299,15787,3.08
journalist,186,2607,2099,4.38
frog,186,5747,5370,3.89
range,186,484,972,5.12
greet,185,3303,3475,3.73
tape,185,1561,1490,4.44
january,185,984,0,5.09
grandfather,185,4184,2950,4.24
cookie,185,21236,3269,4.07
magic,185,3949,3411,4.76
clearly,185,650,846,4.92
comedy,185,4172,3216,4.51
print,185,2432,2207,4.54
freeze,185,3516,2807,4.11
display,185,1683,2092,4.63
occur,185,634,756,4.47
july,184,847,0,5.17
sweater,184,6680,4789,3.78
bored,184,4569,5873,4.2
shy,184,5301,4407,4.16
normal,184,811,1217,5.01
director,184,603,510,5.15
forever,184,3798,2082,4.74
herself,184,582,792,4.78
illness,184,2290,2303,4.41
singer,184,3552,2823,4.52
cow,184,2944,3078,4.14
elderly,184,1837,2907,4.15
native,184,3140,1403,4.69
tuesday,183,2348,0,4.63
hey,183,3901,1429,5.12
cute,183,11929,4345,4.65
uniform,183,3504,3043,4.33
goods,183,995,0,4.6
billion,183,1829,612,4.75
powerful,183,1326,1159,4.85
debate,183,1210,1082,4.64
contrast,183,1451,1762,4.46
destination,183,4309,3883,4.24
therefore,183,408,1161,4.87
ai,183,2413,0,4.23
queen,182,1223,43081,4.86
boil,182,4944,4258,3.83
pink,182,2698,2488,4.52
empty,182,1735,1644,4.59
ordinary,182,1387,2268,4.42
giant,182,3790,2539,4.62
loss,182,649,788,5.07
impress,182,4079,3055,3.93
effective,182,1007,1133,4.89
contribution,182,1201,1776,4.34
approach,182,583,750,4.93
a1,182,0,0,3.64
silent,181,2297,2160,4.45
industry,181,383,551,5.19
analyse,181,2142,12788,3.47
sally,180,4422,30693,3.97
correctly,180,3624,4364,4.21
whenever,180,2572,2314,4.63
puzzle,180,6964,4255,3.96
sir,180,534,2108,5.06
confident,180,2580,2866,4.43
connection,180,1669,1421,4.76
wildlife,180,3597,3859,4.33
e.,179,0,0,5.28
program,179,1660,194,5.27
sink,179,2585,2809,4.21
breath,179,1768,1628,4.52
typhoon,179,25972,21835,3.59
wednesday,178,1980,0,4.59
kick,178,2403,1815,4.72
regret,178,3773,4595,4.37
dining,178,4111,2952,4.14
argue,178,674,778,4.46
captain,178,1680,3347,4.89
tend,178,849,1039,4.57
wrap,178,3118,2090,4.2
valuable,177,2236,2605,4.51
james,177,981,0,5.11
response,177,798,725,5.03
region,177,713,793,5.0
thick,177,1806,1721,4.46
improvement,177,1440,1936,4.49
ski,177,6258,3032,4.13
professor,177,1711,825,4.9
slide,177,2704,2174,4.3
cave,177,4161,3562,4.2
determine,177,845,773,4.63
promote,177,1433,1328,4.56
sofa,176,5140,4782,3.81
schedule,176,2702,2144,4.67
wound,176,3399,3202,4.24
northern,176,1445,1556,4.85
block,176,1641,1314,4.88
irregular,176,7020,8410,3.7
recently,176,822,699,5.02
donate,176,5660,4095,4.04
skin,176,1289,1019,4.91
pocket,176,1786,1620,4.48
pole,176,2946,2789,4.23
quarter,176,1085,1401,4.72
wheel,176,2175,1999,4.5
appendice,176,0,0,1.13
grandpa,175,17273,14478,3.8
coin,175,2964,4376,4.19
rewrite,175,9748,7628,3.47
bottom,175,1555,1511,4.84
anywhere,175,2157,1879,4.71
neighbourhood,175,3942,25261,3.94
bone,175,1934,1443,4.47
crash,175,3197,2837,4.55
garbage,175,12130,3934,4.18
classical,175,2562,3489,4.26
individual,175,738,762,5.0
attempt,175,740,1227,4.85
convenient,174,3494,5368,4.15
pride,174,2878,2801,4.49
candle,174,4173,3928,3.88
butter,174,3403,2402,4.4
height,174,1913,2040,4.53
brief,174,1863,2146,4.52
brochure,174,4759,6585,3.37
purple,173,5326,3894,4.32
august,173,1239,22206,5.1
clerk,173,2959,3877,4.0
explanation,173,1492,2054,4.44
turkey,173,4180,3292,4.56
endangered,173,10530,5283,3.86
attributive,173,31735,0,1.84
fever,173,5338,4372,4.22
cent,173,10111,0,4.83
consist,173,1493,2190,3.94
carrot,172,6034,4597,3.62
e-mail,172,0,0,4.61
guard,172,2247,1284,4.73
policeman,172,2490,4754,3.74
spare,172,3617,4585,4.28
ben,172,2617,0,4.69
folk,172,2958,1339,4.22
goodbye,172,5756,5578,4.3
certainly,172,540,664,5.0
bite,172,3294,3153,4.31
complex,172,1339,1598,4.86
flow,172,1759,1984,4.68
atmosphere,172,1855,2217,4.46
grape,171,6533,4764,3.7
dialog,171,29502,16198,3.46
agreement,171,623,1059,4.88
pie,171,4186,3323,4.19
afford,171,1722,1846,4.57
spelling,171,5779,7907,4.0
statue,171,4519,3872,4.09
observe,171,1288,1294,4.06
equipment,170,1117,1352,4.88
mad,170,2592,2572,4.74
president,170,589,303,5.45
india,170,1929,0,5.04
indicate,170,812,785,4.35
outline,170,2838,4429,3.92
used,170,641,1828,5.8
trousers,169,2969,7124,3.7
ad,169,4324,1748,4.76
beside,169,1623,1981,4.19
d.,169,0,0,5.46
none,169,1182,1086,4.93
husband,169,826,637,5.0
prediction,169,4167,3608,3.96
switch,169,1952,2604,4.6
concentrate,169,1341,2358,4.07
notebook,168,5410,4427,3.74
november,168,1059,0,5.1
mrs.,168,0,0,4.89
cap,168,2955,2306,4.51
tiny,168,1666,1313,4.62
till,168,2835,4897,4.79
manager,168,508,877,4.97
chang,168,17356,0,3.73
britain,168,365,0,4.72
organization,168,1079,595,4.92
treatment,168,766,745,5.01
eventually,168,1089,1106,4.88
respond,168,1313,920,4.53
bat,167,4758,3692,4.3
chen,167,13288,0,3.96
seldom,167,4326,4878,3.63
sudden,167,2250,2868,4.4
metal,167,1668,1574,4.82
harmful,167,6454,5809,3.97
moral,167,1787,1459,4.46
monitor,167,2431,2349,4.37
rope,167,3336,3309,4.06
routine,167,2421,2585,4.37
sock,166,5063,4277,3.61
transportation,166,7832,2374,4.57
interaction,166,2517,2075,4.29
confidence,166,1342,1870,4.65
edge,166,1081,977,4.74
surround,166,1987,1599,3.79
credit,166,1262,1125,5.0
persuade,166,1776,3265,3.82
er,165,99,0,4.24
physics,165,3720,3417,4.39
examine,165,1050,1165,4.18
grey,165,1899,37508,4.48
double,165,1640,2202,5.01
center,165,8131,530,5.19
cotton,165,3222,3136,4.35
professional,165,947,1094,5.05
pilot,165,2085,1772,4.52
menu,165,3553,3086,4.26
sheep,165,2697,4210,4.19
oxygen,165,3719,3839,4.25
gesture,165,2883,2969,3.9
medium,165,951,3241,4.61
female,164,1563,1396,5.0
chemistry,164,3555,4736,4.35
request,164,1821,2116,4.76
modal,164,17716,23096,3.13
simply,164,568,583,5.08
thanksgiving,164,14397,4464,4.04
stomach,164,2661,2503,4.42
admit,164,887,1089,4.58
quit,164,5298,2522,4.54
youth,164,1508,1397,4.75
creature,164,2268,2353,4.16
grandmother,163,4338,2495,4.14
outgoing,163,7704,9020,3.59
chain,163,1835,1805,4.65
completely,163,1163,1169,5.0
nowadays,163,4094,6788,4.11
comfort,163,2827,2928,4.41
blackboard,162,11944,13322,3.02
corn,162,4957,2448,4.19
windy,162,9747,8867,3.57
survival,162,2584,2656,4.37
forecast,162,3980,5890,4.09
desire,162,1629,1551,4.61
voyage,162,6502,6619,3.89
strawberry,161,7842,5437,3.72
owner,161,1153,1021,4.83
fork,161,5592,3758,4.03
basket,161,3828,3255,4.07
shoulder,161,1149,986,4.5
flag,161,3502,2444,4.58
mainly,161,1343,2805,4.6
fisherman,161,5287,4272,3.49
belief,161,1291,1378,4.46
decorate,161,3957,4327,3.36
duty,161,846,1752,4.71
operation,161,619,826,4.92
belt,161,2870,2430,4.42
characteristic,161,1811,2032,3.97
bathroom,160,2821,2404,4.54
european,160,512,1263,5.08
private,160,581,672,5.19
standard,160,653,806,5.03
ink,160,6004,5193,4.07
continent,160,3626,4022,4.07
sand,160,2470,2205,4.44
gym,160,9878,3876,4.43
r,159,2620,0,5.35
fi,159,28537,0,4.26
crazy,159,3837,1803,5.07
deaf,159,2897,6755,3.99
remove,159,866,876,4.71
engine,159,1374,1569,4.84
evaluate,159,3168,2339,4.01
landscape,159,2264,1827,4.36
deliver,159,1459,1288,4.55
court,159,254,541,5.41
plain,159,2762,3549,4.43
roof,159,1879,2135,4.55
y,158,14795,0,5.03
warn,158,1512,1773,4.02
awful,158,2660,3276,4.46
fool,158,3660,4030,4.29
web,158,6919,3706,4.74
pacific,158,2913,26607,4.59
literary,158,2512,2700,4.31
lock,157,2332,2221,4.51
behave,157,2463,3660,4.0
clue,157,3489,3331,4.18
properly,157,1634,2880,4.64
onion,157,5108,2567,3.89
snack,157,7131,5187,3.9
predicative,157,31561,0,1.89
document,157,1052,1389,4.5
lack,157,1103,1229,4.92
reward,157,2819,3392,4.33
assess,157,1488,2042,4.07
dare,156,3210,3348,4.31
manner,156,1366,1818,4.55
spoon,156,6114,4339,3.88
mirror,156,2086,1853,4.47
ms,156,3849,1145,4.67
stream,156,2467,2231,4.62
launch,156,1427,1743,4.69
branch,156,1178,1807,4.58
indeed,156,535,848,4.79
battle,156,1330,1199,4.94
forgive,156,3395,3595,4.25
factor,156,666,729,4.67
recognise,156,1077,0,3.92
historic,156,3232,2492,4.49
origin,156,1898,2547,4.55
equal,156,1547,1830,4.65
smartphone,156,0,0,4.06
settle,156,1295,1316,4.37
rate,156,297,457,5.14
devote,156,3407,3225,3.53
pity,155,3803,6927,3.98
mess,155,3437,3381,4.57
retell,155,34354,19549,2.24
dentist,155,6054,6301,3.86
robert,155,1238,0,4.85
pleased,155,1916,3448,4.44
reference,155,1016,1904,4.74
satellite,155,3325,2632,4.33
preserve,155,2287,2209,4.19
original,155,918,1135,5.16
s1,154,0,0,3.37
kate,154,3163,0,4.34
cloudy,154,11760,10229,3.55
costume,154,5080,4152,4.18
lend,154,2740,3548,3.92
cancer,154,1943,1029,4.93
shakespeare,154,3710,0,4.0
bar,154,993,991,4.94
sample,154,1349,1311,4.53
dr,154,820,0,5.24
network,154,1102,882,5.02
extend,154,1023,1445,4.34
virtual,154,6101,3675,4.32
1c,153,0,0,2.94
chopstick,153,35243,0,2.22
idiom,153,10357,12698,2.97
lazy,153,6453,6238,4.24
pig,153,3014,3488,4.14
surf,153,15008,7750,3.86
prince,153,1466,4782,4.72
spaceship,153,16374,11577,3.36
biology,153,5388,4226,4.22
reserve,153,2475,3740,4.6
despite,153,686,742,5.0
bend,153,2445,2194,4.13
remote,153,2684,2778,4.41
workbook,153,25819,19444,2.85
color,152,24372,697,4.91
wolf,152,5062,4150,4.35
wealth,152,2310,2559,4.51
midnight,152,3635,3461,4.31
compete,152,2583,2065,4.39
script,152,4130,3286,4.36
string,152,2170,2671,4.4
courage,151,3640,3324,4.32
rainy,151,13732,7477,3.74
kindness,151,7000,7682,4.0
bow,151,4473,4098,4.3
knee,151,1979,1488,4.33
truly,151,2576,1719,4.87
i.,151,0,0,7.09
sharp,151,2035,2049,4.48
pleasant,151,2880,3772,4.22
passenger,151,2001,2080,4.38
aside,151,2376,1878,4.59
convey,151,3682,3756,3.83
found,151,2608,2664,5.68
revise,151,4941,5829,3.48
mood,151,2324,2344,4.44
arrange,151,1324,2216,4.0
victory,150,1514,1463,4.73
enemy,150,1860,1596,4.7
gentleman,150,1455,2447,4.16
wing,150,1755,1889,4.61
intelligent,150,3621,3709,4.29
recipe,150,3661,2509,4.23
preposition,150,26713,27652,2.62
kilometer,150,44199,0,3.19
liquid,150,4339,4360,4.39
neck,150,1569,1521,4.63
fuel,150,1933,1558,4.72
extremely,150,1388,1756,4.79
target,150,1095,1281,4.82
a2,150,0,0,3.49
stranger,149,3225,2691,4.28
quiz,149,9113,8784,3.82
headache,149,5005,4745,3.97
snowy,149,14429,9600,3.46
southern,149,1704,1105,4.84
gravity,149,4956,3956,4.21
anxious,149,2630,3827,4.09
practical,149,1259,2281,4.48
instance,149,2441,2957,4.59
vast,149,1936,1965,4.49
dioxide,149,4653,5712,3.81
economic,149,402,453,5.1
furniture,148,2428,2669,4.29
bold,148,4474,3897,4.26
german,148,1017,1823,4.95
satisfy,148,2775,3001,3.98
agriculture,148,2274,4165,4.37
recover,148,1804,2131,4.29
greek,148,35822,4063,4.5
golden,148,2240,1821,4.67
church,148,393,648,5.16
crime,148,1125,828,4.89
wisdom,148,4281,2954,4.3
demand,148,723,1287,4.84
attraction,148,3108,3800,4.11
journal,148,2500,2780,4.77
dessert,147,9993,4269,3.83
cough,147,5757,6157,3.95
stare,147,1192,1131,3.91
announce,147,795,1163,4.26
indian,147,15712,1436,4.91
intend,147,916,1536,4.09
greenhouse,147,5450,5166,3.78
humour,147,3219,0,3.83
calendar,146,4695,4689,4.3
actress,146,4829,3236,4.45
andy,146,2862,0,4.43
gentle,146,2778,3393,4.17
conclude,146,1687,1670,3.9
steam,146,2756,4139,4.52
click,146,6659,3794,4.82
access,146,999,1113,5.05
supply,146,1048,1494,4.81
sb,146,13454,0,3.7
cast,146,2328,2035,4.79
curious,146,3304,3112,4.45
shot,146,1836,1053,5.22
valley,146,1795,2793,4.72
willing,146,2233,1274,4.72
investigate,146,1708,1802,4.31
are,146,0,0,6.74
pronounce,145,4948,5332,3.66
childhood,145,2746,2107,4.51
toilet,145,3550,3983,4.31
sheet,145,1430,1753,4.4
grain,145,3226,3222,4.18
victim,145,1371,1063,4.56
net,145,2189,2884,4.76
photograph,145,1611,1481,4.23
float,145,3498,3140,3.94
participate,145,2783,1482,4.42
castle,145,1765,5844,4.45
harmony,145,4697,4669,4.11
jimmy,145,3152,0,4.44
narrow,145,1725,2007,4.39
s2,145,0,0,3.48
insist,145,1411,1359,4.03
arise,145,1043,2581,3.93
electronic,144,2494,2407,4.55
silly,144,2789,4009,4.39
ugly,144,4485,3262,4.42
joe,144,2104,0,4.78
tai,144,39635,20402,3.5
favour,144,2781,28142,4.31
gallery,144,1714,3354,4.49
tent,144,4158,3071,4.05
cure,144,5242,4579,4.32
recognize,144,1571,779,4.52
preference,143,2642,3022,4.11
alien,143,5998,3977,4.29
loan,143,1468,1699,4.68
apartment,143,3711,1273,4.65
waiter,143,5772,5460,3.61
bee,143,4770,4247,4.09
complement,143,5703,6760,3.77
barrier,143,2629,2609,4.15
current,143,755,652,5.27
mission,143,2599,1095,4.87
relate,143,747,1080,4.24
previous,143,824,1276,5.0
prison,143,1307,1282,4.8
eric,142,3705,0,4.49
asian,142,3725,2351,4.69
glove,142,4535,3095,3.73
smooth,142,2682,2422,4.4
kiss,142,2408,2302,4.58
interviewer,142,6567,7827,3.51
fold,142,3975,3493,4.08
sarah,142,2457,0,4.48
possibility,142,1030,1195,4.58
fox,142,4616,6537,4.66
bark,142,6605,5831,3.85
locate,142,2303,1682,3.94
concept,142,1101,1158,4.77
growth,142,770,787,5.03
illustrate,142,1676,2348,3.71
artificial,142,3499,4003,4.24
potential,142,1438,1260,5.01
eraser,141,35588,16590,2.94
thursday,141,2258,0,4.62
yu,141,18374,0,3.92
pardon,141,4052,7831,3.82
bet,141,3246,2699,4.79
anyway,141,834,1393,4.91
canadian,141,4556,2638,4.7
yang,141,17659,22586,3.91
alarm,141,3004,3693,4.28
iron,141,1877,2280,4.74
officer,141,556,671,5.03
skate,141,12027,5756,3.74
me,141,15312,61,6.48
app,141,27993,16510,4.86
punish,140,4686,3862,3.95
absent,140,4300,5516,3.98
balloon,140,5623,4774,3.9
nearby,140,3327,2423,4.55
stupid,140,2558,2704,4.94
entertainment,140,3187,2350,4.6
pupil,140,952,5057,3.81
yard,140,1370,1035,4.57
handsome,140,4033,3838,4.22
basis,140,694,1307,4.81
vehicle,140,1319,1293,4.76
heaven,140,2649,2626,4.58
visual,140,2511,2156,4.5
best,140,1212,309,5.84
february,139,1188,0,5.03
2d,139,0,0,3.84
male,139,1126,1530,4.89
mail,139,2485,2508,4.72
leader,139,604,463,4.95
passport,139,5283,6239,4.05
cruel,139,4471,4762,4.12
noisy,139,5244,6565,3.67
kangaroo,139,15573,15706,3.5
plus,139,1357,2066,4.95
establish,139,576,896,4.46
bath,139,2551,3890,4.44
setting,139,2197,1742,4.77
defeat,139,2560,3326,4.51
economy,139,817,645,4.87
ideal,139,1917,2815,4.44
studio,139,1191,1515,4.66
wine,139,1304,1449,4.74
mass,139,1857,1989,4.87
freedom,139,1480,1148,4.86
permission,138,2468,3233,4.5
pear,138,8976,6857,3.47
fourth,138,1543,1570,4.83
noon,138,6907,3820,4.11
careless,138,7681,9928,3.6
stair,138,0,2863,3.26
fence,138,3306,2653,4.21
telescope,138,8217,2759,3.75
rude,138,5635,6718,4.25
complain,138,2033,1859,4.23
extreme,138,2528,2519,4.6
harvest,138,5250,4839,4.03
mental,138,1620,1584,4.83
pace,138,2461,2533,4.38
blouse,137,8160,6586,3.38
clay,137,3961,4771,4.29
pause,137,2566,2777,4.0
einstein,137,10469,0,3.74
nobel,137,10237,0,3.84
production,137,610,959,5.14
warning,137,1911,2102,4.59
frighten,137,5047,5537,3.08
shadow,137,2006,1668,4.44
pyramid,137,7071,6129,3.75
questionnaire,137,4043,3606,3.44
retire,137,2374,2301,4.05
civilisation,137,7162,0,3.37
pioneer,136,5645,4472,3.91
ancestor,136,4793,4137,3.49
rank,136,2464,2647,4.44
comparative,136,4586,6267,3.77
unable,136,1474,2136,4.61
laughter,136,3321,3397,4.1
signal,136,1960,2078,4.62
reveal,136,968,927,4.43
shelf,136,2930,2947,4.02
thus,136,479,744,4.91
principle,136,722,1341,4.34
scared,135,5083,2965,4.6
relief,135,1391,1812,4.55
litter,135,6500,8093,3.71
awake,135,4786,4647,4.14
channel,135,1617,2518,4.85
giraffe,135,20489,15421,3.32
am,135,3465,1192,5.78
scenery,135,6478,8152,3.68
dolphin,135,4232,8137,3.67
cd,134,32141,0,4.36
drum,134,4171,4116,4.11
lively,134,4135,5775,3.86
sour,134,7745,5281,3.88
chip,134,2397,2159,4.31
anybody,134,1840,1380,4.56
pretend,134,2885,2905,4.33
district,134,1071,1266,5.04
file,134,1170,1745,4.75
stretch,134,1930,1915,4.35
william,134,1190,0,4.88
elder,134,5602,4056,4.06
champion,134,1938,2758,4.62
sum,134,1671,3843,4.34
slim,134,4710,5312,4.05
fortune,134,2626,2703,4.3
essential,134,1155,1949,4.61
rely,134,1734,1857,4.29
q,133,12956,0,4.56
f.,133,0,0,5.08
thirsty,133,11904,10308,3.74
subway,133,15658,5383,4.05
consequence,133,1234,1626,4.07
twin,133,2884,2376,4.34
soul,133,2291,1604,4.81
category,133,1419,1461,4.57
independent,133,1013,1265,4.93
compound,133,3595,3428,4.18
punctuation,133,12610,15876,3.29
highly,133,1091,1320,4.89
usa,133,1800,0,4.79
rare,133,1831,1872,4.77
department,133,447,1198,5.23
construction,133,1442,1415,4.97
staff,133,423,784,5.08
academic,133,1941,1465,4.57
error,133,1595,2198,4.55
vi,133,6200,0,4.09
hong,132,2852,0,4.53
cancel,132,3183,3915,4.18
eve,132,5529,6991,4.32
enjoyable,132,6001,9019,3.91
cabbage,132,8667,6982,3.55
boot,132,2176,2347,4.19
rapid,132,2402,3029,4.38
assistant,132,2875,2706,4.72
seal,132,4259,4021,4.3
nationality,132,5673,7751,3.72
occasion,132,1090,2262,4.38
institute,132,1630,7980,4.8
otherwise,132,1133,1527,4.88
fond,132,4954,6241,3.89
conflict,132,1364,1179,4.64
trap,132,3373,3538,4.33
canal,132,2963,5394,4.22
envelope,132,3672,3879,3.86
eager,132,4501,3123,4.03
decade,132,1539,730,4.52
horizon,132,3831,3113,4.07
greeting,131,6498,6324,3.68
dust,131,2933,2263,4.41
syllable,131,6237,9192,3.32
flash,131,4001,3500,4.45
relevant,131,1241,2814,4.61
zheng,130,0,0,2.89
manners,130,27358,0,3.83
injure,130,3032,3721,3.27
dive,130,5288,5121,4.12
detective,130,2906,3793,4.21
silence,130,1653,1820,4.46
entrance,130,2465,2877,4.39
enable,130,991,2192,4.3
ashamed,130,5292,5651,4.06
burst,130,3011,3560,4.15
eastern,129,1588,1503,4.78
drama,129,2308,2631,4.67
excite,129,7567,5328,3.29
intention,129,1523,2517,4.33
cooking,129,4137,3270,4.45
weekday,129,11361,8312,3.31
badminton,129,15739,20115,3.28
jam,129,5571,5470,4.17
jungle,129,5317,4507,4.12
camel,129,7869,6953,3.64
pancake,129,15188,7331,3.35
shelter,129,4083,2874,4.25
generally,129,861,1202,4.95
appeal,129,942,1852,4.67
citizen,129,1924,1084,4.39
energetic,129,6931,7129,3.71
missing,128,4261,3499,5.05
jun,128,25757,0,3.94
glasses,128,0,0,4.34
recall,128,1637,1129,4.4
japanese,128,1820,1718,4.81
inspiration,128,4499,4058,4.41
mount,128,2596,2987,4.47
wallet,128,7130,5587,4.15
b1,128,0,0,3.2
concerned,128,629,1128,4.75
cell,128,769,895,4.87
electric,128,2469,2696,4.72
mostly,128,2234,1324,4.83
battery,128,3400,3193,4.52
cloth,128,3307,3540,4.03
claim,128,533,874,4.95
ruin,128,5346,4197,4.31
blame,128,2043,1797,4.63
habitat,128,4609,3221,3.98
surgery,128,2833,1793,4.63
fifth,127,2418,2497,4.78
germany,127,929,0,4.9
pale,127,2315,2935,4.08
tap,127,3299,2843,4.28
tone,127,1813,1995,4.49
operate,127,970,1309,4.5
react,127,2923,2666,4.16
paris,127,1548,0,4.82
marathon,127,7224,6448,4.16
version,127,953,1130,5.07
ant,126,5833,5811,3.86
coal,126,1761,3336,4.49
watermelon,126,36234,10944,3.35
scarf,126,6554,6140,3.68
fellow,126,2954,2421,4.76
agency,126,1036,694,4.87
skip,126,6911,4519,4.21
feather,126,4798,4531,3.69
deer,126,6143,2911,4.12
maintain,126,825,922,4.65
hug,125,6694,3858,4.09
documentary,125,5637,4222,4.31
glue,125,7883,7268,3.8
crayon,125,15597,12296,3.05
congratulation,125,23287,0,2.73
bury,125,2650,2398,3.89
informal,125,3120,4529,3.87
kingdom,125,2070,4487,4.62
attach,125,1849,2320,3.75
volcano,125,10407,6321,3.76
vivid,125,5560,5539,3.75
majority,125,989,1085,4.94
murder,125,1560,1381,4.86
organisation,125,751,0,4.36
kong,124,2849,0,4.49
unhappy,124,3622,4717,4.06
nest,124,3867,4131,4.07
guy,124,2409,364,5.4
rainbow,124,5699,7427,4.07
ray,124,3865,4432,4.69
attractive,124,1781,2811,4.53
download,124,27269,6382,4.68
boundary,124,2050,2776,4.13
hurricane,124,7263,4512,4.1
3c,123,0,0,3.03
no.,123,0,0,6.35
boss,123,2227,2324,4.76
harry,123,1975,17022,4.72
educate,123,3663,3033,3.92
headline,123,4488,3293,4.03
steve,123,2069,0,4.71
gradually,123,2325,2961,4.21
weekly,123,3186,3220,4.57
shade,123,3205,2984,4.16
hawking,123,39044,0,3.24
royal,123,682,4306,4.85
platform,123,2491,2806,4.67
committee,123,450,1428,5.01
differ,123,2552,2990,4.03
viewing,123,7172,6826,4.08
scary,122,14507,3979,4.37
ed,122,5479,0,4.79
theater,122,39534,1535,4.35
embarrass,122,9521,7138,3.41
pepper,122,5443,1923,4.14
similarity,122,3998,4655,3.58
confirm,122,1156,1851,4.4
trend,122,1949,1697,4.51
cuisine,122,10574,6403,3.81
drug,122,963,461,4.87
critical,122,1616,1126,4.83
laura,121,3082,0,4.24
drunk,121,4187,3701,4.61
soap,121,4288,4344,4.18
servant,121,1878,3938,4.09
clap,121,8015,6723,3.54
shame,121,3668,3767,4.55
super,121,4154,2651,5.08
stephen,121,1868,0,4.5
whisper,121,2623,2446,3.74
anger,121,2489,2362,4.42
kilo,121,11522,0,3.13
traveller,121,3016,20361,3.49
rid,121,2872,3041,4.5
absorb,121,2879,3120,3.81
cash,121,1204,1722,4.92
rent,121,2386,3433,4.58
truck,120,3631,1237,4.64
nod,120,1573,1557,3.74
badly,120,2078,3111,4.44
preparation,120,2091,2513,4.32
imagination,120,2828,2892,4.22
gun,120,1706,840,4.96
option,120,1086,1102,4.8
diamond,120,3941,4044,4.42
philosophy,120,2351,2252,4.49
graph,120,4596,26137,4.05
phenomenon,120,2392,2466,4.13
tube,120,2688,2520,4.36
handle,120,1576,1238,4.79
adopt,120,1157,1632,4.19
panic,120,3777,4310,4.26
worldwide,120,5136,4457,4.54
withdraw,120,1920,2786,4.05
humorous,119,9475,9877,3.6
african,119,2102,1203,4.82
biscuit,119,4203,8068,3.45
ton,119,3936,0,4.29
label,119,2764,2619,4.43
mankind,119,6480,7282,3.88
precious,119,4109,3989,4.33
contest,119,3919,3062,4.53
release,119,1232,1120,5.09
rough,119,2422,2627,4.49
tough,119,2160,1012,4.77
firm,119,607,902,4.79
better,119,704,452,5.76
ignore,119,1296,1375,4.48
cindy,118,17175,0,3.58
bye,118,4072,18387,4.39
lemon,118,4583,3179,4.1
fancy,118,3859,5118,4.35
toothache,118,21284,24353,2.76
wheat,118,5619,4479,4.01
outstanding,118,2714,4000,4.5
obey,118,4952,5672,3.83
scream,118,2779,2118,4.14
cheat,118,5936,4369,4.06
package,118,1336,1685,4.46
pipe,118,2438,2980,4.25
calligraphy,118,23096,19189,3.06
excerpt,118,18600,6058,3.51
broad,118,1462,1404,4.53
alan,117,1797,0,4.45
bookstore,117,33117,6186,3.42
salty,117,15246,9377,3.74
parking,117,4375,2322,4.47
jennifer,117,6759,0,4.19
fishing,117,2594,2022,4.47
opening,117,1730,1940,4.94
supper,117,4153,5514,3.74
republic,117,1632,3709,4.6
muscle,117,2314,1713,4.44
pan,117,4319,2479,4.39
stadium,117,5803,4128,4.63
identity,117,2061,1322,4.65
finding,117,2027,1476,4.85
tomb,117,6130,6183,3.89
commit,117,1393,1394,4.33
conference,117,890,965,5.01
regardless,117,4283,2899,4.48
lost,116,3000,2675,5.39
reaction,116,1269,1409,4.73
minister,116,294,1910,5.04
flu,116,8041,5662,3.96
jar,116,5688,4262,3.93
pond,116,3344,3626,3.98
sightseeing,116,15550,16109,3.14
pork,116,7722,4267,4.03
tongue,116,2831,2871,4.37
throat,116,2449,2454,4.3
explorer,116,9840,7763,3.85
facial,116,8701,5735,4.1
former,116,588,442,5.28
sculpture,116,3734,3427,3.92
chapter,116,593,2976,4.65
grateful,116,2887,3672,4.35
reflection,116,3018,2757,4.17
loudly,115,5440,5687,3.79
dancing,115,5024,4709,4.5
graduation,115,15296,4759,4.07
quantity,115,2082,4057,4.07
format,115,3080,3730,4.47
lamp,115,3340,3936,4.05
distant,115,2745,2630,4.19
bush,115,2801,34013,4.49
amaze,115,11151,8607,3.19
ought,115,1546,1755,4.35
chief,115,1283,1446,5.11
depth,115,2159,2555,4.55
brick,115,2814,3315,4.25
employ,115,1231,1962,3.96
extraordinary,115,2759,2625,4.36
tune,115,3770,3646,4.27
crown,115,1760,5097,4.56
vital,115,1803,2916,4.38
scissors,114,8705,8906,3.58
michael,114,1051,0,5.08
fault,114,2076,2849,4.64
lung,114,3808,3247,4.1
policy,114,250,388,5.17
injury,114,1334,1553,4.74
lunar,114,12849,6871,3.77
software,114,1064,1577,4.77
ban,114,2824,3273,4.55
challeng,114,0,0,1.12
button,114,2977,2645,4.56
roast,114,12050,7679,3.87
jazz,114,5759,3848,4.31
unknown,114,2087,2825,4.53
significant,114,841,719,4.98
anxiety,114,2612,2467,4.45
p.e.,113,0,0,2.79
brand,113,3387,2570,4.83
greatly,113,2526,3436,4.33
disabled,113,2671,4412,4.29
solid,113,2417,2011,4.73
virtue,113,2960,3362,3.94
photographer,113,3984,3098,4.28
ambition,113,3185,4283,3.91
atlantic,113,3289,0,4.39
union,113,467,1658,5.08
moreover,113,2111,2282,4.16
border,113,1789,1344,4.7
carve,113,4931,3803,3.41
frost,113,6935,21397,3.95
assume,113,886,1091,4.57
distinguish,113,2265,3246,3.87
expose,113,2577,2005,3.98
grace,112,4104,11346,4.56
objective,112,1322,2406,4.36
polish,112,4344,5749,4.29
sleepy,112,9704,7429,3.68
percentage,112,2610,1787,4.48
waitress,112,10243,6390,3.56
sydney,112,5728,0,4.53
alcohol,112,2654,2191,4.61
librarian,112,4647,7502,3.59
inform,112,1726,2177,4.15
facility,112,1014,1297,4.6
campaign,112,956,640,5.0
possession,112,2337,3593,4.38
academy,112,4366,4895,4.57
association,112,742,1859,5.01
expectation,112,1970,1890,3.99
severe,112,1923,2330,4.56
chorus,112,5335,5274,3.9
adjust,112,2811,2300,4.07
entire,112,1876,868,5.09
mine,112,1972,2236,5.04
hen,111,6080,7934,3.56
george,111,896,0,5.04
teaching,111,1589,1638,4.72
adv,111,0,0,3.04
satisfaction,111,2683,2779,4.16
bacon,111,6093,6412,4.15
toast,111,5754,6163,3.96
merry,111,7649,7420,3.83
ambulance,111,3860,5500,4.06
criminal,111,2063,1953,4.75
behalf,111,4681,4434,4.42
tourism,111,4425,4721,4.28
jog,111,8826,8335,3.3
generous,111,3178,3886,4.2
slice,111,4346,3333,4.0
delicate,111,3775,3787,4.01
realistic,111,3620,3993,4.16
ballet,111,4421,6552,3.95
romantic,111,3436,3135,4.43
s,110,2800,0,5.86
2a,110,0,0,3.57
chalk,110,5988,9095,3.69
keyboard,110,5374,5541,4.11
australian,110,3122,5172,4.93
pl.,110,0,0,3.88
colourful,110,5311,33859,3.55
arrow,110,4127,4832,4.13
suspect,110,2155,2100,4.51
secretary,110,613,2009,4.95
arrangement,110,1092,2357,4.25
curtain,110,2492,3622,3.86
broadcast,110,5111,3617,4.39
disability,110,3323,2558,4.21
acquire,110,1407,2063,4.13
defend,110,2130,1750,4.47
nowhere,110,3107,2924,4.4
towel,110,4814,3682,3.94
editor,110,1945,1385,4.62
wordlist,110,0,0,1.46
conservation,110,3076,2820,4.33
eating,109,4748,3905,4.85
steel,109,2282,2152,4.71
wooden,109,2452,2512,4.33
teen,109,8464,2620,4.33
sue,109,4092,3137,4.22
performer,109,5369,3962,3.8
han,109,17484,0,3.93
agent,109,1214,1020,4.81
ensure,109,712,1754,4.7
rhythm,109,3420,3280,4.05
civil,109,1158,1050,4.93
booklet,109,5157,10619,3.53
ham,109,6147,6170,4.12
ache,109,8267,7717,3.43
peaceful,109,3937,3655,4.28
annual,109,1215,1361,4.94
scan,109,5003,4031,4.07
impressive,109,2680,3258,4.47
wander,109,3027,3183,3.67
annoy,109,7731,9844,3.46
contrary,109,4761,5495,4.17
proposal,109,899,1625,4.47
passion,109,2957,2283,4.44
nutrition,109,8940,5563,4.1
born,109,1206,1088,5.09
hmm,108,8344,7392,4.11
mall,108,11507,3050,4.29
sadness,108,6372,5506,3.88
pe,108,36666,25507,3.72
definition,108,1533,2110,4.58
compose,108,3128,3379,3.46
obtain,108,793,1595,4.4
hire,108,3488,1491,4.4
bitter,108,3095,3580,4.21
delay,108,2530,3105,4.4
patience,108,4928,4177,4.2
advanced,108,2557,2797,4.71
reliable,108,3271,3504,4.29
capsule,108,10031,7480,3.7
meanwhile,108,1886,1847,4.48
vary,108,1510,2371,4.25
urban,108,1749,1583,4.65
g,107,3165,0,5.0
easter,107,40125,5893,4.12
directly,107,1146,1139,4.9
decline,107,2190,2000,4.4
nut,107,4276,3188,4.04
witness,107,2473,1970,4.52
poison,107,5601,5542,4.08
doll,107,5101,3823,4.06
downtown,107,18944,3116,4.4
convince,107,3203,2039,4.26
sunlight,107,4796,3895,3.86
scare,107,7593,3807,4.07
pile,107,3229,3003,4.14
authority,107,285,832,4.81
optimistic,107,4963,4141,3.87
fade,107,3506,2882,3.86
transform,107,2693,2185,4.04
declare,107,1534,1736,4.05
orbit,107,6177,4178,4.03
widely,106,1692,2175,4.54
fu,106,35294,0,3.88
load,106,2212,2901,4.58
kilogram,106,15873,0,3.01
obvious,106,1173,1689,4.63
permanent,106,1993,2464,4.57
appointment,106,1558,3021,4.49
farming,106,3291,5105,4.21
disappointed,106,3371,3987,4.42
shore,106,3519,3244,4.33
sow,106,6893,10366,3.38
guilty,106,2126,2061,4.61
wire,106,2748,2370,4.43
fee,106,1618,1826,4.51
trunk,106,4993,3533,4.03
diverse,106,4813,2813,4.24
accurate,106,2738,2728,4.57
interpret,106,2094,2755,3.81
analysis,106,707,811,4.91
these,106,76,82,6.04
zealand,105,2987,0,4.5
sequence,105,1691,3143,4.35
zebra,105,15998,13912,3.4
cigarette,105,2393,2111,4.06
remarkable,105,2423,2708,4.29
ceiling,105,2874,2641,4.18
advertise,105,4085,5124,3.66
sausage,105,5664,6199,3.8
politics,105,1285,951,4.87
unesco,105,17099,0,3.55
occupation,105,2591,3334,4.2
exit,105,4923,3798,4.35
budget,105,1062,1054,4.82
calculate,105,2168,3039,3.87
glance,105,2192,2417,3.91
brilliant,105,2429,3159,4.55
chef,105,6149,3164,4.23
voluntary,105,2263,4701,4.01
extent,105,990,1758,4.47
encounter,105,2892,2712,4.26
approve,105,1762,2053,4.08
worthy,105,4663,5102,4.29
strengthen,105,2706,3074,4.04
debt,105,1320,1871,4.69
crowded,104,5946,4738,3.98
san,104,3068,0,4.97
educational,104,1602,1587,4.6
goat,104,5117,4674,4.02
wealthy,104,4114,3015,4.21
definitely,104,2589,1991,4.96
alternative,104,1752,2073,4.71
dozen,104,2371,1194,4.35
genius,104,5000,4065,4.33
sweat,104,5134,3696,4.14
mixture,104,2426,2413,4.18
lamb,104,4170,5590,4.02
foundation,104,1824,2256,4.81
erupt,104,6441,5291,2.97
organic,104,3457,3070,4.4
income,104,744,1138,4.97
abandon,104,2057,2182,4.02
abstract,104,3729,4007,4.14
1a,103,0,0,3.47
textbook,103,6096,4473,3.77
reform,103,1211,1112,4.53
decrease,103,4237,3370,4.17
revision,103,4579,5994,3.82
globe,103,6872,4735,4.28
horrible,103,4036,3750,4.44
fund,103,852,754,4.82
darkness,103,2508,2649,4.3
blanket,103,3938,3306,4.07
mask,103,4312,2893,4.31
van,103,3028,3115,4.78
cage,103,4775,4143,4.13
marriage,103,1154,1011,4.91
deserve,103,2627,2224,4.59
b2,103,0,0,3.19
virus,103,3589,2701,4.42
arrest,103,2134,2140,4.55
flexible,103,3127,4227,4.13
significance,103,1922,2937,4.18
them,103,46212,59,6.19
uncomfortable,102,4465,3640,4.19
eagle,102,3850,45890,4.13
grocery,102,9714,3301,4.06
thinking,102,2075,1695,5.24
challenging,102,7647,4981,4.27
modest,102,3176,3101,4.03
comb,102,9845,7329,3.52
pizza,102,7979,3918,4.43
album,102,2991,2215,5.02
thunder,102,6539,8090,4.14
starve,102,7555,7450,3.52
mathematics,102,3593,4257,4.15
integrate,102,3349,3431,3.72
delight,102,3393,4890,3.97
perspective,102,2305,1412,4.56
jie,101,0,0,2.73
mineral,101,3212,4583,4.03
bounce,101,4778,3792,4.02
dawn,101,4374,4004,4.27
biography,101,5647,4875,3.89
crew,101,2202,1706,4.7
petrol,101,3100,22027,3.72
disturb,101,3272,4565,3.56
oral,101,3468,3875,4.26
afterwards,101,1951,5652,4.42
league,101,1181,1951,5.13
vision,101,1921,1216,4.63
owe,101,2323,2979,4.13
reputation,101,2235,2411,4.47
accompany,101,1902,2438,3.81
candidate,101,1227,957,4.66
engage,101,2038,1387,4.36
overall,101,1565,1941,4.9
ease,101,3093,3229,4.34
hesitate,101,3279,3924,3.79
smog,101,17069,12947,3.05
threat,101,1363,1066,4.6
contemporary,101,2068,1947,4.49
later,101,279,295,5.49
shorts,101,6534,4868,4.07
handbag,100,7266,11790,3.42
amusement,100,5357,6732,3.74
fur,100,5029,4700,4.03
handwriting,100,7825,9204,3.57
steak,100,7171,4634,3.97
exact,100,3270,3341,4.51
interrupt,100,3386,3407,3.61
lawyer,100,1962,816,4.67
rainforest,100,7451,11383,3.39
grasp,100,3973,4181,3.97
port,100,2165,2717,4.73
fog,100,5413,4913,3.9
flour,100,5355,3429,4.0
overseas,100,2990,4955,4.29
representative,100,1470,1976,4.57
spacecraft,100,17270,6442,3.75
motivate,100,5069,3534,3.6
occupy,100,1991,2710,3.93
apology,100,4950,4944,4.05
minority,100,2106,1633,4.41
circumstance,100,905,1780,3.66
sensitive,100,2372,2506,4.46
laboratory,99,2316,3132,4.31
jerry,99,8737,0,4.26
kevin,99,3255,0,4.56
reuse,99,22536,12946,3.37
outdoor,99,5384,3614,4.23
liberty,99,3629,3835,4.34
radiation,99,3892,3652,4.27
somehow,99,2005,1649,4.53
instant,99,4938,4453,4.34
neil,99,2675,0,4.16
lightning,99,6393,4562,4.22
polar,99,7165,6795,3.96
labour,99,724,16348,4.7
composition,99,2911,3000,4.33
chest,99,2213,1717,4.52
pill,99,4969,3425,4.03
bomb,99,2266,1992,4.6
madam,99,6683,16977,3.59
secure,99,1654,2489,4.64
comic,99,6002,5277,4.42
commercial,99,1235,1027,4.92
accent,99,3701,4140,4.14
recite,99,8563,6397,3.28
symphony,99,5817,7665,3.77
those,99,100,102,5.9
ping,98,21812,19705,3.76
re,98,6108,3625,5.23
de,98,928,0,5.23
artwork,98,10371,6219,4.11
excitement,98,2893,3506,4.19
brazil,98,4048,0,4.58
refrigerator,98,9857,4133,3.61
riddle,98,13883,11712,3.44
selfish,98,6992,7386,4.11
firework,98,8853,0,2.96
unlike,98,2194,2468,4.57
downstairs,98,4046,5467,3.72
inch,98,2158,8178,4.49
peak,98,2312,2364,4.53
beneath,98,1890,1977,4.24
apologize,98,9168,3739,4.16
loose,98,2925,2851,4.46
urge,98,2262,2261,4.11
chew,98,5661,4631,3.66
oppose,98,2559,1945,3.94
upper,98,1743,1955,4.72
permit,98,2022,2109,4.22
sympathy,98,3089,4270,4.01
bother,98,2132,2189,4.39
consume,98,3627,3006,3.88
postman,97,11573,20141,3.1
infer,97,7194,9219,3.16
italian,97,2201,2637,4.66
switzerland,97,4335,0,4.23
lifetime,97,3623,2767,4.39
jason,97,5507,0,4.46
political,97,292,277,5.29
foolish,97,4977,5783,3.89
fantasy,97,3642,2964,4.52
universal,97,2968,2642,4.49
bakery,97,11664,8076,3.67
rubber,97,5262,4791,4.23
relation,97,719,1118,4.31
cottage,97,2224,4765,4.0
wool,97,3791,5569,3.91
vase,97,6555,7044,3.54
tire,97,11152,2850,4.02
demonstrate,97,1392,1379,4.2
angle,97,2346,2989,4.38
container,97,4126,3361,4.03
organ,97,3101,3394,4.14
update,97,3884,4803,4.69
lap,97,4140,3359,4.18
status,97,1137,1215,4.87
reject,97,1485,2029,4.03
architecture,97,2712,3509,4.42
constant,97,1915,2386,4.54
outdoors,96,15004,7559,3.71
god,96,492,2809,5.57
talented,96,6495,4080,4.3
southeast,96,10728,3708,4.15
honesty,96,6858,6192,3.99
brainstorm,96,36600,20387,2.85
tablet,96,4781,7864,4.05
beer,96,2300,1902,4.7
secondary,96,2098,3455,4.53
twist,96,3673,3759,4.22
fetch,96,3687,6744,3.65
construct,96,2058,2477,3.98
sincerely,96,5343,10201,3.89
scholarship,96,5365,3044,4.15
bride,96,5104,4871,4.08
campus,96,8068,2059,4.51
tu,96,40779,0,3.76
initiative,96,1688,2138,4.36
salary,96,2751,2455,4.36
associate,96,1216,1354,4.39
g.,95,0,0,5.0
egypt,95,3297,0,4.45
cheek,95,2456,2674,3.96
leak,95,5948,5165,4.09
sigh,95,3085,3349,3.95
user,95,806,1813,4.69
datum,95,0,28458,2.52
ankle,95,4387,3814,3.97
legend,95,4020,3383,4.44
leisure,95,2752,6269,3.92
gap,95,1988,2121,4.47
applicant,95,3159,5512,3.64
procedure,95,897,1369,4.44
diversity,95,4642,2531,4.32
trial,95,1166,898,4.87
needle,95,3238,3804,3.98
phase,95,1682,2244,4.64
disappoint,94,9539,8204,3.67
stonehenge,94,21749,0,2.93
junk,94,7753,5130,4.03
delete,94,5794,8051,4.22
lily,94,4658,7313,3.95
flavour,94,3966,0,3.73
homeless,94,5273,3350,4.26
x-ray,94,0,0,4.57
slip,94,1814,1786,4.28
mud,94,3520,3610,4.13
beard,94,5605,4690,4.07
nuclear,94,1221,1176,4.73
alongside,94,2737,4203,4.45
meter,94,7042,3024,4.09
temporary,94,2302,3150,4.48
altogether,94,2575,3801,4.07
mild,94,3774,3819,4.11
barbecue,94,10040,6778,3.62
inner,94,2014,2449,4.5
adaptation,94,5438,5196,4.01
bunch,94,4503,2658,4.57
export,94,2231,3456,4.24
splendid,94,3954,7708,3.75
expense,94,1919,2137,4.23
household,94,1644,1967,4.47
sorrow,94,7116,6304,3.73
management,94,446,906,5.13
superior,94,3513,3410,4.46
dismiss,94,2100,2802,3.85
wipe,94,3112,2711,4.01
yours,94,2133,3156,4.75
examination,93,1531,3069,4.26
italy,93,1810,0,4.66
russia,93,2103,0,4.93
regularly,93,2238,2818,4.52
bleed,93,6460,5218,3.72
fable,93,14705,12174,3.16
shallow,93,4269,4123,4.04
airplane,93,21702,3519,3.92
profession,93,2211,2886,4.13
explode,93,3934,3106,3.8
via,93,2004,2576,5.02
hike,93,14785,4456,3.95
faith,93,1738,1326,4.82
sex,93,1105,814,5.22
pure,93,2387,2416,4.64
purchase,93,2257,2149,4.71
widespread,93,2621,3282,4.19
drag,93,2538,2127,4.29
edition,93,2537,3155,4.8
fountain,93,6028,5279,3.91
him,93,0,68,6.11
ninth,92,5636,5059,4.07
fame,92,5040,4593,4.34
okay,92,957,1642,5.06
protein,92,2193,2523,4.53
rebuild,92,4709,3790,3.9
forehead,92,4632,3788,3.87
parrot,92,8676,9988,3.49
shell,92,2687,2560,4.39
confuse,92,4666,3518,3.67
architect,92,2891,3365,4.08
garage,92,3113,3208,4.25
clip,92,6959,4208,4.26
awkward,92,4097,4992,4.29
complicated,92,2736,2750,4.47
scholar,92,3858,2101,3.96
airline,92,3554,2128,4.04
learner,91,4900,5078,3.35
carol,91,5731,28576,4.02
happily,91,3821,4708,4.11
francisco,91,6607,0,4.53
popularity,91,4588,3974,4.24
license,91,6660,2872,4.52
profile,91,2812,2676,4.82
boxing,91,5109,5637,4.17
compass,91,7064,7958,3.74
physician,91,6142,2041,4.18
laptop,91,25826,5866,4.23
toward,91,4712,384,4.72
intonation,91,10656,18321,2.84
memorial,91,3986,4564,4.41
cupboard,91,3692,9358,3.44
leather,91,2976,2943,4.35
peer,91,3899,2424,4.14
pump,91,4317,3444,4.28
beg,91,3537,3452,4.05
ten,91,469,838,5.05
hunger,91,5267,4584,4.1
affair,91,941,1364,4.3
era,91,3312,1884,4.67
tension,91,2092,2186,4.22
welfare,91,1883,1933,4.43
acknowledge,91,2105,1654,4.18
incredible,91,4939,3026,4.63
appetite,91,5325,5205,3.87
clarify,91,4552,5050,3.85
vr,91,28760,0,3.83
actively,90,4345,4307,4.23
worm,90,5068,4993,3.77
warming,90,7388,5138,4.05
porridge,90,11936,18724,3.11
tailor,90,8827,7806,3.61
security,90,632,661,5.2
agricultural,90,2188,3104,4.34
military,90,922,474,5.2
craft,90,3022,2839,4.3
worthwhile,90,4264,6958,3.74
violence,90,1677,1037,4.75
anniversary,90,3440,3374,4.53
salesman,90,6889,5573,3.64
aboard,90,7625,4984,4.14
accuse,90,1893,2024,3.71
enthusiastic,90,4458,5508,3.84
resident,90,2053,1254,4.38
legal,90,764,883,5.08
guarantee,90,2525,2774,4.44
gina,89,9394,0,3.58
w,89,3079,0,5.21
nick,89,2798,17704,4.59
xu,89,43496,0,3.33
smoking,89,5035,4956,4.52
fortunately,89,4081,4316,3.97
mexico,89,4177,0,4.75
superlative,89,23594,24360,2.79
foreigner,89,4934,4887,3.48
pron.,89,0,0,2.23
marco,89,7436,0,3.92
encouragement,89,4267,6193,3.79
timetable,89,4536,8819,3.44
clinic,89,3298,2388,4.21
operator,89,2700,3210,4.32
weapon,89,1559,929,4.54
dull,89,3799,5094,3.94
greece,89,3964,0,4.28
arctic,89,6648,6116,4.03
centimetre,89,8893,0,2.55
motion,89,1767,1822,4.59
directory,89,3680,8211,3.93
extinction,89,7889,6977,3.76
packet,89,3805,6240,3.77
discount,89,3143,4504,4.35
visa,89,8033,5525,4.13
existence,89,1454,2213,4.55
spy,89,6072,4846,4.24
illegal,89,3103,2071,4.68
researcher,89,2411,1177,3.92
endless,89,4095,3722,4.18
innovation,89,3151,3657,4.32
mercy,89,4991,5244,4.25
zero,89,4296,4886,4.63
thankful,88,9671,8424,3.93
fairy,88,5646,6368,4.08
heading,88,3662,9765,4.48
stomachache,88,0,25221,2.09
independence,88,2010,2291,4.58
religion,88,1819,1383,4.74
volume,88,1358,1917,4.76
log,88,4322,3423,4.37
requirement,88,1078,1885,4.26
lip,88,1452,1582,4.13
summarise,88,5184,0,2.6
monument,88,4736,4066,3.9
wherever,88,3201,3710,4.27
sauce,88,4226,2289,4.3
unfortunately,88,1910,2016,4.62
resist,88,2415,2470,4.2
scale,88,1115,1223,4.83
mushroom,88,6009,4256,3.63
purse,88,6387,4358,3.95
rat,88,3139,3558,4.17
tank,88,1897,1874,4.57
estimate,88,1826,1798,4.29
financial,88,602,827,5.08
raw,88,2999,2783,4.53
sacrifice,88,5282,4068,4.29
bless,88,5280,4161,4.17
define,88,1053,1210,4.31
outcome,88,1957,1747,4.35
qualification,88,2396,6828,3.88
correspond,88,3234,5415,3.5
di,87,6178,0,4.33
congratulate,87,6017,8361,3.59
neighborhood,87,49659,1134,4.5
neighbor,87,0,1424,4.11
penguin,87,10464,10209,3.78
running,87,3269,3252,5.23
nail,87,3556,3556,4.21
glory,87,3797,4113,4.36
chi,87,17363,10943,3.95
cheerful,87,5041,7309,3.6
philosopher,87,4797,5141,3.72
violent,87,2807,2158,4.46
swallow,87,3290,3535,3.87
tax,87,545,509,5.14
carpet,87,2484,4112,4.18
queue,87,4960,15489,3.78
parcel,87,4933,7729,3.67
sponsor,87,4150,3453,4.04
absolutely,87,1619,1149,4.98
disk,87,2518,3761,4.01
acid,87,1597,3238,4.45
classify,87,4168,4515,3.39
cattle,87,2973,3629,4.15
pine,87,5081,3158,4.1
addicted,87,41488,23549,3.82
accommodation,87,2048,5369,4.06
bay,87,2330,23460,4.73
limited,87,1481,1982,5.02
profit,87,884,1704,4.7
influential,87,3871,4289,4.09
incident,87,1785,1980,4.54
resign,87,2549,3390,3.97
submit,87,2259,3184,4.28
transcript,87,9006,6204,3.7
two,87,60,80,6.1
unit,87,560,966,4.95
j,86,1520,0,5.0
sixth,86,3007,3527,4.38
washroom,86,26000,24741,2.8
kung,86,42584,0,3.58
painful,86,3638,3034,4.32
julie,86,4645,0,4.09
alex,86,3752,0,4.62
headmaster,86,4787,16726,3.25
educator,86,12905,2429,3.55
helmet,86,5642,4303,4.02
foggy,86,14412,12681,3.19
pray,86,3042,2399,4.4
spanish,86,2474,2204,4.73
three,86,104,135,5.78
translation,86,3982,4290,4.39
dandan,86,0,0,1.78
departure,86,2903,3867,4.22
envy,86,8468,8491,3.84
drought,86,7206,5353,3.9
outer,86,3097,3698,4.25
canteen,86,7069,15582,3.17
circus,86,6391,6045,3.98
pursue,86,1976,1785,4.26
slightly,86,1111,1408,4.75
golf,86,2501,1801,4.56
astronomer,86,10779,3744,3.16
hydrogen,86,5200,5103,3.98
astonish,86,18564,12542,2.47
t-shirt,86,0,0,4.57
conjunction,85,11901,7557,3.93
granddaughter,85,11766,8528,3.6
relaxed,85,4460,6104,4.01
heel,85,3535,3056,3.84
quarrel,85,7746,11177,3.31
yogurt,85,17323,7467,3.63
surgeon,85,3940,3413,4.13
thunderstorm,85,18737,10620,3.25
bulb,85,5690,4901,3.66
designer,85,2766,2426,4.42
decoration,85,4554,6136,3.82
sew,85,6446,6478,3.45
dam,85,6532,4399,4.17
convenience,85,5559,4892,4.02
guidance,85,2601,3869,4.33
frequently,85,1626,1810,4.56
unbelievable,85,8410,6070,4.08
microwave,85,7268,5846,3.8
motor,85,1895,3138,4.53
component,85,1631,1760,4.32
tissue,85,2784,2688,4.32
keen,85,2280,6508,4.13
justice,85,1287,1481,4.97
casual,85,3781,3955,4.23
property,85,597,993,5.11
gene,85,2150,2287,4.36
possess,85,2129,2842,4.02
import,85,2757,4050,4.1
frontier,85,4553,4415,3.97
random,85,3811,3619,4.58
mosquito,85,12347,5667,3.61
wage,85,1404,2586,4.44
commitment,85,1355,1616,4.43
deadline,85,5295,4032,4.12
elegant,85,3833,3942,3.95
fundamental,85,2031,2328,4.33
teenage,84,5330,3868,4.14
pants,84,7747,0,4.48
donut,84,0,14344,3.31
composer,84,4435,4999,3.85
remark,84,2581,3389,3.66
command,84,2166,2378,4.7
minus,84,4789,8628,4.0
tight,84,2805,2741,4.57
elect,84,1794,2265,4.03
urgent,84,3268,5330,4.15
clone,84,7440,9023,3.68
dormitory,84,14248,10947,3.12
flee,84,3410,2942,3.81
appreciation,84,4701,4322,4.12
territory,84,2009,2179,4.6
digest,84,7573,9447,3.71
footprint,84,12146,8406,3.52
boom,84,3920,3171,4.33
ambassador,84,4614,4520,4.35
stable,84,2637,2903,4.48
initial,84,1525,1943,4.72
attain,84,5042,5323,3.6
beneficial,84,4578,4991,4.08
enhance,84,2669,2331,4.04
advocate,84,4031,2623,4.21
subscribe,84,6864,7979,4.02
impolite,83,24595,24132,2.62
lei,83,0,36045,3.17
popcorn,83,25500,8839,3.73
leap,83,3425,3621,3.94
skating,83,26308,13863,3.84
raincoat,83,12667,15201,2.68
satisfied,83,2638,5101,4.28
spin,83,3841,2644,4.38
enormous,83,2120,1994,4.25
tasty,83,9957,8471,3.84
helicopter,83,4159,3100,4.13
noble,83,4808,5553,4.24
minimum,83,2715,3633,4.69
colleague,83,1338,1518,3.98
burden,83,2696,2665,4.23
division,83,891,1849,4.86
fluent,83,9662,11910,3.52
evolution,83,3069,2946,4.41
register,83,2430,3173,4.59
judgement,83,2486,14669,3.86
breakthrough,83,6455,5308,3.83
output,83,1540,4085,4.43
seize,83,2974,3230,3.8
bound,83,3174,8004,4.46
comprehend,83,8488,6899,3.7
according,83,35013,478,5.28
nd,82,30132,0,3.71
inventor,82,10125,8188,3.59
russian,82,1791,1562,5.01
polo,82,7923,12414,3.77
broken,82,2747,2694,4.88
melt,82,4531,3460,3.96
hint,82,3492,3909,4.07
politician,82,2049,1783,4.16
specialist,82,1808,2546,4.28
upstairs,82,3067,4381,3.87
logical,82,3188,4569,4.14
refresh,82,11300,12356,3.65
shave,82,7191,5779,3.83
damp,82,3845,5562,3.62
thief,82,3965,5007,3.88
assist,82,2162,2475,4.42
abuse,82,2352,1540,4.66
basin,82,4357,6174,4.08
buffet,82,7804,8330,3.54
collar,82,4205,4548,4.04
electrical,82,3190,3789,4.42
neat,82,3823,4683,3.99
weakness,82,2867,3487,4.19
defence,82,788,21674,4.51
primitive,82,4019,5798,3.8
restore,82,2217,2543,4.18
desperate,82,2935,3091,4.32
eighth,81,4714,4425,4.2
sports,81,0,0,4.94
warmth,81,3527,4749,3.8
spider,81,5742,5555,4.25
villager,81,6139,6100,2.9
ash,81,4713,4577,4.16
bin,81,5370,0,4.22
prep.,81,0,0,3.94
swimming,81,3814,4441,4.43
hunter,81,5802,3030,4.37
seven,81,575,734,5.08
penny,81,4306,0,4.07
fierce,81,3932,4482,3.92
amazon,81,12482,26101,4.55
cola,81,15220,17680,3.74
actual,81,1396,1739,4.85
cafeteria,81,19059,7076,3.44
grab,81,2777,1477,4.52
consideration,81,1248,2487,4.28
alike,81,4989,4389,4.13
souvenir,81,8608,8063,3.36
automatic,81,3184,4045,4.36
rural,81,1519,2006,4.59
revolution,81,1858,2753,4.56
choke,81,6075,5223,3.72
chairman,81,864,1372,4.8
postpone,81,5320,6545,3.48
novelist,81,6213,6348,3.61
merely,81,1273,1988,4.37
equip,81,3643,4145,3.5
straightforward,81,3491,6187,3.83
precise,81,2761,3826,4.13
mature,81,4122,5133,4.28
butcher,81,8559,8421,3.75
nancy,80,7278,0,4.14
quietly,80,2171,2553,4.15
seriously,80,1633,1908,4.94
lucy,80,2920,0,4.07
ingredient,80,3844,2590,3.74
crossing,80,4935,6302,4.33
suitcase,80,6625,5600,3.55
pea,80,6504,5226,3.54
heavily,80,2153,2363,4.54
jet,80,3846,3144,4.29
garlic,80,6745,2956,3.92
receipt,80,3633,6517,3.92
hearing,80,2480,1711,4.82
equator,80,15702,12760,3.26
waist,80,4386,4304,3.96
handkerchief,80,6708,8487,3.18
certificate,80,2341,5237,4.29
collapse,80,3094,3212,4.18
weed,80,6003,4545,4.27
slight,80,2237,2982,4.22
dignity,80,4745,4100,4.02
institution,80,880,987,4.41
prohibit,80,5809,3990,3.51
crisis,80,1467,1206,4.62
shackleton,80,25771,0,2.65
chaos,80,4091,3727,4.27
jaw,80,3999,4087,3.98
vain,80,9731,10144,3.74
tao,79,29399,29426,3.49
unexpected,79,3366,3567,4.23
runner,79,4368,4214,4.18
mysterious,79,4760,4093,4.17
drawing,79,1892,2521,4.58
xi'an,79,0,0,4.12
steven,79,5183,0,4.24
tobacco,79,4278,3010,4.19
photography,79,5389,3986,4.45
coloured,79,3618,22818,3.92
chemist,79,5034,9185,3.51
relay,79,11282,8326,3.86
recreation,79,5707,5867,4.04
arrival,79,2281,3194,4.44
awareness,79,2404,2784,4.44
useless,79,4667,5657,4.22
rail,79,1961,3373,4.41
analyze,79,13046,2316,3.84
cooperate,79,8712,4015,3.79
suffering,79,4466,3933,4.53
psychology,79,2980,2972,4.31
necklace,79,10178,6583,3.85
flesh,79,3036,3209,4.2
choir,79,5092,5331,3.88
reasonable,79,1549,2510,4.59
multiply,79,5028,6148,3.5
physicist,79,8224,5568,3.42
theft,79,3545,5367,4.13
autonomous,79,5495,7499,3.85
shortage,79,3405,4027,3.91
county,79,784,1516,5.19
imply,79,1675,2796,3.83
capable,79,1848,2392,4.61
weep,79,5087,5709,3.37
thorough,79,5257,5852,3.97
concrete,79,3840,3310,4.44
devotion,79,6937,6466,3.73
innocent,79,3421,2775,4.45
applaud,79,7585,5722,3.46
four,79,184,247,5.53
schoolwork,78,34609,16911,2.75
unfair,78,3625,4493,4.17
maria,78,3434,0,4.34
frequency,78,2406,3009,4.36
code,78,1469,1648,5.08
antarctica,78,13217,0,3.53
recording,78,2437,3319,4.51
spit,78,5395,4932,3.85
symptom,78,2342,2249,3.64
triangle,78,5296,5605,3.93
eyesight,78,13749,14627,3.28
kindergarten,78,20561,6121,3.79
con,78,7549,5617,4.28
bond,78,2385,1880,4.59
odd,78,2002,2738,4.42
detect,78,2502,2763,4.05
lean,78,1867,1520,4.14
antarctic,78,10763,12325,3.56
technical,78,1394,2064,4.75
flame,78,3195,3199,4.07
wrist,78,4394,3624,4.01
dilemma,78,4551,4118,3.73
assign,78,3876,2611,3.66
threaten,78,1390,1395,3.94
absence,78,1585,2524,4.34
tendency,78,2377,3040,3.96
steady,78,2922,2914,4.31
antique,78,6477,5748,3.86
drawer,78,4175,4212,3.78
five,78,207,299,5.45
dale,77,7296,28721,3.98
embarrassed,77,4732,4601,4.05
mid-autumn,77,0,0,4.16
ghost,77,3541,3266,4.42
using,77,0,0,5.47
jill,77,6710,0,3.81
detailed,77,1557,3125,4.51
pianist,77,10127,8252,3.48
grandson,77,6942,6641,3.85
gardening,77,5625,7049,3.67
tortoise,77,12178,13299,3.26
bake,77,6122,2810,3.91
leaflet,77,3571,13599,3.12
ng,77,35750,0,3.9
surprising,77,2416,2785,4.28
luggage,77,7156,7333,3.8
haircut,77,12035,8476,3.7
finance,77,1515,2808,4.65
bare,77,3196,3430,4.18
vinegar,77,10241,5106,3.64
harbour,77,3526,36866,3.98
dramatic,77,2242,2119,4.41
abnormal,77,6548,8241,3.71
greedy,77,8585,8908,3.75
substance,77,2433,2277,4.23
suzy,77,25521,0,3.15
slave,77,3948,2727,4.31
entirely,77,1367,1858,4.72
sneeze,77,15926,12750,3.19
extension,77,2123,3190,4.46
prejudice,77,4112,5235,3.79
maximum,77,2427,3603,4.6
herb,77,5112,3573,3.77
terrace,77,3137,6431,3.88
nine,77,737,1154,4.87
x,76,1553,0,5.2
chant,76,8567,6880,3.6
tag,76,6424,4442,4.44
seventh,76,4271,4110,4.25
children,76,23840,0,5.47
ower,76,0,0,1.81
fascinating,76,3933,4204,4.13
bubble,76,5570,4104,4.16
martin,76,1756,0,4.74
vitamin,76,4866,3715,4.01
stove,76,6609,4388,3.71
horror,76,2937,3318,4.43
misunderstand,76,8418,8287,3.15
disagreement,76,5048,5117,3.66
rome,76,2482,0,4.45
strip,76,3090,2754,4.36
motto,76,9695,9048,3.72
freezing,76,5949,6369,4.05
partly,76,1638,2824,4.3
avenue,76,3634,5320,4.43
session,76,1443,1544,4.72
civilization,76,6655,3459,4.01
insight,76,3302,2840,4.19
stuff,76,1375,996,5.14
ecology,76,8093,6425,3.74
eddie,76,5180,0,4.14
bce,76,0,0,3.1
yoghurt,76,12195,43601,3.01
shuttle,76,8928,3810,3.9
forbid,76,4670,4698,3.66
fortunate,76,4680,5300,3.97
dizzy,76,9951,8740,3.43
tolerate,76,4959,4319,3.84
awesome,76,9785,6337,4.92
negotiate,76,2586,2541,3.99
hers,76,3071,3849,3.97
twentieth,75,3802,4889,3.8
teamwork,75,15491,11799,3.48
mend,75,7566,10849,3.33
religious,75,1444,884,4.85
eggplant,75,0,10618,3.01
forbidden,75,13970,11841,3.96
deed,75,4742,5766,3.75
election,75,638,801,5.08
pillow,75,5447,4017,3.96
closely,75,1715,2038,4.53
nephew,75,6440,6362,4.01
distinct,75,2609,3254,4.29
consult,75,2826,3591,3.87
deny,75,1258,1406,4.34
sailor,75,5054,5030,3.78
strait,75,8841,12059,3.6
efficient,75,2196,2998,4.42
b3,75,0,0,2.92
amuse,75,8734,9683,3.12
dynamic,75,4218,3978,4.31
amateur,75,5030,5795,4.22
swell,75,5534,4867,3.64
made,75,0,0,5.92
vocabulary,75,4802,5564,3.82
nish,74,0,0,2.36
anymore,74,11630,1693,4.94
charles,74,1098,0,4.77
luckily,74,6875,8175,3.92
lower,74,2932,2052,5.11
kim,74,4882,0,4.59
southwest,74,15280,3564,4.1
goose,74,6076,5529,3.84
fibre,74,3214,24899,3.67
merchant,74,2755,4126,4.08
spain,74,2020,0,4.59
apologise,74,5315,0,3.66
tsunami,74,0,10936,3.52
cooperation,74,5122,2668,4.3
shopkeeper,74,8491,12729,2.88
bonus,74,3780,4172,4.45
frequent,74,3109,3272,4.27
interact,74,6221,4341,4.05
ward,74,2949,5065,4.37
pudding,74,5387,8518,3.61
motivation,74,3870,3126,4.22
drill,74,5299,4760,4.09
navy,74,3375,5950,4.57
determination,74,2788,3846,4.16
metaphor,74,5128,3927,3.73
conventional,74,2253,2554,4.25
apparent,74,1770,2502,4.32
agenda,74,3026,2130,4.3
civilian,74,5055,3219,4.23
para,74,5898,9837,3.85
consistent,74,2670,2225,4.48
joint,74,1489,2218,4.71
breast,74,2793,1652,4.35
accomplish,74,5546,2345,4.05
eight,74,579,739,5.02
dr.,73,0,0,5.24
honor,73,27977,2057,4.69
recycling,73,6775,5995,3.76
mistaken,73,9508,12710,3.98
highway,73,4470,2583,4.49
cm,73,3364,0,4.27
carriage,73,3104,6534,3.85
seaside,73,7563,12240,3.58
wetland,73,10916,5790,3.14
whistle,73,6960,6463,3.88
carpenter,73,9552,8059,3.81
plug,73,5970,5586,4.14
receptionist,73,8900,10281,3.26
hatch,73,7882,7365,3.82
nursery,73,3383,5632,3.89
capture,73,2658,1715,4.42
rating,73,4005,1819,4.45
emphasis,73,1719,2346,4.19
dot,73,4132,4480,4.05
immediate,73,1542,2180,4.52
forum,73,3756,4705,4.38
administration,73,1383,635,4.93
ripe,73,7544,6068,3.67
thread,73,5022,4714,4.44
missile,73,3749,2367,4.14
anyhow,73,9090,9909,3.48
fist,73,4178,3881,3.89
criterion,73,1799,0,3.46
verb-ed,73,0,0,3.68
ping-pong,73,0,0,3.28
halloween,72,24211,6080,4.16
possibly,72,1312,1696,4.77
driving,72,4514,3712,4.9
teammate,72,28599,4238,3.84
lee,72,2350,0,4.73
shirley,72,6588,0,3.73
hollywood,72,4213,0,4.52
maple,72,10494,5571,3.86
albert,72,3330,0,4.24
pin,72,4542,4347,4.28
rob,72,5202,5071,4.35
deeply,72,2327,2122,4.44
confused,72,3616,5646,4.47
curiosity,72,5059,4518,3.97
niece,72,7967,7475,3.82
rugby,72,2794,15490,4.4
admission,72,2768,3031,4.15
dimension,72,2699,2420,4.02
pub,72,1817,7430,4.23
emotional,72,2389,1617,4.66
database,72,2072,3638,4.31
tournament,72,3482,2761,4.56
kit,72,3278,4018,4.42
leo,72,6180,0,4.23
split,72,2573,2910,4.65
bai,72,0,0,3.18
regulation,72,1400,1675,4.38
forty,72,1350,3734,4.2
appoint,72,1272,3172,3.7
discourage,72,5260,4211,3.57
intense,72,3202,2295,4.39
shift,72,2322,1680,4.57
astronomy,72,10702,6469,3.63
mist,72,4784,5967,3.67
gifted,72,8603,3237,3.89
cigar,72,7267,5696,3.57
six,72,293,424,5.29
ours,72,3947,4099,4.16
1.m.,71,0,0,5.29
lu,71,39147,0,3.64
historian,71,2722,2542,3.9
ecosystem,71,13316,4528,3.78
judy,71,8155,0,3.79
franklin,71,9021,0,4.21
backwards,71,3801,6719,4.04
propose,71,1309,1694,3.99
proverb,71,15355,12937,3.14
feast,71,5626,5910,3.95
printing,71,4804,7217,4.28
los,71,5085,0,4.78
bookshop,71,6589,21128,3.11
parade,71,4972,3907,4.16
malaria,71,12432,9136,3.65
thrill,71,7773,5858,3.72
fare,71,4481,4776,3.94
parallel,71,3869,5840,4.27
saucer,71,9123,10769,3.06
contract,71,628,1269,4.94
minor,71,1912,2610,4.62
qian,71,31274,0,2.63
artistic,71,4141,3249,4.17
multiple,71,3293,1948,4.92
bandage,71,10433,9428,3.24
assumption,71,1693,2606,4.07
generate,71,1716,1692,4.22
handful,71,4262,3109,4.11
liberation,71,3880,6230,3.91
tutor,71,3839,9093,3.67
alphabet,70,11157,9190,3.7
ey,70,41449,32863,3.29
backpack,70,25243,6456,3.78
daisy,70,9305,10897,3.78
council,70,251,2612,5.08
fossil,70,4637,5043,3.99
angeles,70,5397,0,4.73
slogan,70,6405,6076,3.72
gymnastics,70,22030,10424,3.6
zhong,70,0,0,2.68
bench,70,2942,2782,4.39
cooker,70,7276,13730,3.34
princess,70,2691,6039,4.53
steep,70,3793,3973,3.99
cleaner,70,5033,6567,3.9
subjective,70,5186,5947,3.79
accountant,70,3280,5949,3.76
usage,70,4767,6347,4.23
outing,70,6382,7723,3.5
payment,70,1009,2106,4.66
personally,70,2866,2633,4.57
suburb,70,5306,3531,3.81
glare,70,5510,6371,3.36
insurance,70,1347,1197,4.94
proof,70,2743,2865,4.7
latter,70,1251,2725,4.56
wax,70,7744,7228,3.92
chore,70,9514,6028,3.15
qi,70,0,0,3.29
mutton,70,15305,22179,3.01
boost,70,4022,3691,4.41
affection,70,4103,5137,3.92
prior,70,5045,2856,4.85
combination,70,1732,1808,4.61
enterprise,70,1566,2499,4.38
contradictory,70,7106,7435,3.48
pre-task,70,0,0,4.47
opportunity,70,618,625,4.95
what's,70,0,0,5.2
ufo,69,41134,12275,3.48
summarize,69,7347,5532,3.23
working,69,1556,2819,5.45
businessman,69,3547,3840,3.95
dunhuang,69,0,0,1.82
pest,69,6622,6842,3.64
hook,69,4337,3791,4.37
yourselves,69,7931,0,3.86
oxford,69,1171,20405,4.38
koala,69,39772,26485,3.04
lid,69,4537,4658,3.81
cambridge,69,2394,0,4.39
st,69,792,0,5.2
twain,69,22146,33929,3.39
considerate,69,13960,17092,3.3
barber,69,12564,9131,3.81
bathe,69,8777,7550,3.22
particularly,69,441,781,4.96
botanical,69,12570,10006,3.49
deposit,69,2384,4692,4.24
celebrity,69,6973,2960,4.29
overlook,69,3391,3139,3.53
sufficient,69,1582,3099,4.32
recognition,69,1628,2441,4.47
restrict,69,2207,3539,3.8
racial,69,4592,2243,4.3
justify,69,1959,2834,4.14
wrinkle,69,14095,7819,3.12
communist,69,2146,5543,4.32
cater,69,3809,6945,3.55
community,69,335,296,5.34
plural,68,15661,18732,3.55
iv,68,2861,0,4.38
thailand,68,6247,0,4.22
scott,68,2616,0,4.72
married,68,1742,1610,5.03
dreamt,68,0,0,3.33
smelt,68,24671,23291,2.99
violinist,68,20187,13694,3.1
listener,68,5351,4560,3.52
karen,68,4242,0,4.09
evaluation,68,2732,2354,4.21
northwest,68,14975,3403,4.14
calorie,68,13241,0,3.59
extinct,68,9995,9357,3.66
goldfish,68,10625,16320,3.28
fairly,68,1413,2157,4.5
skateboard,68,26998,16938,3.21
companion,68,3024,3547,4.13
assistance,68,2096,2081,4.59
bowling,68,7372,7944,4.05
supreme,68,2550,1618,4.69
currency,68,2114,3738,4.37
accessible,68,4162,4377,4.18
skyscraper,68,20049,10626,3.2
monster,68,3985,3565,4.49
roar,68,5769,5275,3.7
nevertheless,68,1337,2582,4.25
signature,68,4275,3773,4.25
conductor,68,6176,5912,3.8
tremble,68,4432,5233,3.04
altitude,68,8085,6370,3.92
dusk,68,7861,7212,3.44
suffix,68,16952,25793,3.05
guideline,68,2994,3064,3.25
masterpiece,68,7693,7685,3.81
patent,68,4835,4405,4.18
pose,68,2739,2230,4.1
microscope,68,7274,8309,3.5
resemble,68,3822,3058,3.73
rigid,68,4475,5469,3.75
foresee,68,6364,7614,3.18
twelfth,67,6150,12592,3.51
annie,67,5478,0,3.94
coke,67,7803,12273,4.08
someday,67,21398,4451,4.05
hybrid,67,10195,6840,4.11
grandchild,67,19714,4393,3.13
bc,67,12933,0,4.49
unhealthy,67,11127,9533,3.72
starting,67,3953,3899,5.07
timeline,67,0,12314,4.15
northeast,67,16006,4122,4.06
shortly,67,2278,2853,4.47
kettle,67,5784,10726,3.54
identical,67,3273,3822,4.21
counter,67,3493,2830,4.56
upwards,67,4086,10989,3.75
accumulate,67,4997,5083,3.48
superb,67,3385,6911,3.96
scold,67,15769,10246,2.81
shrink,67,5528,4474,3.73
aggressive,67,3648,2514,4.32
politely,66,6560,7714,3.47
zipper,66,27054,10432,3.3
lam.,66,0,0,3.44
zip,66,10485,8896,3.87
waterfall,66,8035,8091,3.54
anne,66,2060,0,4.32
consonant,66,12928,17386,3.09
italic,66,14510,40711,2.73
spoonful,66,15630,14845,2.87
opponent,66,2663,2181,4.2
squirrel,66,10225,6904,3.69
chase,66,3378,3312,4.44
mode,66,2219,2793,4.63
ferry,66,4590,6492,4.02
fax,66,5816,5729,3.63
core,66,2380,1954,4.73
episode,66,3396,2846,4.97
bid,66,2359,4069,4.4
disc,66,3136,4779,4.13
enlarge,66,6348,7530,3.2
stimulate,66,3560,4440,3.67
thirty,66,1003,2833,4.38
addict,66,10019,6091,3.68
crucial,66,2013,2397,4.28
emerge,66,1252,1300,3.89
consultant,66,2605,2480,4.13
ambitious,66,4298,4287,3.95
resolve,66,2174,2242,4.17
circuit,66,2539,4023,4.47
insert,66,3796,4301,4.01
hardship,66,6378,6922,3.56
enquiry,66,2472,24159,3.41
allowance,66,2481,7677,3.85
...?,66,0,0,0.0
daytime,65,8629,7145,3.66
twelve,65,1447,3218,4.35
yummy,65,36374,18334,3.54
grant,65,1395,1907,4.67
meaningful,65,5632,3769,4.14
announcement,65,2825,3604,4.31
aircraft,65,1538,2803,4.64
favor,65,49170,2500,4.58
leadership,65,1873,1304,4.77
recommendation,65,2208,2765,4.09
determined,65,4093,5917,4.64
reception,65,2928,3944,4.23
poverty,65,2666,2333,4.46
numerous,65,2597,2275,4.65
premier,65,4066,7616,4.56
obviously,65,908,1278,4.8
licence,65,2055,29631,3.97
unicef,65,24817,0,3.23
terror,65,4120,2732,4.26
sacred,65,4692,3338,4.24
delighted,65,2938,6609,4.09
relieve,65,4260,3764,3.77
priority,65,1729,2112,4.41
govern,65,3050,3711,3.67
bargain,65,4926,4962,3.95
worse,65,6841,25899,4.89
fifteen,65,1736,2995,4.14
ce,64,25058,0,3.83
prime,64,838,1667,4.81
dave,64,2907,0,4.44
imperative,64,8822,8360,3.66
hua,64,44109,0,3.24
ma,64,6756,0,4.63
narrator,64,10638,4907,3.81
litre,64,5726,0,3.5
rld,64,0,0,1.82
catalogue,64,2710,6793,3.91
empire,64,2251,4218,4.54
funeral,64,3009,2885,4.37
engineering,64,1815,2385,4.8
la,64,3148,0,5.05
effectively,64,1805,2566,4.49
receiver,64,3543,3401,4.09
gogh,64,12992,0,3.24
max,64,4801,23873,4.66
bridegroom,64,16663,24066,2.76
workshop,64,2587,3130,4.15
drown,64,4492,4927,3.68
domestic,64,1381,1547,4.69
socialist,64,2568,5591,4.22
marble,64,4199,4819,3.96
elsewhere,64,1639,2279,4.46
crane,64,8536,8390,3.92
diploma,64,6259,8453,3.76
mountainous,64,14181,12342,3.38
integrity,64,4364,3464,4.22
corporation,64,2025,2602,4.59
industrial,64,863,1913,4.71
addiction,64,7954,5177,4.14
fasten,64,7148,7930,2.98
homeland,64,8870,4149,3.95
poisonous,64,9555,10074,3.57
radium,64,45531,30174,2.8
correction,64,5971,5966,3.95
intellectual,64,3040,2857,4.3
flashlight,64,25749,6373,3.46
hammer,64,4955,6231,4.16
evolve,64,3445,2821,3.8
simplify,64,7074,8483,3.46
instruct,64,3820,4243,3.31
visible,64,2760,2304,4.39
dash,64,5634,6336,4.0
dusty,64,6602,5298,3.67
privilege,64,3017,3612,4.2
fragile,64,5941,4733,3.86
scar,64,7022,5026,3.77
compromise,64,3685,3751,4.15
eleven,64,2299,4273,4.12
worn,64,14757,9882,4.26
cult,63,5396,5245,4.09
zhao,63,30650,0,3.22
singapore,63,5762,0,4.35
volunteering,63,0,0,3.52
drinking,63,4277,3440,4.71
breeze,63,4405,4284,3.86
turning,63,6345,6215,4.71
dirt,63,5597,2737,4.24
punishment,63,3031,3110,4.34
hopeless,63,6390,7926,3.71
yell,63,5181,2628,3.85
hostess,63,9940,10323,3.35
basement,63,5987,3598,4.18
toothbrush,63,15334,13896,3.38
dialect,63,7189,10722,3.54
gradual,63,5327,6796,3.67
teapot,63,12436,12851,2.91
mourn,63,9545,6768,3.43
luxury,63,5235,5575,4.35
consumption,63,2561,3146,4.35
peach,63,6592,5531,3.77
wrestle,63,11240,6407,3.48
evident,63,2975,3466,3.99
contradict,63,6870,6863,3.35
friction,63,8497,7336,3.71
accuracy,63,3958,4076,4.24
compensate,63,4464,5037,3.78
accustomed,63,6431,8524,3.64
twenty,63,605,2086,4.65
fifty,63,1041,3038,4.29
quilt,62,12326,6124,3.25
waiting,62,5576,6078,5.06
acting,62,8764,8387,4.82
melon,62,12740,9886,3.32
rooster,62,35410,11564,3.31
sunrise,62,11920,7313,3.82
da,62,9075,0,4.54
potter,62,9074,27631,4.11
stem,62,4527,3414,4.3
edit,62,3943,4253,4.3
perseverance,62,19125,13573,3.34
jackson,62,3539,0,4.58
roman,62,10743,3507,4.5
messy,62,9558,6651,3.87
dip,62,4987,4532,4.05
muddy,62,7679,6484,3.6
sword,62,3675,4105,4.37
scratch,62,5023,4644,4.16
tin,62,2956,5424,4.03
underwear,62,8792,6524,3.96
restriction,62,2226,3127,3.76
abundant,62,7823,6223,3.77
portable,62,6014,5441,3.97
swift,62,5978,6627,4.15
mandy,62,8275,0,3.37
consumer,62,1428,1052,4.56
vil,62,0,0,2.53
squeeze,62,3390,2891,3.94
discipline,62,1450,2278,4.23
compulsory,62,3997,12735,3.7
geometry,62,8997,7851,3.88
unfortunate,62,4076,4970,4.12
bachelor,62,8615,6130,3.97
competence,62,4201,5191,3.58
transparent,62,6902,5884,4.01
spoken,62,6629,11639,4.45
thirteen,62,3309,5649,3.89
20th,61,0,0,3.65
competitor,61,3328,3259,3.81
ken,61,2727,0,4.21
upside,61,35560,12789,4.01
nanjing,61,47463,0,3.0
dial,61,8621,6092,3.93
observation,61,1842,2105,4.13
dna,61,2519,2829,4.49
cao,61,46456,0,3.2
hopeful,61,6877,5116,3.79
powder,61,4272,3260,4.25
loyal,61,4461,4770,4.2
repetition,61,5293,5821,3.48
vest,61,9247,6686,3.73
baggage,61,8801,7286,3.74
straw,61,4301,4730,3.99
valid,61,3211,4703,4.38
acquaintance,61,5967,6274,3.55
quake,61,23257,8561,3.45
approximately,61,2850,2365,4.64
endurance,61,11606,7739,3.74
ridiculous,61,3632,4043,4.46
knot,61,5061,5079,3.72
rapidly,61,1967,2527,4.34
preview,61,11861,7529,3.96
pineapple,61,12015,9086,3.58
invest,61,2329,2001,4.32
courtyard,61,5755,5825,3.65
expedition,61,4361,4654,3.99
entitle,61,2886,3465,2.71
literally,61,3512,2469,4.91
absurd,61,5676,5901,3.95
inspect,61,4286,5031,3.63
atom,61,4241,5184,3.72
unbearable,61,9826,10284,3.47
nba,60,0,0,4.39
miller,60,3582,21545,4.5
rr,60,31513,0,3.4
overnight,60,4937,4742,4.19
marie,60,3896,0,4.19
oven,60,4188,2920,4.05
u.s.,60,0,0,5.31
brake,60,5290,4693,3.95
tyre,60,4491,0,3.51
teahouse,60,0,26997,2.34
settlement,60,1600,2167,4.49
expansion,60,2360,2734,4.54
thomas,60,1409,0,4.84
caution,60,4721,5286,3.97
cassette,60,5251,8210,3.4
canyon,60,16528,4767,3.96
duration,60,3698,5426,4.14
monthly,60,3652,3520,4.5
pearl,60,6574,45772,4.14
forth,60,4689,1834,4.4
gray,60,5464,1939,4.45
estate,60,1302,1778,4.82
pessimistic,60,9581,9792,3.25
cutting,60,4089,5468,4.61
rainfall,60,10343,9169,3.82
entertain,60,4478,4949,3.83
granny,60,7205,18824,3.61
interval,60,2689,4646,3.77
embassy,60,4389,5731,4.13
optional,60,5815,5692,3.91
forgetful,60,19606,23938,2.87
layer,60,2248,2168,4.4
overcoat,60,10596,12679,2.77
settler,60,8005,5489,3.15
rag,60,5984,6662,3.55
millionaire,60,7695,6769,3.73
ninety,60,1948,8279,3.71
ethnic,60,3244,1729,4.33
spite,60,14563,4179,4.04
perfume,60,7033,6592,3.75
furthermore,60,2799,3213,4.23
capacity,60,1507,1777,4.71
beast,60,4515,4428,4.29
discrimination,60,3592,3167,4.31
arch,60,4771,6326,4.02
undertake,60,1604,4035,3.73
vacant,60,6366,6751,3.8
shortcoming,60,8552,8140,2.57
cautious,60,5239,5231,3.79
unite,60,3628,4146,3.9
en,59,9798,0,4.5
h.,59,0,0,5.06
alexander,59,2971,0,4.4
fei,59,30798,0,3.18
beethoven,59,9002,0,3.41
washing,59,4128,8958,4.13
overweight,59,10207,6628,3.74
motorcycle,59,9757,6059,4.07
armstrong,59,6246,0,3.9
centigrade,59,27004,0,2.47
memorable,59,6063,6013,3.97
california,59,3311,0,5.0
uncertain,59,3532,4291,3.99
commonly,59,2983,3755,4.38
gender,59,3608,1824,4.59
trash,59,16241,4408,4.42
sleeve,59,4169,4567,3.93
toothpaste,59,15700,14165,3.37
necessity,59,3374,3951,3.91
arithmetic,59,8791,11378,3.4
clown,59,8787,6889,3.93
irrigation,59,12413,6974,3.69
corresponding,59,4630,7426,4.13
massive,59,2037,1996,4.72
fully,59,1114,1495,4.89
tractor,59,7015,6548,3.78
totally,59,1608,1911,4.83
external,59,1870,2864,4.52
internal,59,1418,1728,4.66
barely,59,3192,1973,4.49
dominate,59,2041,2312,3.87
distribute,59,2662,2944,3.79
absolute,59,2420,3165,4.54
coincidence,59,5527,5812,3.96
condemn,59,3223,4138,3.72
vice,59,7210,9910,4.71
booster,59,14487,8144,3.56
maths,59,5774,38684,3.75
theirs,59,5531,5421,3.96
z,58,23252,0,4.47
qin,58,0,0,3.05
lifelong,58,9865,5720,3.75
molly,58,6772,0,3.87
roller,58,6996,6161,3.99
spelt,58,0,0,3.18
disney,58,9144,0,4.39
peking,58,10739,0,3.18
robin,58,3695,15954,4.33
gone,58,0,0,5.17
successfully,58,2498,3176,4.45
millimetre,58,9848,0,2.6
currently,58,1361,1700,5.08
wendy,58,6729,0,3.84
bang,58,4572,5069,4.32
caption,58,10185,9117,3.72
qingming,58,0,0,1.4
suck,58,4142,3618,4.42
reservation,58,4139,3046,3.95
punctual,58,20448,25334,2.83
ox,58,11804,0,3.47
claw,58,8058,6934,3.59
spear,58,8899,8310,3.7
charm,58,4348,4768,4.12
checklist,58,10478,9039,3.45
crack,58,3688,3008,4.41
pregnant,58,3276,2629,4.56
schoolmate,58,33562,19024,2.32
spiritual,58,3233,2096,4.4
approval,58,2223,2549,4.5
deliberately,58,2806,4592,4.02
divorce,58,3853,2978,4.36
fluency,58,14342,13181,3.02
anecdote,58,9719,8925,3.2
adequate,58,2398,3297,4.05
possessive,57,15089,19975,3.17
dan,57,5790,0,4.51
fin,57,8226,8333,3.7
creativity,57,6722,4268,4.01
robinson,57,4176,0,4.21
making,57,4480,5042,5.54
jeff,57,6731,0,4.45
temper,57,4768,6436,3.81
ladder,57,4136,4505,4.03
tragedy,57,3508,2883,4.14
hepburn,57,23204,0,3.18
recorder,57,4975,6015,3.71
stuck,57,4727,9492,4.68
policewoman,57,16690,26303,2.54
birthplace,57,11609,11526,3.37
florence,57,6060,0,3.96
prescription,57,5595,3311,4.0
gay,57,4231,2056,4.9
saleswoman,57,41106,20767,2.28
surroundings,57,5009,6249,3.79
perceive,57,2776,2165,3.72
scotland,57,767,0,4.68
maid,57,5166,6044,3.86
lo,57,18198,0,4.07
tech,57,12141,4973,4.69
portrait,57,3054,2655,4.22
somewhat,57,1966,1897,4.55
lorry,57,3524,24926,3.21
terminal,57,4011,5777,4.31
yawn,57,10509,10649,3.07
broom,57,9809,9418,3.42
o.,57,0,0,5.12
porter,57,6464,11418,3.98
balcony,57,5402,5799,3.78
vertical,57,3857,4448,4.15
feedback,57,4828,3888,4.32
terrify,57,8606,5828,2.8
hence,57,1904,3639,4.38
prospect,57,1724,2323,4.13
exposure,57,3141,2229,4.44
panel,57,1859,1607,4.55
tease,57,6082,5458,3.59
distinction,57,1865,2921,4.1
infection,57,2510,2692,4.33
qualify,57,2685,3049,4.19
laundry,57,7707,4940,4.06
unconscious,57,5026,5668,3.94
protest,57,2229,2835,4.45
stocking,57,6503,8355,3.49
pulse,57,4379,4331,4.06
constitution,57,2148,3917,4.56
part-time,57,0,0,5.66
worst,57,13770,33505,4.93
korea,56,3760,0,4.65
jing,56,0,0,3.03
additional,56,1310,1319,4.98
cathy,56,9227,0,3.54
curie,56,37235,41088,2.88
bathtub,56,34329,9766,3.45
blossom,56,10180,6437,3.62
bronze,56,4024,4926,4.2
sawyer,56,25141,0,3.54
tang,56,15960,17391,3.58
ministry,56,1717,4242,4.63
aged,56,2890,8479,4.5
stir,56,3008,1899,3.96
cushion,56,6092,6893,3.58
formation,56,2062,3045,4.49
handy,56,5980,6380,3.97
loaf,56,7776,6892,3.49
sneaker,56,33208,0,3.01
spray,56,5640,4417,4.18
vague,56,4265,4885,3.87
orchestra,56,4027,5347,4.01
acre,56,3286,0,3.93
jade,56,10730,16319,3.78
swear,56,3224,3330,4.51
destruction,56,3111,2685,4.36
delivery,56,2169,2804,4.59
adore,56,8708,7705,3.7
prisoner,56,1932,2419,4.2
a3,56,0,0,3.29
archimedes,56,25108,0,2.69
bravery,56,11705,12303,3.59
curriculum,56,1694,2077,4.12
athletic,56,8781,2981,4.12
constantly,56,2628,2498,4.53
assignment,56,3817,3128,4.18
bacterium,56,4650,0,3.05
decent,56,3681,3878,4.4
backward,56,8489,5204,3.71
statistic,56,14827,9631,3.45
maya,56,24512,17119,3.87
offence,56,1550,22003,3.96
substitute,56,4548,5613,4.17
troublesome,56,9603,9839,3.39
accelerate,56,5328,4925,3.66
insure,56,5378,6180,3.4
crossroads,56,8633,9096,3.48
nineteen,56,1907,7818,3.59
chopsticks,56,0,17509,2.93
uncountable,55,0,29544,2.44
pong,55,34439,23635,3.45
matt,55,6261,38941,4.55
oft,55,16503,22123,3.25
larry,55,8109,0,4.28
toe,55,3995,3360,4.07
dancer,55,4610,3663,3.99
falls,55,39151,0,4.63
depression,55,3114,2095,4.56
unforgettable,55,14434,12439,3.49
hamlet,55,7917,9947,3.65
zhou,55,49559,0,3.38
immigrant,55,6097,2069,4.04
surprised,55,1928,1920,4.68
employee,55,1129,930,4.5
singular,55,11662,9212,3.74
don,55,4780,6189,4.6
behavior,55,28403,658,4.69
hut,55,4208,5321,3.84
dictation,55,20641,21756,2.71
typically,55,3411,2013,4.62
postage,55,9763,13293,3.51
cube,55,7702,5725,3.82
mainland,55,5381,6208,3.95
bind,55,1888,2496,3.75
shocked,55,4274,5677,4.27
seventy,55,2261,7889,3.78
deadly,55,6026,3513,4.16
interpreter,55,7208,5628,3.54
cease,55,2679,4470,4.03
comprise,55,2504,4392,3.62
harmonious,55,11319,12523,3.15
theoretical,55,2729,3781,4.01
authentic,55,6476,5000,4.04
proceed,55,2089,2697,4.18
allergic,55,14426,9143,3.78
unwilling,55,5583,6237,3.7
anchor,55,7686,4961,4.02
sharpen,55,7542,8298,3.15
frightened,55,3398,5786,3.74
feet,55,0,0,4.99
surrounding,55,3969,4398,4.49
sixty,55,1655,5642,3.93
eighty,55,1944,7486,3.75
ownership,54,2672,3585,4.4
dif,54,0,0,2.7
clothe,54,9871,10775,2.75
tenth,54,5237,7565,3.92
teresa,54,10294,0,3.71
keller,54,23194,0,3.58
christian,54,22058,1271,4.88
yangtze,54,43540,0,2.7
technological,54,4223,3771,4.06
magical,54,6055,5584,4.22
sailing,54,5717,10027,3.99
reef,54,6734,6352,3.83
richard,54,1000,0,4.79
comprehensive,54,2442,2896,4.36
prep,54,22956,18347,3.94
immigration,54,5448,2431,4.47
evil,54,4107,3447,4.74
originally,54,1995,2854,4.69
tram,54,6704,14885,3.46
conscience,54,4273,4641,3.96
typewriter,54,7660,9870,3.26
glossary,54,16150,16773,3.19
conservative,54,1497,1837,4.61
cafe,54,5986,5837,4.09
dustbin,54,9594,28258,2.56
ji,54,48666,0,3.89
logo,54,6999,5920,4.28
anticipate,54,3106,3187,3.73
drawback,54,7710,8563,3.21
exceptional,54,3970,6002,4.05
tackle,54,2634,4096,4.15
humanity,54,4999,3501,4.32
genuine,54,2524,3747,4.37
adjustment,54,3424,3121,3.88
troop,54,1740,1137,3.69
pavement,54,3861,6540,3.61
circulate,54,4483,5888,3.17
adolescent,54,8678,3386,3.58
fourteen,54,2877,5498,3.88
eighteen,54,2690,5480,3.81
countable,53,41845,42628,2.51
sometime,53,7642,4914,4.16
mickey,53,8092,0,3.86
rocky,53,7774,5549,4.16
tofu,53,43551,10306,3.29
modify,53,3239,3685,3.79
pedestrian,53,5992,7573,3.71
equally,53,1432,2369,4.39
enthusiasm,53,2678,3716,4.02
lane,53,1758,4136,4.57
nursing,53,4715,5250,4.32
differently,53,4263,3133,4.23
equality,53,4197,4590,4.26
fashionable,53,4986,7651,3.65
centimeter,53,0,10718,2.89
mailbox,53,35234,9004,3.31
lemonade,53,15571,11562,3.44
cosy,53,6933,36003,3.31
tan,53,8861,9634,4.01
minibus,53,15504,27815,2.75
substantial,53,1536,2544,4.33
rectangle,53,10208,10058,3.24
embrace,53,3968,2473,4.16
federal,53,2320,493,5.13
unpleasant,53,4722,6472,3.8
jewellery,53,4762,34122,3.74
translator,53,12093,6785,3.67
motive,53,3406,3578,3.94
non-verbal,53,0,0,3.89
whichever,53,5925,10672,3.7
storage,53,2703,2941,4.57
humble,53,6375,5970,4.11
facilitate,53,4044,3568,3.99
emphasise,53,2686,0,3.07
variation,53,1764,2927,4.08
input,53,2275,4120,4.35
grill,53,9117,5395,3.84
sob,53,8177,7230,3.27
overhead,53,7523,5527,3.93
admirable,53,8547,10469,3.48
tiresome,53,13772,17944,3.08
bent,53,14388,12145,3.99
cheque,53,2753,31750,3.49
identification,53,3230,3289,4.18
alphabetical,52,15239,19282,3.22
pal,52,6585,5020,3.99
times,52,7805,0,5.56
beautifully,52,4992,6205,3.92
sh,52,8394,15861,3.86
toronto,52,10309,0,4.49
cyclist,52,6689,9646,3.58
mat,52,6419,5639,3.84
advertising,52,2180,2640,4.54
keyword,52,8378,15397,3.29
darwin,52,5497,0,3.76
spade,52,8703,13365,3.33
principal,52,2225,3124,4.52
perfectly,52,2036,2435,4.61
rarely,52,2122,2271,4.42
sickness,52,4951,7417,3.83
jeep,52,8186,9569,3.72
tropical,52,3874,4182,4.18
housewife,52,5741,8592,3.4
depart,52,4497,4829,3.67
pension,52,1490,3785,4.22
slope,52,3119,3434,3.9
investment,52,816,1040,4.84
verse,52,3540,5446,4.18
imitate,52,7650,6150,3.29
burglar,52,7271,11050,3.34
critic,52,2271,1355,3.95
apparently,52,1243,1407,4.8
nationwide,52,7933,4929,4.07
acute,52,3249,5255,4.0
explicit,52,3722,4826,3.96
stubborn,52,9547,7548,3.76
rot,52,9578,9603,3.7
clumsy,52,8653,9209,3.44
violate,52,7012,2909,3.75
got,52,45855,0,5.91
fang,51,15940,14276,3.34
lately,51,6088,4028,4.41
pro,51,6425,4060,4.94
surfing,51,0,27516,3.72
bloom,51,7980,6582,3.93
mutual,51,3301,2799,4.26
coverage,51,3338,1877,4.63
vinci,51,23014,0,3.29
latin,51,3324,2526,4.48
bug,51,7685,4159,4.2
resistance,51,2311,2226,4.55
postcode,51,22564,0,3.0
dvd,51,0,0,4.25
booth,51,9834,4300,4.1
inn,51,3852,6591,4.07
resort,51,3200,2684,4.37
housing,51,1446,2147,4.77
membership,51,1771,3085,4.47
mop,51,11184,12312,3.39
gallon,51,6013,0,3.75
angel,51,3295,3980,4.45
paddle,51,10365,9187,3.49
framework,51,2177,2968,4.29
hobo,51,40339,19995,3.08
seashell,51,42970,19554,2.39
sparrow,51,14590,14123,3.48
cab,51,4014,4220,3.95
disturbing,51,5532,4827,4.05
youyou,51,0,0,1.42
ultimately,51,2786,1774,4.57
client,51,907,1157,4.54
fascinate,51,6429,5834,2.51
cope,51,1779,3198,4.04
stability,51,3342,2962,4.31
communism,51,5758,7085,3.8
unemployment,51,1495,3492,4.22
confidential,51,5254,7010,3.9
corrupt,51,7571,5850,4.14
wag,51,14798,11879,3.03
allocate,51,3035,6763,3.31
controversial,51,3444,3090,4.23
lame,51,11787,9982,3.95
pm,51,3146,824,4.69
v,50,16903,0,5.06
singing,50,6940,6489,4.59
vowel,50,7405,13592,3.33
debbie,50,8289,0,3.66
qing,50,30712,0,3.12
columbus,50,12372,0,4.04
seafood,50,15996,6817,3.65
semester,50,36683,5465,4.03
xiaohong,50,0,0,1.29
indoors,50,7741,8145,3.6
grocer,50,11854,14410,3.01
egyptian,50,5710,5515,4.21
gure,50,0,0,1.48
sustain,50,2774,2986,3.93
betray,50,6030,4974,3.42
pesticide,50,6790,5225,3.25
seminar,50,3726,4862,3.77
confusing,50,6332,6232,4.02
cable,50,3033,2003,4.54
referee,50,4635,8516,3.86
holy,50,2701,2375,4.88
changeable,50,20685,21649,2.75
lounge,50,4410,5990,3.92
criticize,50,4040,2550,3.63
quotation,50,5331,8858,3.51
extract,50,3787,4971,4.02
spill,50,4486,3671,3.84
forrest,50,20602,0,3.6
relic,50,7657,8394,3.37
depress,50,9471,11421,2.86
participant,50,2859,1103,3.78
carrier,50,3636,3271,4.29
starvation,50,8598,9590,3.52
outward,50,8743,8599,3.52
abolish,50,3736,7490,3.48
cocoa,50,8892,8963,3.64
sb.'s,50,0,0,3.7
arbitrary,50,5353,7545,3.85
sixteen,50,2889,5324,3.95
aft,49,23754,16006,3.39
whoever,49,4304,4240,4.42
wen,49,34513,35898,3.49
traveler,49,0,3795,3.57
don't,49,0,0,6.2
jobs,49,0,0,4.98
conj.,49,0,0,1.58
ireland,49,1040,0,4.66
donation,49,4749,4336,4.0
bethune,49,0,0,2.53
sidewalk,49,22023,3770,3.68
sunset,49,7738,5739,4.04
ryan,49,5823,0,4.59
cleaning,49,4981,6102,4.39
lover,49,2765,2781,4.26
shenzhen,49,0,0,3.17
diana,49,3261,0,4.02
sadly,49,3665,5717,4.18
underwater,49,11632,9111,3.92
harbor,49,26500,5726,4.15
presence,49,1219,1264,4.73
fabric,49,2773,3059,4.08
attribute,49,3247,3346,3.77
socialism,49,4039,7238,3.88
producer,49,2335,1845,4.44
transfer,49,1593,2315,4.72
logic,49,3193,3469,4.36
distribution,49,1456,2373,4.64
c1,49,0,0,3.21
seaweed,49,14677,13198,3.22
appliance,49,7150,6043,3.35
probable,49,5016,6767,3.79
surplus,49,4815,6243,3.87
moustache,49,7198,16314,3.24
criticise,49,3439,0,3.2
steward,49,4750,10595,3.45
cite,49,2993,1932,3.67
confucianism,49,47062,0,2.61
suspend,49,3116,3775,3.68
thirst,49,11770,10813,3.64
warehouse,49,4490,4922,4.08
acquisition,49,2567,3856,4.26
sceptical,49,6418,37694,3.09
boycott,49,9191,8514,3.81
abrupt,49,8560,8703,3.38
bookcase,48,15277,12527,2.78
normally,48,1195,2588,4.57
bore,48,5929,4946,3.93
jones,48,1971,0,4.73
teddy,48,10084,10599,3.88
faint,48,3694,4117,3.78
gently,48,2220,2751,4.08
fitness,48,4207,3357,4.39
landing,48,3538,3688,4.4
daylight,48,5270,5997,3.84
pat,48,3881,4539,4.24
chimpanzee,48,10854,12642,2.96
daffodil,48,12017,17105,2.56
freeway,48,23892,6142,3.61
armchair,48,5766,9757,3.21
antelope,48,21778,11524,3.08
lang,48,7395,0,3.85
aids,48,3757,1793,4.25
jordan,48,4419,0,4.51
slavery,48,8927,4574,4.21
paperwork,48,8494,6838,3.84
belly,48,5691,3805,4.1
curd,48,17569,18621,2.92
editing,48,8964,9321,4.27
numb,48,12639,9317,3.53
regulate,48,3890,3384,3.87
botany,48,15909,20491,3.38
stewardess,48,22477,17096,2.62
can't,48,0,0,5.8
typist,48,14970,22849,2.63
fortnight,48,4290,22633,3.41
suspension,48,4354,5034,4.24
ambiguous,48,6442,7071,3.57
seventeen,48,3783,6318,3.87
wh,47,7515,0,3.74
yi,47,45965,0,3.66
emily,47,3613,0,4.14
jean,47,2705,0,4.36
claire,47,5477,0,3.98
huang,47,29272,0,3.39
charlie,47,2858,0,4.43
thriller,47,9961,8642,3.91
marker,47,5007,4811,3.87
workplace,47,5821,4282,4.04
adam,47,2439,0,4.57
presenter,47,7972,15106,3.77
rub,47,3231,2875,3.97
complaint,47,1996,2325,4.32
elementary,47,7127,2511,4.33
championship,47,1874,2326,4.54
roundabout,47,7908,21821,3.33
weave,47,5272,4893,3.53
howl,47,10307,8380,3.18
tunnel,47,2770,3355,4.24
semicircle,47,33785,19191,2.27
catastrophe,47,8422,6648,3.56
nutrient,47,7424,4849,3.51
spokesman,47,2144,2723,3.79
grave,47,3630,3358,4.31
symbolic,47,4516,4160,3.86
mechanic,47,4979,4260,3.79
compact,47,4495,6203,4.06
c2,47,0,0,3.21
d1,47,0,0,3.34
motherland,47,26292,23389,3.05
despair,47,4747,5427,3.82
exhibit,47,3872,3303,4.16
alcoholic,47,7952,7755,3.91
sideways,47,6581,7384,3.54
statesman,47,8718,10075,3.46
salute,47,11386,8974,3.71
systematic,47,4045,5408,3.87
has,47,0,0,6.37
zoom,47,11707,8608,3.83
united,47,873,1460,5.47
5th,46,0,0,4.42
mooncake,46,0,0,1.75
embarrassing,46,5241,5663,4.15
lyric,46,8894,15249,3.63
tommy,46,5145,40514,4.16
sung,46,27101,42328,3.91
washington,46,2563,0,5.08
warrior,46,5376,3607,4.16
bud,46,6466,6961,4.08
dong,46,30108,31080,3.79
travelling,46,5928,28033,4.16
sketch,46,4945,5051,4.04
spaghetti,46,12398,9189,3.65
jewel,46,6409,6074,3.68
psychologist,46,4623,3014,3.8
invisible,46,4744,3811,4.09
alert,46,4966,5318,4.33
conscious,46,2633,3845,4.18
yield,46,3333,2652,4.16
interviewee,46,12716,14615,2.7
mustard,46,8963,6095,3.69
brunch,46,36288,13712,3.46
dine,46,7900,7360,3.49
d2,46,0,0,3.37
buddhism,46,16173,10473,3.63
inspection,46,3194,3588,4.14
adolescence,46,8812,6897,3.36
biochemistry,46,16248,17884,3.36
swap,46,5955,8106,3.94
collision,46,6488,5633,3.95
bucket,46,4494,4812,4.07
ample,46,6351,6289,3.71
personnel,46,2556,2425,4.56
stain,46,5778,6708,3.7
modem,46,9165,5518,3.4
airmail,46,27385,31683,2.5
ripen,46,14908,14750,2.64
indirect,45,4235,6433,4.0
billy,45,3350,0,4.33
men,45,22076,0,5.51
halfway,45,6848,4587,4.06
tibet,45,16142,0,3.52
dissolve,45,4108,4295,3.49
romance,45,5329,4016,4.32
lao,45,30076,0,3.27
hopefully,45,3650,4012,4.56
digg,45,0,0,2.87
scope,45,2487,3107,4.26
oliver,45,3237,0,4.22
safely,45,3916,4266,4.22
trainer,45,3854,4458,4.08
manual,45,4380,4937,4.32
nerve,45,3005,3083,4.19
skim,45,9925,8515,3.17
suite,45,4292,4726,4.18
breed,45,3721,5698,4.08
martial,45,8789,7965,4.06
eruption,45,6705,8662,3.52
convert,45,2245,2895,4.11
emission,45,3483,2915,3.7
holmes,45,6170,0,4.06
carnival,45,15139,11897,3.86
satisfactory,45,3282,8301,3.57
liang,45,0,0,3.13
bump,45,6508,5504,3.98
garment,45,4822,6112,3.59
walnut,45,8979,7840,3.56
subsequent,45,2113,3267,4.39
smoker,45,7138,6646,3.37
dim,45,7081,5733,3.62
exploit,45,3034,4374,3.83
skillful,45,43429,12290,3.13
passer-by,45,0,0,3.17
apron,45,8011,8084,3.36
consensus,45,3897,3317,4.1
sniff,45,5455,5870,3.44
tentative,45,7552,7722,3.45
shabby,45,10226,10996,3.28
greengrocer,45,20056,31343,2.04
jiang,44,29190,0,3.16
creat,44,0,0,2.24
listening,44,7589,7416,4.66
maker,44,3102,2343,4.23
sleeping,44,5963,5824,4.56
biologist,44,9220,5075,3.35
peanut,44,9789,4627,3.9
imaginary,44,6863,6513,3.79
newton,44,4416,0,3.94
victoria,44,2945,0,4.44
walking,44,3981,3634,4.86
hop,44,7840,5647,4.4
firefighter,44,17650,5511,3.37
employer,44,1318,2297,4.22
newly,44,2869,2791,4.42
prayer,44,2644,2098,4.42
cathedral,44,2894,7382,3.99
goodall,44,24172,0,2.78
creation,44,1844,2114,4.56
mere,44,2440,2925,4.13
fragrant,44,12331,9055,3.21
supplies,44,0,0,4.48
unrest,44,6135,8995,3.61
tide,44,3284,4010,4.05
archaeologist,44,8898,6264,3.12
viewpoint,44,5100,6069,3.64
narrative,44,5167,3097,4.39
ellipsis,44,40167,33335,2.43
sake,44,2534,3325,4.4
saving,44,2163,2193,4.59
scheme,44,587,3007,4.57
offshore,44,7349,7765,3.91
stainless,44,11524,8262,3.76
bioengineering,44,0,40648,2.55
widow,44,3500,4691,4.08
statistics,44,2602,2709,4.6
socket,44,5776,8195,3.52
disgusting,44,6544,8938,4.23
analysing,44,0,0,3.22
outspoken,44,11487,8801,3.35
nineteenth,43,2554,5153,3.76
ect,43,0,0,3.13
oversleep,43,0,37882,1.94
memorize,43,21017,8276,3.22
santa,43,5130,0,4.49
j.,43,0,0,5.0
andrew,43,2021,0,4.57
planning,43,1037,2169,4.9
dairy,43,5628,5750,4.09
cardboard,43,8568,7873,3.66
emma,43,4426,0,4.23
disneyland,43,17067,0,3.48
hiking,43,43015,13099,3.87
competitive,43,2363,2307,4.57
vincent,43,6568,0,4.14
corridor,43,2823,3474,3.88
angela,43,5418,0,4.02
breathless,43,8961,10896,3.19
renew,43,4932,5526,3.73
outwards,43,8555,29133,2.99
stroke,43,3619,3108,4.27
amazed,43,5961,6073,3.91
westwards,43,14658,0,2.51
alley,43,6528,4340,3.87
upward,43,7607,6144,3.71
razor,43,8610,7444,3.72
sharpener,43,34869,28736,2.53
merciful,43,19546,17622,3.27
radioactive,43,6732,7890,3.72
abortion,43,4341,1969,4.24
oval,43,9791,6604,3.98
labor,43,17075,1123,4.77
thermos,43,24637,17096,2.65
relaxing,42,9812,12044,3.9
yes.,42,0,0,5.5
fluid,42,3676,3779,4.22
paula,42,5504,0,3.75
victor,42,6131,11139,4.18
jessica,42,7454,0,4.17
swum,42,0,0,2.43
programmer,42,8223,8400,3.56
hao,42,0,41623,2.93
sullivan,42,10215,0,3.93
norman,42,3053,13785,4.14
chaplin,42,12680,0,3.23
sandra,42,7304,0,3.8
georgia,42,6718,0,4.46
briefly,42,2529,3002,4.22
moscow,42,2724,0,4.42
becky,42,10951,0,3.63
eiffel,42,22797,0,3.23
tiring,42,11296,16053,3.37
palm,42,3703,2991,4.23
fleet,42,3417,4446,4.33
definite,42,4082,6780,3.78
bungalow,42,6535,10710,3.34
lord,42,622,31607,5.1
glow,42,6174,5092,3.91
stout,42,9786,13326,3.45
frightening,42,5558,5540,3.67
cial,42,0,0,1.69
acupuncture,42,17248,15282,3.04
unfamiliar,42,6518,5911,3.62
algebra,42,16477,12790,3.77
selection,42,1511,2133,4.62
closing,42,6341,5803,4.46
latest,42,0,0,4.92
unfit,42,9543,13433,3.52
della,42,24528,0,3.42
sore,42,6510,6349,3.99
restrictive,42,6224,8527,3.54
admiration,42,5612,6964,3.59
confusion,42,2692,3335,4.19
rhetorical,42,10258,7493,3.38
bacteria,42,0,3611,4.19
marine,42,3580,4916,4.53
increasingly,42,1453,1585,4.38
scroll,42,12405,10484,3.86
infect,42,6144,5200,3.36
chairwoman,42,26627,15732,2.89
verbal,42,4311,4037,3.91
precisely,42,2424,2579,4.2
tasteless,42,18938,17733,3.03
guid,42,0,0,2.26
ice-cream,42,0,0,4.47
trolleybus,42,0,0,2.06
seagull,42,15932,18503,3.02
oilfield,42,26075,0,2.74
rewind,42,26999,20177,3.24
bureaucratic,42,6084,6447,3.4
fingernail,42,12348,7769,2.73
id,41,8858,0,4.61
19th,41,0,0,3.89
restroom,41,0,11694,3.39
rung,41,18593,13893,3.2
shouting,41,19045,19210,3.97
pierce,41,8742,6839,3.93
elbow,41,4155,3512,3.84
tara,41,13307,0,3.66
peel,41,6496,3920,3.8
su,41,27413,0,3.92
crossword,41,12263,15483,3.14
un,41,2071,0,4.62
playing,41,8954,8296,5.37
gathering,41,4936,3999,4.25
ann,41,3583,0,4.35
strongly,41,1965,2383,4.47
hans,41,7904,0,3.82
mammal,41,5214,6146,3.31
schoolboy,41,7028,16443,3.21
louvre,41,17338,0,3.14
adventures,41,0,0,4.15
thompson,41,4612,0,4.28
indoor,41,6165,6107,4.09
jo,41,6715,0,4.03
chicago,41,5411,0,4.83
arthur,41,2767,0,4.41
climber,41,6271,8618,3.17
cucumber,41,12343,8294,3.41
exhaust,41,4940,4734,3.81
assure,41,2640,2571,4.06
rainstorm,41,20897,17419,2.62
judgment,41,2317,1900,4.28
recovery,41,2256,2443,4.58
defense,41,16875,657,4.93
tender,41,4672,4225,4.09
gymnasium,41,15478,13057,3.19
emphasize,41,3599,1975,3.69
organised,41,6521,44279,4.08
stricken,41,11349,10955,3.52
formula,41,2600,3340,4.45
distract,41,5958,4498,3.71
cue,41,6463,4874,3.75
ernest,41,7096,0,3.72
respective,41,5015,5883,4.19
pint,41,3977,0,3.66
gaze,41,3258,3327,3.7
conquer,41,7582,6737,3.77
catholic,41,2595,1757,4.55
separation,41,3669,3704,4.13
unconditional,41,10278,11570,3.49
had,41,0,0,6.33
furnished,41,14915,18244,3.65
brewery,41,5781,15159,3.66
videophone,41,47402,27086,1.57
4a,40,0,0,3.28
kg,40,9254,0,4.08
ow,40,18217,0,3.64
erent,40,0,0,1.27
saint,40,7596,4582,4.41
activate,40,4543,6113,3.76
tibetan,40,16253,11874,3.51
snowman,40,24155,18086,3.16
galaxy,40,5864,3016,4.28
misunderstanding,40,6869,8104,3.7
gratitude,40,6369,7058,3.92
d3,40,0,0,3.15
terracotta,40,15959,0,2.83
man-made,40,0,0,5.57
leonardo,40,16171,0,3.68
geographical,40,4234,6716,3.85
turtle,40,10121,6490,3.91
ribbon,40,5617,4838,3.81
optimism,40,6494,5401,3.66
sensible,40,2809,6126,3.98
spoil,40,4282,6411,3.81
equivalent,40,3051,4330,4.5
impatient,40,7043,7451,3.55
sportsmanship,40,33271,18660,3.01
paraphrase,40,16215,12845,3.07
graceful,40,9715,7236,3.39
genre,40,6747,4496,4.17
fate,40,3179,2919,4.36
simile,40,21125,19562,2.41
beloved,40,7142,4947,4.17
inquire,40,8760,6687,3.38
sustainable,40,7345,4895,4.19
proportion,40,1247,3063,4.11
undergo,40,3059,3141,3.81
drone,40,16178,11442,4.0
footstep,40,5733,6017,2.26
disorder,40,3061,2368,4.31
organism,40,3911,4375,3.59
immune,40,5649,4200,4.14
cheers,40,10460,14296,4.13
barbershop,40,0,16205,2.99
headmistress,40,12713,27070,2.68
shaver,40,34831,25551,2.79
xie,39,0,0,2.86
scrooge,39,34821,30040,2.96
miracle,39,4110,3279,4.13
helper,39,6980,8933,3.41
economics,39,2785,3186,4.42
swan,39,6666,11579,3.84
goodness,39,4367,5155,4.13
surely,39,1516,2410,4.55
farewell,39,6967,8121,3.89
chinatown,39,34181,0,3.32
frame,39,2161,1833,4.58
enrich,39,8880,6879,3.3
grassland,39,10622,11859,3.04
elevator,39,12407,3871,3.95
accordingly,39,3199,5589,4.02
sichuan,39,0,27225,3.02
naturally,39,2088,2795,4.48
isaac,39,8205,0,3.93
sunglasses,39,0,7032,3.72
sharing,39,11601,10728,4.66
magnificent,39,3533,5493,4.04
trace,39,2868,3020,4.19
previously,39,1380,2313,4.83
agony,39,5575,7577,3.6
encyclopaedia,39,14900,29705,2.81
franc,39,7261,0,3.11
pitch,39,2652,3157,4.43
adorable,39,24935,12799,4.06
fake,39,9663,5098,4.65
individually,39,5264,6085,3.9
corporate,39,1983,1579,4.64
intervention,39,2405,1926,4.26
venue,39,4010,5389,4.25
domain,39,3345,3627,4.31
ultimate,39,3002,2601,4.53
liberate,39,8543,7492,3.24
bridget,39,9234,0,3.43
you?,39,0,0,6.98
taxpayer,39,4636,3122,3.86
salesgirl,39,0,29991,1.7
mm,38,266,15832,4.65
le,38,4157,0,4.5
exclamation,38,12396,13840,3.09
hangzhou,38,0,0,2.85
obligation,38,2182,2988,4.07
couch,38,8083,3375,4.17
pandas,38,0,0,3.14
stripe,38,7060,6292,3.51
yan,38,41176,0,3.53
soda,38,9939,5125,4.04
wonderland,38,19866,20202,3.52
bruce,38,4025,0,4.34
interpersonal,38,12987,7026,3.37
keeper,38,4146,7388,4.02
shenzhou,38,0,0,1.79
thumb,38,4504,3748,4.01
oceania,38,42429,0,2.99
heal,38,6363,4371,4.12
camping,38,11584,7432,4.0
ah,38,1012,3256,4.63
flavor,38,0,3118,4.04
physically,38,3486,3243,4.3
chris,38,2026,0,4.81
hostel,38,6011,16015,3.43
survivor,38,5258,3011,4.0
venus,38,9009,0,3.81
skilled,38,3807,4903,4.13
v-,38,0,0,5.06
descriptive,38,7286,6920,3.54
unlikely,38,1636,2687,4.31
migration,38,4640,4509,4.14
misfortune,38,8481,10322,3.38
layout,38,4564,7478,4.08
afterward,38,33038,4195,3.83
foster,38,5618,4359,4.33
customs,38,0,0,4.19
i'm,38,0,0,6.15
cubic,38,10327,7772,3.71
airspace,38,23446,16254,3.28
3d,37,0,0,4.46
4c,37,0,0,2.92
3rd,37,0,0,4.65
7th,37,0,0,4.27
curly,37,10308,9234,3.6
clara,37,9340,0,3.8
burning,37,4690,4041,4.5
unlucky,37,8531,13668,3.63
riding,37,10126,11260,4.49
julia,37,4430,0,4.12
blender,37,24963,8894,3.43
pron,37,0,0,2.23
measurement,37,2667,3227,4.05
cock,37,7962,8484,4.23
vancouver,37,12635,0,4.16
bingo,37,12087,15245,3.71
tightly,37,3946,4107,3.76
diving,37,14825,12514,4.02
explosion,37,3285,3023,4.22
hawaii,37,12375,0,4.21
landmark,37,7019,4715,3.89
louis,37,3432,0,4.82
loving,37,6024,5168,4.47
pirate,37,7758,7206,3.96
spicy,37,15166,7735,3.8
depressed,37,4268,4499,4.14
caf,37,0,0,2.92
vapour,37,7949,0,3.02
scenic,37,12394,8163,3.67
lawn,37,4589,2951,3.98
nickname,37,8467,6090,3.91
necessarily,37,1642,1957,4.48
landslide,37,15171,11290,3.47
rewarding,37,8516,9319,3.74
rio,37,8129,0,4.35
immense,37,4545,5645,3.88
myth,37,3413,3076,4.08
murderer,37,5115,5423,3.82
acceptable,37,2388,3415,4.27
coral,37,5793,6040,3.86
synonym,37,10840,16906,3.13
benny,37,8331,0,3.6
transition,37,2912,2212,4.46
specially,37,3487,7946,4.01
humor,37,49143,3057,4.19
portion,37,4270,2178,4.53
dedicate,37,4671,3799,3.51
glimpse,37,5348,4555,3.81
glorious,37,5276,6191,4.08
hard-working,37,0,0,5.19
sunburnt,37,34021,32133,2.36
bishop,37,2221,3437,4.38
ne,36,18193,0,4.05
xi,36,10505,0,4.12
goddess,36,7275,6636,4.01
picasso,36,6799,0,3.46
rowling,36,0,0,3.25
uneasy,36,5589,6528,3.45
todd,36,10393,0,4.09
napkin,36,12892,7155,3.16
mayor,36,3215,2486,4.62
rick,36,9258,0,4.32
cheng,36,30317,0,3.37
ted,36,5340,0,4.26
mexican,36,7301,2248,4.41
traditionally,36,3451,3705,4.06
chimney,36,5724,8321,3.55
printer,36,3066,5875,3.93
hockey,36,8164,4349,4.42
meantime,36,4457,4813,4.04
stock,36,1082,740,4.93
whip,36,6065,4254,4.01
nonsense,36,4088,5969,4.21
misunderstood,36,35053,23926,3.61
volcanic,36,7308,8540,3.71
disgust,36,7868,7464,3.61
viewer,36,4851,2478,3.77
plough,36,6912,28832,3.09
concentration,36,1564,2752,4.27
overcame,36,0,0,3.26
argumentative,36,19744,22199,2.89
chunk,36,6981,4502,3.64
discourse,36,2919,3253,3.83
strain,36,2749,3659,4.15
consultation,36,2792,5710,4.02
russell,36,3427,0,4.33
margin,36,2962,3308,4.27
wi-fi,36,0,0,3.87
skilful,36,8429,41260,2.91
offend,36,5542,5207,3.57
commerce,36,4189,4647,4.37
known,36,3525,4353,5.39
woollen,36,8656,41582,2.74
transmit,35,4532,4836,3.67
2nd,35,0,0,4.74
boarding,35,8530,8271,3.96
swiss,35,41007,5727,4.21
girlfriend,35,4601,3115,4.68
reusable,35,32991,18083,3.21
luke,35,2412,0,4.45
swimmer,35,11709,8151,3.49
wheelchair,35,6598,4598,3.86
hood,35,7836,5182,4.21
fighting,35,3401,3257,4.92
cart,35,5076,4053,3.98
hobbie,35,0,0,1.97
packaging,35,5712,7654,3.96
samuel,35,4810,0,4.19
thinker,35,8906,6405,3.39
superman,35,22870,20120,4.02
done,35,40631,0,5.58
michelangelo,35,19911,0,3.16
tuition,35,8818,5817,3.97
cliff,35,3551,4312,4.1
sur,35,21554,0,3.7
brazilian,35,9161,6393,4.23
peasant,35,2564,4680,3.62
creep,35,4156,5099,3.84
scent,35,5433,4460,3.82
investigation,35,1401,1175,4.75
sherlock,35,15217,42365,3.73
workout,35,20061,4403,4.02
harsh,35,3931,3471,4.14
penalty,35,2298,2680,4.45
pave,35,8451,7086,3.21
seller,35,3158,4908,4.01
collocation,35,18129,45349,2.02
applause,35,7743,5599,3.83
lecturer,35,4493,10335,3.72
faithful,35,5544,5013,4.1
broaden,35,6900,6614,3.3
exclaim,35,5494,6297,2.82
outbreak,35,5060,5343,3.99
sonnet,35,13178,14999,2.96
cholera,35,10760,13909,3.29
arouse,35,4546,7151,2.9
fright,35,10016,12606,3.3
sophie,35,4901,0,3.91
monarch,35,5743,8640,3.69
deceive,35,6916,8388,3.38
para.,35,0,0,3.85
vcd,35,0,0,2.13
lett,34,36939,0,2.44
ling,34,16771,30960,3.51
gerund,34,0,0,2.03
progressive,34,4009,4228,4.34
alfred,34,5116,0,3.99
wwf,34,9400,0,3.15
taj,34,24097,0,3.3
relativity,34,12846,11500,3.34
milky,34,12053,7173,3.5
prefix,34,16214,23652,3.23
taylor,34,2358,0,4.65
patrick,34,2713,0,4.37
naughty,34,7181,12639,3.83
hardworking,34,18992,0,3.29
1940s,34,0,0,2.39
pumpkin,34,17329,6149,3.83
factual,34,6575,8973,3.61
animation,34,10255,7572,4.18
trail,34,4331,1646,4.45
bull,34,5006,4207,4.34
herd,34,5760,5174,3.77
mama,34,8320,6423,4.24
countless,34,7613,5052,3.96
destructive,34,6370,5818,3.89
cloning,34,27644,9372,3.23
transplant,34,8061,5386,3.76
disappointment,34,3927,4566,4.01
shiny,34,6457,5128,3.88
exception,34,2045,2401,4.35
cormorant,34,22790,21178,2.34
communicating,34,19140,21094,3.77
snowstorm,34,23065,13456,2.89
moonlight,34,9043,7941,3.61
therapy,34,3442,2142,4.52
reflecting,34,44846,0,3.93
adventurer,34,8266,13381,3.18
symbolise,34,11633,0,2.49
breathtaking,34,11459,10110,3.6
fulfil,34,2965,5849,3.55
diagnose,34,5714,3832,3.41
undo,34,6417,6632,3.57
convincing,34,4925,6135,3.97
weaken,34,4459,4486,3.49
flourish,34,5548,6209,3.53
ally,34,3121,2408,4.1
reflective,34,11153,6862,3.58
telegraph,34,4974,26182,4.0
friends,34,0,0,5.43
publisher,33,2711,3072,4.13
carmen,33,15419,0,3.63
fed,33,0,10028,4.51
u.k.,33,0,0,3.71
blond,33,9014,4817,3.55
jackie,33,6250,0,3.97
johnson,33,2614,0,4.72
guidebook,33,12943,11804,2.95
goldilocks,33,0,0,2.62
brightly,33,6576,6950,3.44
homer,33,16464,20758,3.89
manned,33,19374,14198,3.47
incorrect,33,7053,7280,3.94
crow,33,9901,8402,3.8
index,33,1793,2621,4.57
chin,33,4221,3947,4.0
inspiring,33,14229,10256,4.04
jealous,33,5696,6322,4.24
fiber,33,0,2594,4.06
solving,33,12658,9414,3.99
horn,33,4090,3653,4.14
moderate,33,4567,3264,4.27
gorilla,33,14619,9367,3.62
outlook,33,5039,5863,4.07
reunion,33,7826,6067,3.93
interpretation,33,1744,2380,4.22
uncover,33,5584,4432,3.48
participation,33,2915,2214,4.33
cherish,33,11106,8660,3.52
neglect,33,4477,5063,3.79
manufacture,33,4506,5134,3.98
likewise,33,5011,4530,4.04
flock,33,5337,6596,3.69
dependent,33,2356,3201,4.28
irish,33,1592,2930,4.54
schoolgirl,33,10220,15913,3.1
awoke,33,0,0,3.15
faithfully,33,9807,12244,3.27
revenge,33,5307,5280,4.28
frown,33,3759,4784,3.26
incredibly,33,6362,4271,4.38
largely,33,1323,1679,4.61
vessel,33,2780,2940,4.27
tremendous,33,3501,2768,4.07
productive,33,4557,3966,4.22
deliberate,33,4700,6343,3.82
obstacle,33,4525,3569,3.72
dreamer,33,15695,11747,3.28
persist,33,3785,4351,3.53
bedding,33,9522,11136,3.4
aluminium,33,5580,32731,3.73
it's,33,0,0,6.33
18th,32,0,0,3.89
eleventh,32,7132,13428,3.48
sixteenth,32,5786,10249,3.38
wisely,32,9601,9108,3.62
inference,32,6696,9554,3.25
k.,32,0,0,4.91
titanic,32,23504,18286,3.59
disbelief,32,7158,7408,3.43
spe,32,0,0,2.76
hemingway,32,22057,0,3.3
vince,32,16932,0,3.9
cowboy,32,8757,5048,3.85
mate,32,3060,4061,4.55
cycling,32,8966,8200,4.1
burns,32,7179,0,4.24
axe,32,7056,11388,3.79
playwright,32,11985,7605,3.39
liwei,32,0,0,1.19
blessing,32,5552,4673,4.06
pierre,32,6657,0,3.95
elizabeth,32,2383,0,4.47
aboriginal,32,16658,10042,3.78
jin,32,47781,0,3.98
comparing,32,0,0,4.13
du,32,5075,0,4.21
aeroplane,32,6392,30278,3.18
backyard,32,14656,4387,3.87
boston,32,6483,0,4.67
creating,32,46270,0,4.69
thoughtful,32,7655,5674,3.83
prevention,32,4423,3960,4.28
splash,32,6624,6696,3.85
displace,32,6936,6789,2.97
glacier,32,10592,7875,3.58
invade,32,5557,4510,3.61
madame,32,5484,7424,3.8
homecoming,32,21898,11144,3.54
westward,32,15024,12556,3.35
anonymous,32,4958,4318,4.17
annoyed,32,7009,8654,3.95
birdwatching,32,0,0,2.37
omit,32,4351,5550,3.07
roderick,32,16195,0,3.0
words,32,0,0,5.25
exceed,32,2718,3281,3.92
impressionist,32,16769,16841,2.85
stressful,32,11188,7158,3.88
diverge,32,12262,13852,2.83
grief,32,4332,4092,4.08
significantly,32,2145,1804,4.54
coherent,32,5289,7004,3.63
climax,32,6990,10683,3.6
cultivate,32,6415,5574,3.42
employment,32,933,2534,4.56
pulitzer,32,40450,12989,3.35
tolkien,32,13541,0,3.18
genetic,32,3898,2721,4.34
journalism,32,7754,4524,4.12
integrating,32,43774,34395,3.52
went,32,0,0,5.5
mommy,32,47154,9690,3.89
women,32,39963,0,5.57
let's,32,0,0,5.16
1e,31,0,0,2.62
16th,31,0,0,3.89
21st,31,0,0,2.69
caring,31,6938,9373,4.2
accidental,31,6917,7485,3.82
xiang,31,0,0,2.79
entrie,31,0,0,1.12
hui,31,49747,0,3.21
nally,31,0,0,1.96
ouch,31,22197,15065,3.56
ame,31,0,0,2.97
dora,31,13247,0,3.41
cherry,31,7088,5582,4.18
underneath,31,5554,5730,4.08
dispute,31,2066,2705,4.27
crawl,31,5004,3836,3.77
migrate,31,7939,6504,3.43
lain,31,0,0,2.87
hollow,31,7023,7413,3.95
planting,31,6547,7447,3.81
torch,31,5151,7182,3.74
mozart,31,5188,0,3.42
athens,31,5486,0,3.92
renewable,31,12843,7302,3.91
congress,31,1695,638,4.9
tokyo,31,5474,0,4.27
dump,31,4144,3636,4.08
telegram,31,9971,12224,3.55
beggar,31,9846,11674,3.17
hunting,31,3847,2772,4.42
awe,31,8655,7103,3.8
surname,31,9483,15663,3.5
relaxation,31,4754,8062,3.71
comrade,31,6545,7425,3.55
impressed,31,4077,15881,4.34
autobiography,31,8624,7011,3.63
illustration,31,3384,4475,3.92
amusing,31,6350,9042,3.76
gary,31,3160,0,4.39
doyle,31,6298,0,3.74
assemble,31,3928,3557,3.64
plateau,31,8761,8339,3.61
dispose,31,4101,6900,3.53
flexibility,31,3596,4323,4.02
det.,31,0,0,3.38
earnest,31,9569,7000,3.66
jewelry,31,0,4187,4.12
chop,31,5669,3964,3.77
waterway,31,10080,9511,3.18
originate,31,4384,5287,3.37
furnish,31,5253,7335,3.14
unfold,31,7574,4541,3.45
ignorance,31,5259,5789,4.04
frozen,31,5248,3778,4.32
doorway,31,3727,3866,3.51
collective,31,3132,3342,4.3
pigeon,31,6052,7986,3.61
inherit,31,3786,4471,3.52
defect,31,4403,5946,3.68
mindset,31,42826,0,3.86
venture,31,2888,3294,4.26
considerable,31,1042,2855,4.25
establishment,31,1903,2890,4.42
longer,31,2521,0,5.16
millimeter,31,0,12635,3.13
1st,30,0,0,4.83
15th,30,0,0,3.89
carla,30,10914,0,3.44
graham,30,2127,0,4.3
culty,30,0,0,1.85
yun,30,0,0,3.35
hallway,30,9137,3559,3.72
comfortably,30,5959,6887,3.74
exercising,30,44912,41147,3.73
greg,30,6758,0,4.23
sitcom,30,25705,7632,3.55
ha,30,2731,4798,4.58
saw,30,6947,7433,5.34
yao,30,0,0,3.15
wicked,30,5319,7732,3.99
catching,30,33848,29820,4.2
knowledgeable,30,11086,7342,3.53
snap,30,2843,2597,4.21
enjoyment,30,5551,7629,3.81
desktop,30,4451,6830,3.93
hoop,30,11838,7962,3.41
adams,30,5767,0,4.25
maori,30,41375,0,3.24
rap,30,10521,5303,4.12
instantly,30,4123,4170,4.23
importantly,30,4703,4858,4.09
xun,30,0,0,2.28
bungee,30,39715,20455,2.84
isbn,30,29415,0,3.11
privacy,30,5243,3060,4.36
submarine,30,6579,6881,3.81
dorm,30,35169,8314,3.58
boast,30,4996,4534,3.51
instructor,30,6056,3211,4.02
chamber,30,2381,2667,4.47
coastal,30,4584,4039,4.19
geographer,30,13309,12741,2.56
drift,30,3522,3599,3.82
dramatically,30,4280,3364,3.95
sway,30,7824,5924,3.65
creatively,30,19385,12923,3.1
mansion,30,6435,4761,4.02
phrasal,30,0,0,2.03
revolve,30,8409,7394,3.24
install,30,2603,2505,4.14
terribly,30,4731,4872,3.91
kidnap,30,8885,6993,3.48
peru,30,6771,0,3.89
invaluable,30,6383,10081,3.54
delightful,30,5310,8762,3.77
await,30,3388,3669,3.63
criticism,30,1587,2093,4.49
echo,30,3517,3424,4.04
germ,30,11643,9241,3.2
lexical,30,5519,22234,2.98
reverse,30,3175,3497,4.37
sincere,30,8424,6875,3.84
eternal,30,6025,5626,4.11
epic,30,11865,8602,4.35
manuscript,30,4595,5114,3.92
interfere,30,3769,4424,3.88
trademark,30,14559,6787,3.89
12th,29,0,0,3.89
17th,29,0,0,3.89
erhu,29,0,0,1.5
snowball,29,19913,13612,3.18
coaster,29,23288,9679,3.69
meaningless,29,6897,7995,3.7
trader,29,3829,5021,3.77
magician,29,11765,9416,3.53
alexis,29,17065,0,3.74
mahal,29,25991,0,3.2
icy,29,7174,6454,3.54
dove,29,9864,7715,3.67
strive,29,5540,5062,3.72
twinkle,29,12893,12769,3.17
farthest,29,34259,0,3.06
solo,29,5175,5164,4.61
nile,29,12029,0,3.64
austria,29,4806,0,4.07
troy,29,12852,0,3.95
australians,29,0,0,3.63
imperial,29,3131,5035,4.21
westerner,29,15728,23903,2.56
arabic,29,12421,9158,4.03
repay,29,5271,7971,3.66
enclose,29,4313,8459,2.77
devil,29,3542,4907,4.3
loneliness,29,7735,7051,3.65
dumb,29,6703,4659,4.54
calculator,29,8848,11525,3.56
width,29,4696,6752,4.02
conditioner,29,12965,8763,3.39
iceberg,29,11370,9987,3.35
sophia,29,10867,0,3.7
flute,29,8923,8833,3.52
concise,29,11311,15935,3.46
sponge,29,7966,9290,3.59
gear,29,3392,2607,4.46
wreck,29,6918,7201,3.96
respectively,29,2622,3726,4.45
crusoe,29,26708,0,2.76
endure,29,5274,3650,3.82
moth,29,8996,8580,3.5
descend,29,3971,4006,3.51
upright,29,6573,7488,3.74
inhabitant,29,4166,5914,2.76
secondly,29,2787,6891,3.85
doris,29,12019,0,3.58
adventurous,29,8490,10890,3.48
hugo,29,9005,0,3.76
gulliver,29,22242,0,2.72
tanzania,29,10871,0,3.57
quebec,29,13050,0,3.97
password,29,10802,10041,4.06
sarek,29,0,0,1.93
non-restrictive,29,0,0,3.53
leading,29,1551,2188,5.0
eliminate,29,3110,1838,4.15
qualified,29,4333,5981,4.46
miserable,29,5017,5769,4.07
poetic,29,7114,6703,3.69
burnt,29,11915,11973,4.03
gramme,29,24305,0,1.64
alter,29,2121,2889,4.05
cunningham,29,9255,0,3.54
accustom,29,14055,7584,2.06
winton,29,0,0,2.81
detox,29,0,22010,3.29
subtle,29,3792,3435,4.08
exclude,29,1940,3470,3.78
café,29,0,0,3.75
moslem,29,9364,18804,2.56
publication,28,1656,2459,4.45
burger,28,12186,7267,4.07
1d,28,0,0,3.09
meng,28,0,0,3.14
ere,28,21799,29299,3.14
inexpensive,28,11852,5823,3.57
kathy,28,16239,0,3.67
ali,28,4878,0,4.31
nelly,28,28752,0,3.16
donkey,28,7036,9477,3.62
harbin,28,0,0,2.62
chengdu,28,0,0,2.89
eyes,28,0,0,5.21
fireman,28,6662,9069,3.2
softly,28,3081,4040,3.77
pedal,28,9029,7777,3.64
xiao,28,0,0,3.3
parliament,28,994,5169,4.74
diligent,28,18419,14139,3.23
seattle,28,16501,0,4.39
cabin,28,4831,3152,4.13
hip,28,3684,2603,4.46
cricket,28,2496,8382,4.39
dutch,28,3191,4059,4.41
generosity,28,7604,7952,3.62
heroine,28,8840,8342,3.53
sensory,28,8022,8489,3.68
beginner,28,7066,8837,3.52
gang,28,3549,2614,4.5
spice,28,7749,5640,3.94
pence,28,4834,0,3.66
mice,28,0,0,4.09
rebel,28,3456,3776,4.08
limb,28,3978,3643,3.7
leopard,28,12209,11916,3.59
penicillin,28,16486,17121,3.04
extensive,28,2184,2845,4.49
reminder,28,4679,4390,4.12
montreal,28,10637,0,4.07
whereas,28,1524,2731,4.41
erosion,28,4884,5930,3.64
pompeii,28,27343,0,3.0
naked,28,3507,3185,4.43
christ,28,1946,0,4.79
pastime,28,11164,11138,3.1
subordinate,28,6201,9779,3.45
gum,28,7896,5971,3.94
sub,28,9196,10767,4.66
adulthood,28,11718,7780,3.6
hansel,28,41350,0,2.7
ivory,28,6491,6654,3.85
freshman,28,26553,3699,3.98
registration,28,3135,5378,4.32
adviser,28,2553,2720,3.94
businesswoman,28,23054,19286,2.95
hostile,28,4148,4163,4.07
memorise,28,18986,0,2.44
ongoing,28,7144,2970,4.32
probe,28,4897,5178,3.99
upload,28,0,16624,3.99
podcast,28,0,22551,4.15
repeatedly,28,4718,3245,4.21
miao,28,0,0,2.54
utter,28,6129,6873,3.85
persevere,28,13755,13798,2.96
competent,28,4995,5797,3.92
frustration,28,3925,3240,3.97
efficiency,28,2306,3047,4.38
depict,28,4373,3205,3.41
profound,28,4372,3735,3.94
appositive,28,0,0,1.59
emojis,28,0,0,2.96
retreat,28,5347,4787,4.13
verb-,28,0,0,3.72
lots,28,2017,1548,4.88
following,28,748,1471,5.46
4th,27,0,0,4.55
jake,27,8350,0,4.17
norway,27,4382,0,4.15
trait,27,6541,3737,3.69
conditional,27,8076,13947,3.59
walt,27,19505,0,3.9
wilson,27,2228,0,4.53
ottawa,27,21083,0,3.98
psychological,27,2836,2361,4.27
wagon,27,6118,4194,3.9
microphone,27,5672,5577,3.72
icon,27,6668,4354,4.16
deck,27,3922,2788,4.41
nightingale,27,16174,23363,3.29
rider,27,3987,3824,4.02
helpless,27,6506,6550,3.69
technician,27,6423,4831,3.7
communicative,27,9267,15428,2.94
crisp,27,7199,6194,3.7
kilogramme,27,36745,0,1.66
guided,27,9636,8550,4.06
cashier,27,15610,11211,3.57
orphan,27,9767,7521,3.58
cozy,27,43923,7168,3.64
nap,27,15002,7438,3.82
vacuum,27,5526,4930,4.09
wit,27,5013,5755,3.96
sting,27,8803,8139,3.8
observatory,27,13051,7738,3.71
yoga,27,17090,7878,4.2
safari,27,14430,13813,3.63
coastline,27,8732,10228,3.51
canoe,27,9132,6612,3.5
fertilizer,27,10566,6367,3.42
bun,27,8944,8967,3.56
gong,27,20015,18186,3.45
qu,27,46820,0,3.28
loyalty,27,3559,4077,4.17
worthless,27,9506,8848,3.82
woolen,27,0,16629,2.7
yz,27,0,0,2.15
columbia,27,10009,0,4.4
versus,27,5680,3160,4.32
radar,27,7112,4780,4.2
promotion,27,2334,3786,4.41
boating,27,21636,15104,3.33
famine,27,6925,8193,3.61
waterproof,27,9938,12010,3.55
disguise,27,5545,7364,3.72
tribe,27,4602,2948,4.12
challenger,27,9110,8781,3.74
particle,27,3155,3683,3.9
jules,27,12806,0,3.65
audio,27,8088,5975,4.47
endanger,27,8498,7141,3.23
biological,27,3586,2564,4.31
renaissance,27,5428,11032,3.87
appealing,27,8421,7033,3.95
crush,27,4964,4311,4.17
economical,27,8485,11250,3.59
dominant,27,2719,3174,4.23
asimov,27,0,0,2.62
founder,27,4206,2800,4.46
combat,27,5622,3412,4.56
thereby,27,2910,3891,4.03
loanword,27,0,0,1.62
hesitation,27,6885,8082,3.55
reduction,27,1554,2270,4.39
excellence,27,6989,5804,4.07
puzzled,27,5694,7319,3.28
liter,27,0,11406,3.46
appropriately,27,6089,6470,3.74
roughly,27,3181,2657,4.36
neutral,27,4121,4223,4.24
reluctant,27,3511,3900,3.81
remains,27,4358,5315,4.8
carson,27,9346,0,3.91
resume,27,3836,3780,4.12
ignorant,27,6928,7357,4.05
tolerant,27,9488,9167,3.58
genome,27,17807,7379,3.7
lon,27,46969,0,3.15
aea,27,9428,0,2.3
skeptical,27,0,4963,3.68
well-known,27,0,0,5.3
uh,26,13184,4478,4.26
scoop,26,8794,6624,3.69
earring,26,10449,6973,3.08
policemen,26,0,0,3.54
katie,26,9259,0,3.96
carl,26,5417,0,4.24
cereal,26,6012,6122,3.74
hidden,26,4719,3996,4.53
edmonton,26,23993,0,3.64
falling,26,11091,11099,4.66
chill,26,6652,4618,4.18
bulletin,26,5751,6424,3.79
chan,26,17670,0,4.0
1980s,26,0,0,2.72
freely,26,4080,4792,4.07
salesperson,26,17896,17417,2.84
coubertin,26,0,0,1.67
ly,26,49592,0,3.37
chick,26,8245,7269,4.08
bund,26,39231,32488,2.75
jogging,26,19735,14933,3.38
cape,26,6613,8474,4.3
helpline,26,13095,38311,2.91
cruise,26,6098,4681,4.22
curry,26,10262,8658,3.96
disappointing,26,5615,7229,4.02
racing,26,7844,10760,4.5
rebecca,26,7378,0,3.96
crystal,26,3419,3574,4.4
basically,26,2647,1691,4.63
occasionally,26,2205,2485,4.39
ballpoint,26,26210,24069,2.53
num,26,17522,0,3.1
monologue,26,15123,10344,3.27
scatter,26,4116,3754,3.39
involved,26,1031,1174,5.1
tornado,26,16319,6951,3.82
biodiversity,26,29524,7767,3.47
milestone,26,11721,9040,3.71
independently,26,4568,5654,4.06
offense,26,42743,2828,4.26
auld,26,24000,0,2.94
expo,26,17325,21880,3.64
brass,26,4119,4968,4.05
joyce,26,4856,0,3.86
chong,26,0,0,3.15
breathing,26,5573,4508,4.28
maggie,26,2921,0,3.8
herbal,26,15287,9052,3.36
dun,26,12990,24668,3.33
orbis,26,0,0,2.42
smelly,26,11848,14701,3.29
heap,26,5596,7087,3.59
embarrassment,26,4482,5794,3.77
iliad,26,36191,0,2.91
mechanical,26,3521,3729,4.33
astonished,26,7595,11076,3.27
trench,26,5674,6459,3.7
bullet,26,4735,2739,4.24
commander,26,3134,2355,4.51
entrepreneur,26,6601,4279,3.99
blend,26,5972,3914,3.95
prominent,26,3221,2897,4.33
rational,26,3243,4481,4.06
fragment,26,3352,4744,3.55
specialize,26,8772,4111,3.28
fertile,26,7675,7458,3.62
leaves,26,0,0,4.79
overview,26,6253,6971,4.11
explosive,26,6878,5387,3.97
catalog,26,49824,4443,3.91
including,26,416,393,5.52
spokeswoman,26,8340,6255,3.12
was,26,41040,0,6.82
ambassadress,26,0,0,1.42
you're,26,0,0,5.87
reproduce,25,4151,4987,3.63
6th,25,0,0,4.3
thirteenth,25,7756,13966,3.36
eighteenth,25,3564,8127,3.48
fifteenth,25,7182,13042,3.3
marcus,25,5472,0,4.09
moving,25,6868,6132,5.02
cheaply,25,8583,13400,3.28
kelly,25,3464,0,4.44
refusal,25,3562,5933,3.83
barry,25,3707,0,4.26
lettuce,25,10348,6589,3.56
philippines,25,7390,0,4.29
storybook,25,39665,16265,2.79
romans,25,0,0,3.92
ian,25,1773,0,4.32
balanced,25,5345,4888,4.18
sticky,25,6040,6495,3.8
conditioning,25,8000,6309,3.89
m.,25,0,0,5.39
implement,25,2149,2285,4.2
comma,25,10368,18884,3.27
vienna,25,4830,0,3.98
curl,25,5141,5151,3.52
christopher,25,3235,0,4.22
won,25,0,0,5.2
prompt,25,3217,3114,3.86
spacesuit,25,0,21447,2.32
gps,25,0,0,4.03
certainty,25,4284,5560,3.82
calling,25,11314,9002,4.96
melbourne,25,10318,0,4.36
parachute,25,8089,9674,3.51
shampoo,25,10466,10085,3.58
concession,25,3835,5001,3.57
fighter,25,4002,3028,4.32
terrific,25,7051,4237,3.9
carbohydrate,25,9278,3831,3.17
overtake,25,5931,8889,3.3
sheer,25,3368,4198,4.01
calculation,25,3209,4642,3.76
tricky,25,6898,6391,3.96
distinctive,25,3287,4723,4.0
reservoir,25,5419,5907,3.9
wales,25,1073,0,4.6
antonym,25,47323,35473,1.95
drip,25,7196,6019,3.58
revolutionary,25,3153,4014,4.17
wrestling,25,11932,6894,4.14
qinghai,25,0,0,2.12
darling,25,3264,6421,4.09
dough,25,12465,4395,3.86
trojan,25,20391,14800,3.41
unimportant,25,9487,12727,3.23
spud,25,26981,26210,2.69
rachel,25,3360,0,4.15
machu,25,0,0,2.62
picchu,25,0,0,2.59
indonesia,25,6278,0,4.25
exaggerate,25,5927,6312,3.19
prosperous,25,6904,7343,3.6
legacy,25,5067,3189,4.37
thrive,25,6403,4628,3.73
artemisinin,25,0,0,1.89
potentially,25,3126,2831,4.39
buddhist,25,15480,8787,3.85
haiku,25,0,25095,3.08
swollen,25,10096,9624,3.57
frustrate,25,7553,4856,2.99
wilderness,25,7026,3718,3.95
craftsmanship,25,15459,15188,3.1
iconic,25,39161,12330,4.13
savage,25,7623,10011,4.05
supplement,25,4371,5192,4.03
santiago,25,16886,0,3.66
compute,25,10477,7824,3.41
supplementary,25,5828,16252,3.36
enquire,25,4340,29201,2.91
curve,25,2506,3462,4.14
decay,25,6007,7931,3.83
disapprove,25,8455,10671,3.12
does,25,0,0,5.74
terms,25,0,1285,5.1
mislead,25,8459,8670,3.22
reunite,25,11738,8728,3.37
13th,24,0,0,3.89
fourteenth,24,7850,12175,3.35
oo,24,24561,26718,3.57
zongzi,24,0,0,1.04
e.g,24,0,0,4.53
colorful,24,0,4462,3.8
dreaming,24,21585,18540,3.94
deng,24,17844,0,3.2
yue,24,0,0,2.78
greener,24,0,0,3.24
reflexive,24,27420,20278,2.84
sara,24,4906,0,3.96
holder,24,2172,5440,4.21
destiny,24,6374,5162,4.19
newcomer,24,5316,5610,3.4
loser,24,6851,4980,4.01
sunflower,24,20192,12373,3.36
e-book,24,0,0,5.05
johnny,24,4239,0,4.35
kindly,24,5999,10654,4.0
alaska,24,12468,0,4.19
wizard,24,10332,9502,3.93
mug,24,5770,6098,3.71
dock,24,3530,4912,3.99
gadget,24,13719,9105,3.45
vegetarian,24,10146,9054,3.78
mummy,24,2995,13389,3.57
mentally,24,3531,4365,4.2
netherlands,24,4639,0,4.28
syne,24,39440,0,2.39
carving,24,8844,8224,3.51
mould,24,5627,24169,3.45
slap,24,5686,4086,3.97
abbreviation,24,15465,20008,3.14
pc,24,2366,3053,4.53
contestant,24,12459,8743,3.48
luo,24,0,0,2.9
damin,24,0,0,1.25
jewish,24,3318,1795,4.61
shang,24,0,0,2.91
terrorist,24,4396,2841,4.35
spotlight,24,8607,5487,3.9
aristotle,24,10788,0,3.41
rejection,24,4305,5003,3.9
fatal,24,4463,4921,4.1
prosperity,24,5349,5082,3.91
compassion,24,7736,4986,3.95
exhausted,24,7658,8054,4.08
impressionism,24,27738,21287,2.64
breakdown,24,4096,5147,4.1
sympathetic,24,4279,5209,3.81
misty,24,11910,11095,3.39
discriminate,24,6572,6782,3.51
promising,24,4669,3844,4.11
exploring,24,34947,0,4.06
temptation,24,4682,5906,3.72
mathematical,24,4809,6512,4.04
opposition,24,1088,1876,4.57
impulse,24,5362,4695,3.72
hanshi,24,0,0,1.17
commission,24,898,2379,4.91
fascination,24,7139,6681,3.48
wireless,24,8824,5363,4.2
morrie,24,0,0,2.27
elaborate,24,4707,4630,4.06
beam,24,3945,3741,4.14
banquet,24,9592,9056,3.59
kyle,24,13115,0,4.14
bds,24,0,0,3.06
orderly,24,8435,7744,3.44
nding,24,0,0,1.28
inferior,24,5966,7505,3.81
you.,24,0,0,6.98
took,24,0,0,5.51
learned,24,6667,10842,4.85
11th,23,0,0,3.89
seventeenth,23,5103,10125,3.35
lastly,23,9713,12764,3.69
hou,23,46721,0,3.1
lm,23,18097,0,3.27
watson,23,5114,0,4.18
workday,23,42847,13488,2.94
blonde,23,6183,6949,4.04
edward,23,1377,0,4.52
gravy,23,12580,9062,3.48
hare,23,7035,14507,3.66
closet,23,11999,3473,4.13
fred,23,3429,0,4.21
niagara,23,33893,0,3.52
hainan,23,0,0,2.66
pagoda,23,34468,22429,2.85
soy,23,25479,6060,3.63
cox,23,7964,0,3.94
oscar,23,10161,4558,4.31
blueprint,23,9861,7570,3.48
feng,23,0,0,3.4
welcoming,23,8569,10745,3.77
fulfill,23,22202,5431,3.86
span,23,6903,5718,4.07
incomplete,23,7055,6938,3.85
ful,23,43340,0,2.71
liz,23,4056,0,3.83
midday,23,7619,9129,3.37
jiaozi,23,0,0,1.01
guilin,23,0,0,2.08
amsterdam,23,6125,0,4.03
shrimp,23,10603,4144,3.79
patch,23,3039,3316,4.2
det,23,10991,0,3.38
uncertainty,23,2981,3728,4.03
i.e.,23,0,0,4.52
separately,23,3772,5463,4.08
were,23,0,0,6.34
blast,23,5574,4739,4.32
shepherd,23,6385,8911,3.9
ostrich,23,20008,18490,3.05
stationery,23,10061,14645,3.29
excursion,23,6562,8288,3.33
holding,23,3864,5325,4.89
motorbike,23,10026,22347,3.19
engagement,23,3950,3812,4.31
storey,23,7721,32282,3.61
crocodile,23,9844,10171,3.49
mini,23,9745,11257,4.44
prop,23,6444,5845,3.77
pad,23,5284,3664,4.01
cruelty,23,6522,8337,3.76
venice,23,5716,0,3.93
gateway,23,6462,10019,3.83
chilli,23,17038,38267,3.29
intimate,23,5263,4217,4.06
dense,23,5996,4864,3.98
soak,23,5630,4835,3.61
guan,23,0,42659,2.78
finland,23,7250,0,3.95
fruitful,23,9697,11687,3.3
fleming,23,8252,0,3.56
clark,23,4034,0,4.38
emblem,23,11550,10014,3.58
relatively,23,1237,1462,4.66
oar,23,15407,14498,2.89
jupiter,23,12719,0,3.68
unaware,23,4984,5941,3.87
lifelike,23,22115,18755,2.75
confirmation,23,4971,5360,4.08
harmless,23,6985,7615,3.79
behrman,23,0,0,1.93
co2,23,0,0,3.77
teens,23,0,0,4.16
nazi,23,6638,5391,4.28
esmeralda,23,0,0,2.77
clarification,23,8909,11316,3.54
inca,23,27937,17387,3.01
similarly,23,2024,2792,4.3
spectacular,23,3644,4196,4.06
faraway,23,21476,12293,2.99
alarming,23,7554,7719,3.53
steadily,23,3991,4794,3.84
physiology,23,12313,10821,3.61
automation,23,10701,13580,3.8
pursuit,23,4084,3873,4.12
retirement,23,2435,2442,4.53
harpoon,23,36946,21934,2.83
charming,23,4555,5189,4.07
convention,23,1947,2472,4.5
accomplishment,23,13752,4308,3.69
trading,23,2254,3408,4.63
leftover,23,22683,9769,3.4
passionate,23,6041,5175,4.09
stiff,23,4115,4084,3.9
imitation,23,6994,7375,3.47
simplicity,23,5613,7007,3.77
nightmare,23,3794,3586,4.19
vividly,23,8508,9349,3.26
taboo,23,10404,11305,3.47
undoubtedly,23,3117,5545,3.88
reinforce,23,2839,3329,3.68
vanish,23,4129,3949,3.39
notion,23,1969,1714,4.17
quest,23,6427,4067,4.27
aggression,23,4772,4521,3.9
faulty,23,8415,9993,3.62
exterior,23,8714,8761,3.91
sector,23,909,1974,4.66
teeth,23,0,0,4.58
based,23,0,0,5.51
af,22,41237,0,3.97
8th,22,0,0,4.24
22nd,22,0,0,2.26
yunnan,22,0,0,2.92
claus,22,19063,0,3.48
dickens,22,7241,29026,3.52
mario,22,9250,0,4.23
roy,22,3856,0,4.25
crispy,22,24656,14436,3.37
midsummer,22,11366,12720,3.11
imaginative,22,5653,7925,3.45
ght,22,0,0,2.16
penang,22,29221,0,2.95
steen,22,17830,0,2.74
ning,22,0,0,2.92
furthest,22,18897,0,3.17
ordinal,22,0,25049,2.67
puppy,22,7310,6801,4.0
1960s,22,0,0,2.56
buddy,22,15350,4109,4.4
smoothly,22,5550,6168,3.68
doorbell,22,16579,11801,3.05
gunpowder,22,16323,16953,3.26
baker,22,3587,10129,4.23
edison,22,23261,0,3.57
hazardous,22,7008,5358,3.71
sausages,22,0,0,3.3
thames,22,3815,0,3.73
nelson,22,5727,0,4.24
mona,22,13175,0,3.54
exchang,22,0,0,1.13
nepal,22,10776,0,3.83
gagarin,22,0,0,2.39
varied,22,4746,6384,4.03
victorian,22,3021,6250,4.12
rosie,22,6798,0,3.61
vocational,22,5875,8293,3.65
booking,22,4593,14474,3.86
changing,22,3099,3320,4.76
entertaining,22,5935,6477,4.11
summit,22,2909,3235,4.3
continuously,22,5930,6940,3.97
snail,22,8765,10183,3.67
rip,22,4998,3572,4.26
humankind,22,21112,11737,3.11
drugstore,22,47056,9245,3.07
officially,22,3779,4075,4.53
thermometer,22,15038,9651,3.22
paw,22,10382,8033,3.48
firecracker,22,40623,17139,2.69
jail,22,5079,2528,4.62
lighting,22,3921,4855,4.29
seasonal,22,6141,6279,3.98
sculptor,22,8240,8171,3.34
specifically,22,2285,1958,4.65
copper,22,3656,5053,4.27
mighty,22,5620,5943,4.1
porcelain,22,10099,8181,3.56
armed,22,2355,2580,4.59
puppet,22,7795,7250,3.8
recreate,22,11971,0,3.52
brighten,22,9833,7814,3.25
clarity,22,5359,5443,3.9
badge,22,6357,6814,4.02
frize,22,0,0,1.22
hardware,22,3435,4019,4.3
jan,22,2032,0,4.51
annoying,22,9638,8290,4.4
analy,22,0,0,1.72
purity,22,7137,8748,3.69
aron,22,40454,0,3.04
encyclopedia,22,20611,10470,3.52
revive,22,4528,5278,3.68
sled,22,48119,11294,3.23
portia,22,29002,0,2.88
unemployed,22,2830,6402,3.9
robotic,22,22535,10115,3.54
sami,22,0,0,3.34
thoreau,22,40303,0,2.93
offensive,22,5947,3168,4.46
shi,22,48988,0,3.46
cinquain,22,0,0,0.0
consequently,22,3023,4363,3.94
goot,22,0,0,1.94
expository,22,38062,28484,2.5
fireplace,22,6692,5530,3.54
invasion,22,3416,3295,4.23
kiwi,22,13007,21895,3.33
laser,22,4841,3896,4.2
occasional,22,2924,3511,4.12
gossip,22,6049,6861,3.88
shooting,22,4728,2822,4.78
firmly,22,2206,3818,4.0
eyebrow,22,4620,4465,3.37
juicy,22,14477,8742,3.7
devise,22,3220,4960,3.19
reckon,22,2203,8525,3.76
infectious,22,8627,7091,3.81
shiver,22,5205,6211,3.05
dome,22,6106,5005,3.9
mistress,22,4800,7187,3.86
textile,22,4824,5621,3.75
ballpark,22,0,9072,3.3
sightedness,22,0,0,2.19
easy-going,22,0,0,5.2
speaking,22,11083,11223,4.91
connected,22,11998,9914,4.68
turns,22,0,0,4.76
accommodate,22,3404,3717,4.02
up-to-date,22,0,0,5.19
hands,22,0,0,5.16
30th,21,0,0,3.5
bett,21,43534,0,2.34
angrily,21,5467,8069,3.34
burial,21,5406,6234,3.9
noodles,21,0,0,3.7
buck,21,7627,2493,4.01
alicia,21,29527,0,3.64
xiaolin,21,0,0,1.53
headset,21,26316,11219,3.54
calcium,21,4908,5615,3.82
liver,21,4007,4667,4.18
mo,21,12537,0,4.38
fictional,21,8846,6344,3.86
weird,21,5398,3632,4.81
audrey,21,10589,0,3.55
1970s,21,0,0,2.64
ble,21,0,0,2.62
jeremy,21,6095,0,4.15
coming,21,5247,4720,5.4
rhino,21,13091,16492,3.57
mime,21,15707,20294,3.06
soviet,21,914,1246,4.54
odyssey,21,19373,14698,3.55
finn,21,8302,8047,3.78
supervise,21,4673,5603,3.32
doubtful,21,4664,9015,3.52
terry,21,3052,0,4.24
browse,21,11136,9636,3.59
continental,21,4013,8947,4.02
signpost,21,14329,21771,2.46
shoes,21,0,0,4.67
wardrobe,21,5424,7918,3.8
circular,21,4711,6749,3.96
situate,21,3529,6400,2.41
suicide,21,3655,2274,4.62
declaration,21,3227,5595,4.1
scrape,21,5968,5494,3.4
editorial,21,7108,5008,4.11
jiangsu,21,0,0,2.69
conan,21,23101,0,3.41
empathy,21,11912,7585,3.72
beverage,21,15320,6831,3.69
healthily,21,21626,37632,2.58
railroad,21,20425,3649,4.32
raft,21,10123,7376,3.46
diameter,21,4613,5253,4.08
hay,21,6529,7184,3.91
sack,21,4693,4467,3.91
resistant,21,7235,6664,3.99
sl,21,28426,0,3.61
unnecessary,21,3637,5396,4.18
martian,21,24406,9211,3.39
wells,21,5708,0,4.25
newsletter,21,6679,6145,3.76
justin,21,12859,0,4.32
milu,21,0,0,1.22
stepmother,21,16531,12515,3.16
melody,21,7282,5565,3.81
linguist,21,9265,14135,2.87
forgiveness,21,9941,6980,3.87
legendary,21,7101,4997,4.23
literal,21,8711,7706,3.77
cemetery,21,5666,4589,4.06
whitacre,21,0,0,1.97
awaken,21,10051,5681,3.35
amid,21,5382,3825,3.95
inquiry,21,2067,3367,4.25
innocence,21,5678,5397,3.83
staple,21,9461,7008,3.68
vigour,21,7600,0,2.87
notable,21,4196,5293,4.07
messenger,21,6998,6537,3.95
shorten,21,8411,7578,3.38
readily,21,2847,4013,3.93
limitation,21,2901,3019,3.71
irrigate,21,26536,16313,2.58
inversion,21,10722,14406,3.26
downward,21,8499,8257,3.71
yearly,21,11140,8913,3.88
alistair,21,12380,0,3.25
illusion,21,4675,4317,3.94
persuasive,21,8449,8672,3.41
triumph,21,3546,4638,3.96
torture,21,7091,5272,4.15
nasty,21,3646,4476,4.22
nourish,21,11545,10239,2.9
hell,21,1748,1456,5.1
stateswoman,21,0,0,1.26
p.c.,21,0,0,2.92
bankrupt,21,7629,8878,3.73
regarding,21,3515,2153,4.67
scarce,21,6882,6771,3.61
did,21,0,0,5.96
ate,21,0,0,4.34
grandparents,21,0,0,3.88
games,21,0,0,5.44
ts,20,27846,0,3.67
wh-,20,0,0,3.74
'e,20,0,0,5.28
shandong,20,0,0,2.83
shen,20,0,0,3.25
strangely,20,5683,6783,3.67
malaysia,20,7373,0,4.28
lanzhou,20,0,0,2.17
mogao,20,0,0,1.18
rotten,20,6433,8385,3.81
cairo,20,7341,0,3.84
min,20,5199,26520,4.42
indefinite,20,11948,13974,3.41
mascot,20,20011,14048,3.62
zebras,20,0,0,2.84
ness,20,16957,22109,3.6
1990s,20,0,0,2.8
joan,20,3679,0,4.01
bookshelf,20,22136,11170,2.92
hung,20,16781,20821,4.21
steer,20,4927,4623,3.72
courageous,20,9613,8170,3.59
fairness,20,6946,5954,3.77
janet,20,5704,0,3.96
calmly,20,6583,6989,3.56
specify,20,2230,4860,3.78
heater,20,6686,8719,3.55
korean,20,5217,3522,4.49
rumour,20,3495,0,3.38
curse,20,6677,5761,4.07
gown,20,5811,5262,3.75
timid,20,11482,11301,3.25
refreshment,20,7812,14418,2.94
nger,20,0,0,1.35
florida,20,6112,0,4.76
aquarium,20,5913,10321,3.56
cation,20,29210,30355,2.79
pebble,20,7993,11162,3.34
discharge,20,4314,6214,3.93
farmland,20,10117,8682,3.35
auxiliary,20,14335,13990,3.74
homesick,20,18857,17844,2.93
sugary,20,21009,18595,3.13
filter,20,3576,4370,4.28
broadway,20,12061,5971,4.08
aptitude,20,11916,12448,3.2
pre,20,15593,0,4.95
francis,20,3046,0,4.39
hyphen,20,24827,27394,2.64
squeak,20,15740,12246,2.9
zhu,20,0,0,3.12
allan,20,5840,0,3.8
insult,20,6862,6568,3.99
wordsworth,20,6268,0,2.87
narration,20,21510,10868,3.32
tray,20,3885,4469,3.75
northwestern,20,26855,6427,3.79
bo,20,25492,0,4.0
subheading,20,39664,37467,1.91
sensor,20,10071,4935,3.92
straighten,20,5773,4877,3.27
observer,20,2645,2456,3.91
specialise,20,5113,0,2.83
adversity,20,14307,11343,3.38
rembrandt,20,13200,0,3.08
monet,20,16971,0,3.07
critically,20,7560,6558,3.88
correspondence,20,4152,5961,3.85
inequality,20,4436,6991,3.92
gulf,20,3162,6929,4.28
reread,20,23573,12271,3.0
isolate,20,3830,3963,3.6
tragic,20,4967,4259,4.08
devoted,20,4988,5132,4.18
overwhelm,20,6397,4804,3.15
disobey,20,18583,15476,2.83
blizzard,20,15160,9875,3.53
classification,20,3753,5891,4.18
conserve,20,7632,7938,3.37
worship,20,4576,5808,4.29
wearable,20,41264,23017,3.29
childish,20,8733,11788,3.73
inevitable,20,2837,3561,4.08
socrates,20,17054,0,3.27
instinct,20,3843,4239,3.86
treaty,20,1659,2836,4.31
motorway,20,4559,30553,3.46
reconstruct,20,7807,7327,3.22
gan,20,0,0,3.07
joyful,20,14070,11426,3.4
peacock,20,10281,15411,3.44
mural,20,12395,7266,3.49
solemn,20,8599,9168,3.41
immoral,20,11318,9751,3.46
priest,20,2532,2293,4.33
disappearance,20,6958,6530,3.74
disastrous,20,5261,7241,3.68
shrug,20,2865,3191,3.3
joao,20,29851,0,2.7
navigation,20,7152,8237,4.03
utilise,20,6670,0,2.96
monty,20,16455,0,3.55
years,20,0,0,5.96
lag,20,9463,8448,3.67
inject,20,5577,5597,3.44
copyright,19,5493,6066,4.24
ers,19,0,0,3.17
bbc,19,2116,0,4.57
9th,19,0,0,4.14
thirtieth,19,19740,25275,2.48
believable,19,19992,13443,3.29
litt,19,0,0,2.69
ying,19,0,0,3.28
zhuge,19,0,0,2.07
eld,19,0,0,2.35
superhero,19,44528,17608,3.85
georgetown,19,33894,0,3.57
lili,19,9432,0,2.94
idol,19,9859,9381,3.94
cardinal,19,7343,15572,3.9
guangzhou,19,0,0,3.26
creamy,19,10138,7602,3.43
shaking,19,21369,15387,4.08
talking,19,7639,6678,5.29
experienced,19,3370,4333,4.63
robbery,19,6078,6012,3.97
reindeer,19,16959,12967,3.32
headquarters,19,2817,2867,4.36
hillside,19,6497,6756,3.38
anytime,19,19391,0,4.19
gardener,19,4757,5751,3.49
climbing,19,6665,7361,4.12
gates,19,13237,0,4.3
houses,19,0,0,4.72
quincy,19,44976,0,3.41
sportsman,19,9054,14506,3.16
beckham,19,0,0,3.51
hilly,19,15079,15597,3.17
champagne,19,3557,5400,3.9
heavenly,19,9989,9350,3.76
bernard,19,3433,0,4.02
vine,19,6623,5675,3.73
mill,19,2128,4439,4.38
regards,19,25706,20654,4.2
fingerprint,19,12184,7263,3.49
honestly,19,4518,4881,4.69
specimen,19,3073,5851,3.72
farther,19,10052,0,3.85
papa,19,9280,15608,3.91
ellen,19,5903,0,4.05
sociable,19,14328,20210,2.97
wreath,19,12327,9842,3.36
silicon,19,8279,8531,4.0
enroll,19,0,3994,3.45
commute,19,11235,6867,3.56
remedy,19,3157,5111,3.82
locker,19,12007,5009,3.95
fraction,19,3509,4719,3.96
avalanche,19,14505,10113,3.48
intensity,19,4017,3300,4.14
machinery,19,3098,5774,4.02
nutritious,19,16859,13225,3.18
indicator,19,3574,3892,3.92
drain,19,3935,3601,4.07
perfection,19,6861,6505,3.99
exaggeration,19,9504,10878,3.3
symbolize,19,12494,6594,3.04
dread,19,8728,9181,3.64
skeleton,19,5954,6474,3.8
spectator,19,5037,5215,3.51
blade,19,4000,3148,4.19
knit,19,3347,8436,3.66
retain,19,1460,2724,4.16
residence,19,3658,3766,4.36
beatles,19,0,0,3.88
attendant,19,7630,5430,3.6
lens,19,7125,3544,4.17
escalator,19,19400,14743,3.02
boredom,19,7682,8671,3.46
folder,19,9037,7114,3.74
opener,19,10456,7761,3.88
iceland,19,8965,0,3.79
unearth,19,11598,10691,2.69
ioc,19,41938,0,3.24
completion,19,3047,5019,4.22
confucian,19,36519,20527,2.79
mining,19,4383,5588,4.56
ritual,19,4517,3404,4.02
v-ed,19,0,0,4.6
reviewer,19,10297,8282,3.47
heroic,19,7645,6176,3.84
rival,19,3058,4346,4.18
terrifying,19,8739,8585,3.95
appreciative,19,13997,12559,3.24
innovative,19,5826,4435,4.1
baishi,19,0,0,1.12
prose,19,6124,7468,3.72
bible,19,3430,2742,4.54
patriotic,19,7854,7633,3.79
aviation,19,5895,7923,4.17
scottish,19,1020,7798,4.6
coordinate,19,7991,4847,3.82
additionally,19,8030,5948,4.2
sci,19,0,0,3.94
cv,19,15980,0,3.61
given,19,2653,3017,5.41
namely,19,3346,5524,4.02
iq,19,16197,7788,3.69
majesty,19,5294,12516,4.05
lick,19,6212,5936,3.77
lodge,19,5269,6843,4.08
implicit,19,5088,6734,3.45
fearful,19,6886,6198,3.58
tempt,19,4078,5592,3.22
storytelling,19,26270,8919,3.66
kneel,19,5449,4938,3.24
mouthful,19,9085,13176,3.01
giftedness,19,0,11827,2.06
genetically,19,12127,6747,3.66
desirable,19,3408,5313,3.85
fatigue,19,7858,4806,3.86
coward,19,14789,11476,3.67
stanza,19,17296,15504,3.01
handbook,19,7778,13017,3.86
amongst,19,1997,7821,4.31
striking,19,3929,4594,4.2
preliminary,19,3851,4404,4.16
confess,19,4102,3950,3.82
atomic,19,5441,5438,3.98
marsh,19,6540,6794,3.87
delve,19,11266,11237,3.14
consent,19,2503,4391,4.36
confront,19,3105,2415,3.8
mini-lecture,19,0,0,3.96
jess,19,9399,0,3.66
revenue,19,1772,1681,4.64
verb-ing,19,0,0,3.52
guilt,19,3827,3628,4.13
disable,19,11465,11005,3.52
caught,19,32725,23100,4.9
best-seller,19,0,0,4.0
absorbed,19,19461,20864,3.92
dying,19,5268,4582,4.63
located,19,48370,38534,4.86
cement,19,6895,6395,3.94
aluminum,19,0,4241,4.01
children's,19,0,0,4.47
chips,19,0,0,4.21
sideway,19,0,0,1.61
ch,18,5208,0,3.95
mai,18,0,0,3.53
dai,18,17687,0,3.27
oor,18,0,0,2.21
pam,18,9147,0,3.6
happening,18,6340,6702,4.8
welles,18,26529,0,3.03
manson,18,26495,0,3.29
louder,18,33055,0,3.82
1930s,18,0,0,2.31
mulan,18,0,0,2.81
lynn,18,8032,0,3.86
woof,18,31333,30529,3.12
beaver,18,20433,11726,3.61
pit,18,2882,3857,4.27
gao,18,43634,0,3.46
geese,18,0,0,3.35
rage,18,4836,3984,4.11
carelessly,18,15302,16467,2.9
stall,18,4533,6674,3.79
recycled[manual],18,0,0,3.49
starter,18,6961,3952,4.02
dick,18,4509,10766,4.7
plato,18,12556,0,3.37
huck,18,0,27284,2.77
lanfang,18,0,0,1.25
saturn,18,20428,0,3.54
oolong,18,0,38258,2.38
atlanta,18,12813,0,4.37
inuit,18,39192,20667,2.95
environmentalist,18,8264,5444,2.92
interruption,18,6517,8994,3.36
pottery,18,5671,7100,3.7
roommate,18,0,6877,3.81
vet,18,6728,8077,3.9
portuguese,18,7757,10285,4.03
tramp,18,8896,16137,3.21
builder,18,3657,4549,3.85
calf,18,5425,5631,3.71
fiercely,18,6032,7800,3.35
pneumonia,18,9952,8632,3.74
arizona,18,14980,0,4.38
cantonese,18,37770,28038,3.07
lighten,18,11353,8581,3.35
magnitude,18,5792,3971,4.0
favourable,18,4359,28013,3.53
bilingual,18,12544,9541,3.52
queenstown,18,0,0,2.78
interactive,18,6279,4977,4.06
sweden,18,4021,0,4.4
affordable,18,10203,5234,4.22
honeymoon,18,7922,8111,3.68
beak,18,10354,11092,3.3
smash,18,4350,5113,4.09
okinawa,18,43882,0,3.2
aerobic,18,16549,8770,3.19
liar,18,8814,6677,4.02
moore,18,3723,0,4.28
grammatical,18,5905,18423,3.35
fireworks,18,0,7823,3.83
excl.,18,0,0,2.41
unfriendly,18,13789,14993,3.1
timmy,18,27872,0,3.31
gretel,18,44212,0,2.71
landlord,18,2447,6724,3.89
multicultural,18,17167,6792,3.39
colony,18,3443,3673,4.12
personification,18,20253,17240,2.82
samovar,18,49647,34190,1.88
automatically,18,2815,3946,4.52
accurately,18,4484,4898,3.99
nutritional,18,10633,7381,3.64
youngster,18,3242,4797,3.27
navigator,18,12669,16451,3.29
prairie,18,20980,6846,3.7
complexity,18,3335,3757,4.02
citizenship,18,6242,4851,4.1
grip,18,3376,3694,4.11
complicate,18,9479,5983,3.26
excess,18,4540,5741,4.21
indigenous,18,5810,3679,4.16
intermediate,18,4864,6876,4.04
decisive,18,4970,6316,3.8
verbs,18,0,0,3.44
primarily,18,2673,2134,4.48
orient,18,10266,6514,3.44
willy,18,12634,0,3.61
nurture,18,8542,5533,3.31
astonishment,18,7915,11297,2.86
orientation,18,5179,3196,4.05
upgrade,18,6186,5927,4.24
replacement,18,2742,3656,4.44
undergraduate,18,6208,4751,3.85
gigantic,18,9583,7783,3.63
characterize,18,4894,2859,3.32
lotus,18,6269,18309,3.62
triathlon,18,28338,18105,3.25
nonetheless,18,4823,3298,4.04
risky,18,6867,4494,3.94
allied,18,4605,5905,4.07
peculiar,18,4476,5505,3.67
witty,18,9910,9923,3.56
timeless,18,11675,9725,3.53
carolyn,18,6810,0,3.46
spark,18,6367,4805,3.99
macquarie,18,0,0,3.17
beehive,18,19831,17858,2.89
informative,18,8602,10780,3.61
suspicion,18,3216,3762,3.97
peabody,18,25560,0,3.3
practically,18,4456,3901,4.19
counsel,18,6085,3418,4.16
donor,18,5462,3847,3.92
istanbul,18,12802,0,3.74
preservation,18,5383,5229,4.01
frankly,18,5588,3555,4.05
vitality,18,8639,8443,3.41
eastward,18,19716,14236,3.24
esn,18,0,0,2.01
barrel,18,4469,3084,4.17
dressed,18,21415,22148,4.42
opposed,18,7018,4175,4.51
sooner,18,3771,0,4.25
granted,18,0,0,4.61
approximate,18,9895,11835,3.64
liberal,18,1737,1993,4.66
photos,18,0,0,4.83
umm,17,27704,16789,3.57
nicely,17,5587,6016,4.07
berlin,17,2908,0,4.38
suffixes[manual],17,0,0,2.64
anita,17,14894,0,3.63
romeo,17,12426,0,3.71
juliet,17,5215,0,3.59
delegate,17,3730,5227,3.7
tian,17,0,40375,3.03
rod,17,3674,4575,4.14
toss,17,4799,2396,3.91
standing,17,2808,3080,4.86
schoolyard,17,41777,16304,2.64
buckingham,17,6582,0,3.52
sportsperson,17,0,0,2.1
oriental,17,7045,8982,3.73
timely,17,9732,7462,3.85
pasta,17,8118,4497,3.92
tintin,17,0,0,2.7
shed,17,4479,4356,4.23
spacewalk,17,0,27821,2.43
etiquette,17,14358,11679,3.4
es,17,13249,0,3.93
erica,17,24839,0,3.56
aisle,17,7161,4484,3.72
fashioned,17,0,21080,3.94
brace,17,8937,6591,3.72
refund,17,12042,10901,3.94
plum,17,9821,7666,3.55
respectful,17,13810,8374,3.71
diner,17,14076,5956,3.48
ranch,17,14603,4036,4.03
leon,17,8953,0,3.92
hotdog,17,0,26201,2.8
fluently,17,18693,21840,2.91
outlet,17,4508,4624,4.0
oat,17,40916,21063,2.9
surrender,17,5031,5024,4.09
partial,17,3804,4546,4.17
sparkle,17,8882,10602,3.38
tsunamis,17,0,0,2.64
injection,17,4565,5734,3.99
minded,17,21155,26593,4.15
nal,17,0,0,2.54
subtract,17,11991,10238,3.1
digit,17,8875,8519,3.77
environmentally,17,8026,6754,3.44
chopin,17,25856,0,2.94
auto,17,11945,3134,4.48
panicked,17,42032,17533,3.4
works,17,1208,1637,5.29
hiero,17,0,0,1.74
senate,17,4886,1111,4.8
token,17,6352,8924,3.82
nora,17,9374,0,3.52
jew,17,3310,1794,3.87
lijiang,17,0,0,1.96
quasimodo,17,0,0,2.27
eyewitness,17,19899,8633,3.32
magnetic,17,4418,4830,4.17
tangshan,17,0,0,1.92
unify,17,10032,8008,3.07
compliment,17,6865,7568,3.91
couplet,17,16481,22047,2.51
gump,17,0,0,3.02
intangible,17,15152,13879,3.22
reap,17,8430,7589,3.53
invader,17,11223,9804,2.98
fingertip,17,9893,7248,2.67
stack,17,6113,4466,4.05
starry,17,20671,15866,3.15
barren,17,9656,8809,3.4
olive,17,7177,6160,4.09
thankfully,17,8647,11882,3.8
undergrowth,17,10263,19344,2.67
eastwards,17,14945,0,2.68
maintenance,17,2198,3067,4.55
bleeding,17,7190,6907,4.08
zhan,17,0,0,2.39
exposition,17,10335,14307,3.59
thoroughly,17,3367,4135,4.09
convinced,17,3001,3714,4.4
getaway,17,20833,10373,3.51
sophisticated,17,3019,3077,4.05
verne,17,40314,0,2.92
inhabit,17,6908,6052,3.33
interior,17,3308,3476,4.55
ratio,17,2365,3088,4.37
deepen,17,6881,6730,3.19
franz,17,12703,0,3.53
widen,17,4524,5456,3.25
tusk,17,21007,16945,2.95
frustrated,17,7534,6722,4.08
distress,17,4287,5194,3.95
disgrace,17,8519,10352,3.73
paste,17,8942,7619,3.91
paradox,17,6552,6775,3.63
spatial,17,5216,5869,3.76
rings,17,0,0,4.33
enlighten,17,13682,11536,3.22
ran,17,0,0,4.87
vegetation,17,5829,6271,3.77
representation,17,1828,2908,4.34
underestimate,17,6426,6410,3.69
ridge,17,4003,4853,4.12
whilst,17,1612,18717,4.38
presently,17,5610,7442,3.72
adjustable,17,10358,10047,3.6
athletics,17,9290,8574,3.82
weary,17,7027,6761,3.61
inland,17,5084,11233,3.83
lump,17,4302,6139,3.71
beadle,17,24029,41241,2.51
concerto,17,8218,18992,3.26
overthrow,17,8785,8555,3.61
enrol,17,8506,0,2.67
immigrate,17,0,13831,2.61
comparable,17,3741,4639,4.08
versatile,17,8771,8734,3.66
o.k.,17,0,0,2.98
that's,17,0,0,5.86
hu,16,28078,0,3.58
14th,16,0,0,3.89
fth,16,0,0,1.62
ee,16,9371,0,3.61
ir,16,13404,0,3.68
huh,16,8335,3926,4.27
jacob,16,6690,0,4.23
1a.,16,0,0,3.47
nong,16,0,0,2.48
bert,16,9007,0,3.5
banker,16,4334,4421,3.78
guizhou,16,0,0,2.4
qingdao,16,0,0,2.65
baking,16,10198,5185,3.92
erase,16,9495,5776,3.66
lucas,16,9027,0,4.09
puzzling,16,13872,13539,3.13
tore,16,0,0,3.71
sahara,16,16090,0,3.4
seedling,16,12900,10303,2.75
flap,16,8726,8113,3.49
zhuang,16,0,0,2.29
buzz,16,8051,8191,4.05
frenchman,16,6523,11653,3.34
susie,16,17299,0,3.24
cheeseburger,16,39617,16235,3.12
texas,16,5698,0,4.89
winnie,16,10782,0,3.32
colin,16,3064,0,4.09
joseph,16,2716,0,4.52
freshwater,16,12948,9504,3.52
stevenson,16,9062,0,3.56
phantom,16,14813,15362,3.78
handed,16,0,0,4.42
duke,16,2436,11516,4.45
pessimism,16,14456,12662,2.97
throne,16,4691,7253,4.11
ape,16,10428,8577,3.48
trumpet,16,8849,8936,3.58
jacky,16,27640,0,2.82
ivy,16,10684,9013,3.83
diver,16,8902,8238,3.41
internship,16,0,10397,3.61
reside,16,6499,5284,3.67
prehistoric,16,10315,10293,3.42
eclipse,16,12521,7609,3.81
abacus,16,33592,30850,2.65
mongolian,16,27389,22902,3.09
congo,16,16420,0,3.75
dali,16,24663,0,2.91
heating,16,3505,6037,4.18
retail,16,3601,3479,4.55
e-friend,16,0,0,5.02
derive,16,1798,3051,3.51
creator,16,7103,5086,4.21
edinburgh,16,1568,0,4.28
cluster,16,4369,3200,3.99
violet,16,13023,14924,3.84
mercury,16,7335,6937,4.02
vaccine,16,8303,4173,4.0
metropolitan,16,3962,4293,4.18
publishing,16,3351,6717,4.37
infant,16,2948,3037,3.99
latitude,16,10209,7992,3.57
groom,16,8920,8693,3.63
automobile,16,11452,4005,3.94
medieval,16,3041,5073,4.05
surprisingly,16,2953,3368,4.09
lunchtime,16,5591,11514,3.33
dy,16,0,0,2.98
firstly,16,3974,20778,3.73
killer,16,3690,2613,4.47
williams,16,2555,0,4.67
magellan,16,29930,0,2.77
skiing,16,9053,4983,3.84
yuri,16,23525,0,3.62
broke,16,18615,10154,4.85
programming,16,5481,4622,4.37
sorghum,16,37577,20567,2.83
voyager,16,33666,21794,3.33
ebola,16,0,0,3.62
kenya,16,5789,0,4.13
hubble,16,27561,0,3.12
maritime,16,7994,9625,3.96
wormwood,16,27134,37215,2.6
fertiliser,16,9068,0,2.86
ddt,16,29622,0,2.9
willingness,16,5008,4186,3.82
longing,16,8159,8143,3.5
ralph,16,5118,0,4.1
emerson,16,16777,0,3.63
oak,16,3645,4423,4.18
passing,16,4918,4350,4.63
overwhelming,16,4523,3571,4.08
marvellous,16,3819,31078,3.4
manoeuvre,16,6389,41423,3.03
battlefield,16,9755,6003,3.93
forwards,16,4743,15359,3.81
expertise,16,2982,3898,4.06
dune,16,8132,7022,3.28
poorly,16,6339,5136,4.1
expel,16,5990,6975,3.26
emoji,16,0,0,3.23
hamel,16,42438,0,2.47
attentive,16,11800,9473,3.3
amundsen,16,48276,0,2.38
haste,16,9482,13347,3.37
teller,16,15778,10852,3.49
wholly,16,3314,6835,3.83
productivity,16,3605,4158,4.15
desertification,16,29466,23398,2.45
microfilm,16,24499,22448,2.71
eagerness,16,14247,12855,2.9
costly,16,4943,4286,3.93
sparky,16,34236,36268,2.85
willow,16,8903,10016,3.69
excel,16,8675,7055,3.73
ppt,16,0,0,2.67
diplomat,16,6153,4918,3.69
executive,16,1094,863,4.87
laureate,16,23153,15182,3.22
woods,16,7899,0,4.45
geologist,16,10665,9704,3.21
timepiece,16,36551,25742,2.54
walden,16,16155,0,3.2
violently,16,6485,7809,3.62
veil,16,7969,7300,3.66
coarse,16,7031,7903,3.41
grown-up,16,0,0,4.66
fixture,16,6192,7036,3.67
simulator,16,17235,12924,3.61
diplomacy,16,7925,5638,3.71
amazement,16,8674,9329,3.0
willingly,16,8478,9339,3.58
impose,16,1517,2334,3.92
cooperatively,16,43482,18239,2.61
cabinet,16,1378,2693,4.49
extinguish,16,11132,11906,3.04
persuasion,16,7602,9532,3.33
electrician,16,11372,13255,3.26
eureka,16,24368,14852,3.32
b.c.e.,16,0,0,2.12
pitcher,16,23459,3478,3.79
fell,16,8788,17411,4.85
mother's,16,0,0,4.37
cannot,16,0,0,5.11
kinds,16,0,0,4.51
thousands,16,0,0,4.77
belongings,16,9835,9215,3.56
briefcase,16,10338,7660,3.09
committed,16,6359,6417,4.65
agreeable,16,9587,13667,3.19
casually,16,6697,6800,3.66
mister,16,8306,14999,3.56
lavatory,16,7030,19680,2.9
ck,15,0,0,3.34
10th,15,0,0,3.89
29th,15,0,0,3.65
p.e,15,0,0,2.79
haunt,15,6064,5014,3.54
jian,15,0,0,2.83
speci,15,0,0,2.13
polished,15,6997,7552,3.76
lions,15,0,0,4.18
eater,15,15051,12208,3.42
greenwood,15,15071,0,3.4
wed,15,8029,9544,3.66
meow,15,0,24765,3.29
canberra,15,16742,0,3.64
syrup,15,15500,6827,3.76
rhyming,15,21756,23964,2.96
arg,15,0,0,2.97
woodcutter,15,34494,31937,2.12
hearted,15,20862,29239,3.77
avatar,15,48636,16422,3.69
yo,15,5522,0,4.45
collector,15,3678,3975,3.91
jamie,15,6285,0,4.17
jasmine,15,21019,14146,3.61
sprout,15,11559,7981,3.11
egret,15,47298,19943,2.32
himalayas,15,0,0,3.13
affirmative,15,19589,5022,3.57
strauss,15,15232,0,3.48
waltz,15,15767,19414,3.38
storyteller,15,23560,9724,3.08
accidentally,15,8425,7057,4.22
hurdle,15,6627,6611,3.41
apollo,15,12188,0,3.82
leaver,15,12193,32580,2.44
beforehand,15,6844,10479,3.62
meg,15,6809,0,3.55
denmark,15,4795,0,4.04
dc,15,3910,0,4.56
lincoln,15,5730,0,4.31
jogging[manual],15,0,0,3.33
xinjiang,15,49938,0,3.15
mongolia,15,16920,0,3.34
gallop,15,10110,12092,3.03
andes,15,0,0,3.14
berry,15,10034,6096,3.97
thai,15,27241,8458,4.17
teaspoon,15,12738,2432,3.3
cone,15,7178,5878,3.83
dunant,15,0,0,1.5
dental,15,7906,7161,4.11
handicap,15,4399,8589,3.61
ooo,15,44247,26575,3.44
crescent,15,7951,12284,3.57
peck,15,12244,14442,3.46
comet,15,10128,5217,3.64
stormy,15,9490,11643,3.46
fig,15,1254,7542,4.1
erect,15,4303,6356,3.52
follower,15,5012,5033,3.56
transformation,15,3415,3290,4.21
bene,15,0,0,2.9
mortgage,15,2483,3215,4.39
refugee,15,2851,2599,3.98
edgar,15,7985,0,3.79
traf,15,0,0,1.7
hectare,15,5902,0,3.11
arti,15,0,35466,2.43
punch,15,5322,4348,4.32
willpower,15,22140,19800,3.05
predicate,15,16076,13700,2.85
karate,15,12972,14620,3.55
annually,15,5431,4025,4.16
hairstyle,15,15488,14737,3.33
introductory,15,8008,8912,3.51
doer,15,22170,22704,2.65
neatly,15,4706,5788,3.49
webb,15,7326,0,3.77
mathematician,15,12241,10536,3.24
brad,15,22875,0,4.12
guangxi,15,0,0,2.43
supporter,15,2059,2437,4.07
patiently,15,8575,8234,3.48
abbr.,15,0,0,2.03
reed,15,7220,8359,4.07
chairperson,15,15879,16812,3.15
truthful,15,13837,11289,3.42
uncommon,15,6901,6725,3.87
melting,15,11338,10465,3.8
discard,15,5943,5416,3.37
jessie,15,13221,0,3.65
negate,15,14131,12350,2.98
tagore,15,0,0,2.63
led,15,17681,11470,5.11
strictly,15,3514,4544,4.16
disposal,15,3208,5580,4.0
flush,15,5416,5935,3.8
hughes,15,4047,0,4.08
homesickness,15,25553,25538,2.42
kebab,15,24038,24359,3.03
heimlich,15,0,0,2.37
acceptance,15,2899,3443,4.16
submission,15,4179,8114,4.07
governor,15,2204,1811,4.71
illuminate,15,6519,5388,3.3
dependence,15,4854,5814,3.66
essence,15,3536,3468,4.03
associated,15,3755,4132,4.89
filial,15,25332,22430,2.64
efficiently,15,5344,6358,3.79
literacy,15,5869,5159,3.9
chronological,15,12001,13403,3.4
plunge,15,4534,4610,3.49
distinguished,15,4724,5567,4.2
coexist,15,15845,9957,3.04
consciousness,15,2985,3224,4.13
conceive,15,3806,4169,3.4
durable,15,10004,7949,3.68
biochemist,15,25953,22720,2.52
withdrawal,15,3213,4130,4.05
meditation,15,8122,6196,3.95
terrified,15,6069,9546,3.94
intake,15,4980,6025,3.98
experimental,15,3149,3457,4.28
intact,15,4953,4626,3.98
dedication,15,6951,6990,3.96
starfish,15,24503,20725,3.0
intently,15,10714,8948,2.97
hospitable,15,18637,14491,2.96
bitterly,15,5336,8508,3.29
dipper,15,26923,24619,2.83
comedian,15,9983,7536,3.96
muse,15,9108,8874,3.59
boyhood,15,18612,12319,3.09
queer,15,12553,11708,3.76
songs,15,0,0,4.84
skinny,15,12497,5402,3.99
restoration,15,3578,5002,4.11
painstaking,15,13779,14458,2.93
crater,15,10495,6886,3.55
gracious,15,9946,8538,3.59
annoyance,15,8811,10526,3.33
msf,15,40866,0,2.78
apsaras,15,0,0,1.35
supervision,15,3976,5614,3.94
setback,15,7727,7298,3.37
geology,15,7403,11449,3.76
prevail,15,5010,4741,3.55
dye,15,7847,8956,3.82
seaman,15,7264,17406,3.2
lifespan,15,2369,15281,3.37
honourable,15,6039,33544,3.67
publicly,15,4133,3027,4.28
vending,15,37468,19422,3.37
hieroglyphics,15,0,0,2.51
bearer,15,9679,11977,3.43
reflectively,15,23961,27965,1.61
are.,15,0,0,6.74
supposed,15,1733,1242,4.91
dozens,15,0,0,4.13
compel,15,4965,4449,3.28
came,15,0,0,5.5
harness,15,8482,9768,3.67
innovate,15,20988,18968,3.13
second-hand,15,0,0,5.2
tame,15,11503,10816,3.56
demanding,15,7641,9084,4.13
objection,15,2931,4737,3.77
brought,15,0,0,5.16
socks,15,0,0,4.03
xin,14,0,0,2.82
23rd,14,0,0,2.25
31st,14,0,0,2.54
est,14,6299,0,4.11
chiang,14,26996,0,3.28
marc,14,7422,0,4.03
unexpectedly,14,5995,7441,3.71
orson,14,34730,0,3.07
takeaway,14,21504,24354,3.32
andrews,14,6603,0,3.93
utensil,14,18588,12652,2.52
bedtime,14,12176,9223,3.56
krista,14,0,0,2.84
unscramble,14,36299,36273,2.05
bunny,14,10764,11945,3.88
richer,14,0,0,3.71
raising,14,7057,9122,4.43
lhasa,14,28075,0,2.64
colorado,14,10536,0,4.46
odysseus,14,36667,0,2.88
mississippi,14,15037,0,4.19
ludwig,14,16986,0,3.32
bondi,14,47116,0,2.96
concorde,14,14604,0,2.8
sole,14,3275,4535,4.29
christine,14,5468,0,3.91
bedside,14,8016,8910,3.35
feeding,14,12349,10712,4.28
zhangjiajie,14,0,0,1.52
coconut,14,10179,6812,3.88
lime,14,7712,5429,3.86
schooling,14,7173,7968,3.73
duffy,14,16641,0,3.41
pollinate,14,28166,23751,2.43
ussr,14,4069,0,3.8
sharply,14,3057,3908,3.89
removal,14,3305,4711,4.35
prescribe,14,4738,5375,3.39
blindness,14,11335,9157,3.44
tug,14,6725,6210,3.5
sammy,14,13085,0,3.6
dew,14,14303,14536,3.52
crude,14,4502,5015,4.0
ostriches[manual],14,0,0,2.42
footballer,14,8082,32136,3.69
barn,14,4202,4108,3.99
lobby,14,5302,3736,4.03
disco,14,5777,10557,3.78
subtraction,14,21520,21980,2.91
paci,14,0,0,1.93
buddha,14,22661,38528,3.79
commemorate,14,7928,8691,3.49
federation,14,3260,9044,4.26
acrobatics,14,0,24833,2.75
lawrence,14,3331,0,4.31
occurrence,14,4563,6221,3.77
secretly,14,6962,6108,4.01
trodd,14,0,0,1.03
nominate,14,5687,4958,3.57
inspector,14,2267,3550,4.25
marvelous,14,0,6935,3.53
giggle,14,6744,7352,3.35
longitude,14,25761,16823,3.26
asteroid,14,27005,6181,3.56
deforestation,14,17188,13617,3.2
wrapper,14,14995,10686,3.16
plosion,14,0,0,1.19
trojans,14,0,0,3.27
eco,14,17773,0,3.71
daddy,14,3359,4848,4.36
yancheng,14,0,0,1.47
dean,14,3709,4946,4.4
rules,14,0,0,5.06
troops,14,0,0,4.64
selfie,14,0,0,3.75
non-stop,14,0,0,5.09
flooding,14,8534,7970,3.97
chongyang,14,0,0,1.06
accessory,14,7048,6429,3.63
protective,14,4668,4114,4.13
organiser,14,4049,46049,3.11
tattoo,14,12617,6033,4.14
cyberbully,14,0,0,1.55
blowin,14,0,0,2.55
shah,14,5516,19683,3.81
expressive,14,8755,7994,3.43
jaws,14,0,0,3.56
eagerly,14,7105,7470,3.49
greatness,14,11797,8879,3.71
shocking,14,7556,6021,4.1
realist,14,10430,9945,3.26
katrina,14,29636,0,3.61
lionel,14,12488,0,3.74
browning,14,9299,42632,3.41
playmate,14,21857,14534,2.82
aerospace,14,6792,8798,3.73
propulsion,14,21313,10762,3.46
logically,14,7689,11464,3.43
haggis,14,26573,31009,2.66
superiority,14,6509,7766,3.59
plaster,14,6048,8240,3.53
prey,14,4181,5502,3.98
lever,14,6923,7487,3.64
slipper,14,9057,8779,3.08
behold,14,13905,10497,3.76
zac,14,0,0,3.38
sphere,14,3863,4533,3.91
misery,14,4674,6088,3.89
susceptible,14,6934,7030,3.67
heartbroken,14,20647,18229,3.41
defensive,14,4720,2881,4.38
implication,14,1627,2434,3.56
signify,14,6005,6690,3.22
pillar,14,5563,6521,3.64
gentleness,14,15939,17873,2.77
inactivity,14,14375,17412,3.05
prosper,14,8601,8251,3.45
distraction,14,8644,6171,3.78
capability,14,3838,2958,4.07
faculty,14,4038,1985,4.32
grin,14,3169,4154,3.59
jury,14,3055,1650,4.49
earnings,14,2619,2918,4.27
seasick,14,33211,26264,2.28
bathwater,14,35011,27507,2.29
xizang,14,0,0,1.34
warhol,14,24816,0,3.11
eventual,14,5568,7292,3.73
cybercrime,14,0,0,2.74
disrupt,14,5953,5307,3.59
unmanned,14,21846,14126,3.28
ornament,14,7644,7737,3.32
trainee,14,4756,10931,3.43
correspondent,14,3253,2934,3.86
testimony,14,6413,2661,4.17
manufacturer,14,2016,2251,4.21
loop,14,4755,4250,4.29
initiate,14,3422,3524,3.74
5g,14,0,0,3.16
continual,14,7561,10050,3.35
selective,14,4852,6195,3.88
mini-project,14,0,0,4.37
highclere,14,0,0,1.77
scrapbook,14,26945,15229,2.93
bookmark,14,27606,20965,3.04
questioning,14,7643,7770,4.04
ection,14,0,0,1.2
banaue,14,0,0,1.26
submerge,14,11468,11140,2.6
goldsmith,14,8138,23213,3.21
indifferent,14,7546,8368,3.44
moist,14,7866,6541,3.69
hieroglyph,14,37832,27399,1.98
civilize,14,37707,27624,2.06
welcome.,14,0,0,4.99
hundreds,14,0,0,4.61
acquaint,14,9574,9630,2.51
electron,14,4252,5566,3.82
satisfying,14,6396,6325,3.93
controversy,14,3460,2876,4.26
democracy,14,1981,1502,4.51
feasible,14,6420,7591,3.72
make-up,14,0,0,5.91
rumor,14,0,3498,3.73
sin,14,3651,3285,4.37
vulnerable,14,2998,2955,4.21
corruption,14,4342,3743,4.35
slippery,14,8641,7707,3.61
unity,14,2795,3749,4.22
bought,14,0,0,4.91
goes,14,0,0,5.22
autograph,14,14988,8940,3.49
teachers',14,0,0,4.74
ese,13,0,0,2.86
ank,13,0,0,1.89
cctv,13,49770,0,3.51
hai,13,45000,0,3.57
mmm,13,16785,13091,3.55
gg,13,39889,0,3.44
ea,13,17409,0,3.81
hiding,13,14750,15875,4.32
shyness,13,14867,14749,2.9
dervish,13,27221,22952,2.4
colombia,13,9302,0,3.95
wildaid,13,0,0,1.25
prefixes[manual],13,0,0,2.69
runn,13,0,0,1.47
tuesdays,13,0,0,3.29
rita,13,10397,0,3.75
funnier,13,0,0,3.41
steamboat,13,37422,19755,3.03
sat,13,25115,0,4.64
alison,13,4625,0,3.76
u.s,13,0,0,5.31
indigo,13,24165,17930,3.31
iv.,13,0,0,4.38
wangfujing,13,0,0,1.28
ghana,13,10786,0,3.9
caves,13,0,0,3.69
hanyu,13,0,0,2.26
oops,13,17053,13703,3.73
honk,13,33405,12629,2.95
headphone,13,12954,11538,3.3
princeton,13,23771,0,3.85
poland,13,3454,0,4.24
alberta,13,23763,0,3.86
carelessness,13,14148,19116,2.83
dishonest,13,9907,12320,3.52
chrissy,13,18141,0,3.01
organizer,13,10189,5109,3.57
cheating,13,33193,19016,4.2
j.k.,13,0,0,3.02
celsius,13,30514,0,3.29
conversion,13,3129,4664,4.24
siberian,13,15812,15390,3.31
owen,13,3353,0,4.05
banking,13,3447,3953,4.35
compet,13,0,0,1.47
taiwan,13,6780,0,4.04
chang'an,13,0,0,1.99
tsinghua,13,0,0,2.38
ight,13,0,0,2.96
aborigines,13,0,0,2.95
wasteful,13,11174,12903,3.27
caribbean,13,10367,5535,4.12
sitting,13,5951,7512,4.86
manchester,13,1838,0,4.53
dylan,13,12704,0,4.05
homestay,13,0,0,1.94
vigorous,13,5561,6236,3.46
unsure,13,7579,8000,3.75
curiously,13,6068,8495,3.2
hedge,13,4118,6032,3.74
spilt,13,32716,35093,2.91
stanford,13,15904,0,3.98
moody,13,14318,11802,3.7
contraction,13,6570,8686,3.46
num.,13,0,0,3.1
turner,13,5082,0,4.19
haul,13,5364,4191,3.88
liaison,13,5309,8208,3.58
overdo,13,13709,14137,2.84
renovate,13,11515,8620,3.05
plainly,13,6883,9585,3.38
residential,13,2791,3828,4.33
villain,13,8549,7948,3.88
regional,13,1253,1645,4.72
delicacy,13,9737,11228,3.18
consulate,13,21559,15593,3.56
reasoning,13,5668,5805,4.01
equation,13,2458,3982,4.02
ood,13,0,0,2.49
petroleum,13,8161,8098,3.9
temperate,13,10791,12446,3.33
downwards,13,6850,25950,3.2
rotate,13,6887,5483,3.58
lipstick,13,10587,7372,3.69
soften,13,6090,4869,3.36
sweaty,13,15011,8900,3.56
wilbur,13,38224,0,3.24
superstar,13,12299,7012,3.83
nian,13,0,0,2.15
dribble,13,14877,11717,3.06
dent,13,11467,9610,3.67
tiangong,13,0,0,1.68
liverpool,13,1713,0,4.43
obsess,13,33482,15161,2.9
beefeater,13,37633,45416,1.89
tvs,13,16667,0,3.51
brandy,13,5799,10392,3.51
sprain,13,32885,20119,2.85
bobby,13,5853,0,4.22
5he,13,0,0,1.27
tenses,13,0,0,2.66
ske,13,0,0,1.66
vivien,13,23219,0,2.75
proofread,13,0,29646,2.59
backache,13,22814,29373,2.22
sang,13,0,0,4.1
charitable,13,6910,6772,3.91
denver,13,16572,0,4.23
manhattan,13,10151,0,4.16
dame,13,6630,16056,3.96
nosebleed,13,45535,25956,2.51
claudia,13,5518,0,3.57
homemade,13,19453,6251,3.81
unsuccessful,13,5651,7731,3.73
thrilling,13,9924,10623,3.61
assembly,13,1596,3965,4.61
guinea,13,7818,11366,4.06
radical,13,2361,2929,4.33
naadam,13,0,0,1.11
samba,13,41779,22686,3.18
gloomy,13,6987,9832,3.39
showcase,13,15540,7291,3.92
foam,13,7153,6178,3.78
unsolved,13,18441,13675,3.28
formally,13,3319,5538,4.01
encouraging,13,3389,4367,4.14
cradle,13,9753,8639,3.5
descendant,13,6513,6138,3.3
stunning,13,6073,5045,4.27
bundle,13,5598,6005,3.93
proudly,13,6965,6137,3.71
vietnam,13,3900,0,4.31
alleviate,13,7706,7531,3.52
waldo,13,35651,0,3.28
paradise,13,5567,6816,4.16
yellowstone,13,49834,0,3.28
mythology,13,8886,8692,3.64
likelihood,13,4994,4596,3.91
greed,13,8496,6753,3.73
undergone,13,0,0,3.58
sima,13,0,0,2.55
imagery,13,7324,5197,3.83
langston,13,0,0,2.95
cane,13,7719,5299,3.76
infinite,13,6045,6860,4.16
hypothesis,13,3265,3377,3.87
cosmology,13,17355,11855,2.98
screw,13,5393,4750,4.25
gladys,13,22352,0,3.24
braille,13,24666,10185,3.01
platypus,13,47148,37531,2.69
redirect,13,14745,11425,3.21
churchill,13,4581,0,3.83
handshake,13,14071,10651,3.36
healthcare,13,13229,0,4.47
graphic,13,6920,5381,4.23
crab,13,8024,5100,3.76
dragonfly,13,21078,18401,3.03
deficiency,13,5386,6360,3.64
attentively,13,19677,18857,2.51
prolong,13,8448,9450,3.21
utmost,13,9464,11755,3.61
obesity,13,16548,7166,3.81
strand,13,4562,5344,3.68
installation,13,3747,4436,4.16
bloody,13,1763,4127,4.28
commentary,13,5593,5032,4.19
gross,13,3198,4409,4.45
tangle,13,10011,9440,3.1
selfless,13,19774,16709,3.3
provoke,13,3558,4821,3.5
ponder,13,6954,5982,3.35
craftsman,13,6128,10938,3.22
sculpt,13,19283,12037,2.8
misadventure,13,22758,20950,2.36
proposition,13,3544,5428,3.85
purify,13,11900,13440,3.06
nicholas,13,3138,0,4.03
posture,13,7029,5406,3.65
canvas,13,4541,3732,3.96
vibration,13,6691,7418,3.59
rediscover,13,11602,10565,2.8
attendance,13,3503,4433,4.17
heartfelt,13,18472,12265,3.4
raid,13,3428,5096,4.19
biomimicry,13,0,0,1.76
blush,13,8221,9003,3.56
inward,13,7924,11176,3.37
portfolio,13,3733,3809,4.15
plentiful,13,9657,9587,3.36
epidemic,13,7094,4919,3.8
commence,13,4318,9454,3.59
collaborate,13,7961,6388,3.51
oblige,13,6344,6685,3.1
expectancy,13,7763,7655,3.49
splendour,13,9772,0,2.93
hibernation,13,22451,19620,3.01
styling,13,10879,10018,3.48
cargo,13,5662,4905,4.19
commodity,13,4365,4581,3.86
plantation,13,7200,5736,3.72
sporty,13,22752,14333,3.1
motel,13,16260,5251,3.61
overhear,13,9669,8536,2.65
prizes,13,0,0,4.01
enforce,13,3577,3545,3.96
characterise,13,4638,0,2.64
breadth,13,7583,9348,3.47
hacker,13,25812,10274,3.67
demeter,13,42564,0,2.42
signi,13,0,0,1.6
intensive,13,3826,4973,4.06
warm-hearted,13,0,0,3.72
notes,13,0,0,4.84
knives,13,0,0,3.84
you!,13,0,0,6.98
gave,13,0,0,5.25
owing,13,33250,12267,3.73
gamble,13,11190,9148,3.79
senator,13,6231,2769,4.58
vapor,13,0,8212,3.56
bureau,13,3664,3753,4.41
condense,13,13961,13674,2.71
induce,13,3326,5257,3.56
toll,13,6043,4599,4.08
transaction,13,2065,3813,4.21
criteria,13,0,2574,4.21
stressed,13,16770,21761,4.18
compress,13,9573,9510,3.07
workforce,13,4217,6617,3.94
fried,13,10093,5612,4.06
secondhand,13,15042,0,3.05
birthday!,13,0,0,4.76
haha,12,0,0,4.53
2e,12,0,0,2.77
guo,12,0,0,3.05
peng,12,17986,0,3.21
r.,12,0,0,5.35
shan,12,36662,0,3.25
al,12,5629,0,5.16
exclamatory,12,0,42450,1.49
processing,12,2730,4034,4.46
marley,12,17267,0,3.46
s.,12,0,0,5.86
lan,12,13417,0,3.64
hoax,12,15477,13170,3.53
hayes,12,11931,0,3.87
butt,12,8702,4657,4.28
wuhan,12,0,0,2.78
brenda,12,8270,0,3.52
sari,12,23378,18336,3.06
postscript,12,13246,24579,2.75
terra,12,26255,16972,3.44
cotta,12,0,24937,2.85
scarves[manual],12,0,0,3.12
softball,12,0,8130,3.66
hebei,12,0,0,2.6
hatter,12,27196,29829,2.78
plays,12,0,0,4.84
robber,12,9868,9557,3.39
ho,12,9281,10242,4.22
hum,12,10116,6823,3.59
attachment,12,5553,5689,3.88
ew,12,42563,0,3.58
l.,12,0,0,5.18
aux,12,21204,0,3.44
roin,12,0,0,0.0
tianjin,12,0,0,2.8
bears,12,0,0,4.34
causeway,12,19190,20171,3.04
dynasties,12,0,0,2.97
aborigine,12,22606,24154,2.11
snoopy,12,38373,31534,2.8
suzhou,12,0,0,2.49
bait,12,8124,6346,3.85
batman,12,21517,0,4.22
nemo,12,45464,0,3.17
chili,12,35692,7978,3.73
rosy,12,11162,10106,3.28
snowboarding,12,0,34285,3.15
peacefully,12,9465,9068,3.63
seoul,12,13275,0,3.93
v-ing,12,0,0,3.92
refillable,12,49079,35589,2.27
bravely,12,11628,14070,3.27
ginger,12,12231,7328,3.93
transitional,12,7337,8414,3.64
afterschool,12,0,0,2.45
josh,12,10956,32486,4.35
drizzle,12,14321,9773,3.15
offering,12,4716,3988,4.6
greenwich,12,10021,0,3.54
morpeth,12,29026,0,2.22
amanda,12,8198,0,4.0
thee,12,0,10567,4.04
chimp,12,17422,13487,2.95
lizard,12,10671,7802,3.63
breeding,12,3699,5898,4.08
boxer,12,7907,8192,3.74
khan,12,7334,32300,4.25
covering,12,9655,13168,4.45
sheng,12,0,37415,2.87
inconvenient,12,11098,13410,3.47
savings,12,0,0,4.44
mediterranean,12,11647,7623,3.99
gale,12,8689,12845,3.62
surge,12,6404,5029,3.82
lava,12,8301,9085,3.73
ore,12,8191,10340,4.1
auckland,12,7444,0,3.7
descent,12,5385,5454,3.93
naturalist,12,10616,10840,3.15
passer,12,23348,14540,3.17
partnership,12,2141,2912,4.48
nitrogen,12,6287,5881,3.76
lovers,12,0,0,4.15
pooh,12,22668,0,3.29
excessive,12,3952,4564,4.12
spending,12,2353,2337,4.71
mash,12,18877,11940,3.55
virginia,12,5056,0,4.62
jolt,12,14872,10838,3.02
aesop,12,42117,0,2.53
sewing,12,9931,10515,3.69
photographic,12,6070,6248,3.76
non-profit,12,0,0,4.6
flaw,12,8453,5399,3.6
creek,12,11888,4931,4.37
sites,12,0,0,4.74
clubs,12,0,0,4.51
benjamin,12,4061,0,4.16
io,12,44237,0,3.41
silently,12,5191,5146,3.58
ferdinand,12,10563,0,3.53
lifeless,12,11973,12197,3.23
encyclopaedias,12,0,0,1.74
postal,12,7078,7070,3.94
wi,12,13607,0,4.09
ge,12,25836,0,3.83
gmn,12,0,0,1.31
taking,12,7540,10158,5.39
notre,12,25030,0,3.67
advisor,12,8836,5896,4.01
linlin,12,0,0,1.32
trek,12,11501,9100,3.96
sportspeople,12,0,0,2.16
cusco,12,0,0,2.47
evacuate,12,7751,6917,3.53
sri,12,5862,0,4.12
lanka,12,7358,0,3.89
recipient,12,5361,3919,3.94
push-up,12,0,0,4.81
robe,12,6678,5241,3.52
filling,12,7724,7254,4.19
limp,12,9898,9496,3.43
nasa,12,13017,0,4.21
loch,12,4438,29736,3.45
quantum,12,6774,5616,4.07
wrinkled,12,15636,10812,3.0
blogger,12,0,15914,3.85
noticeable,12,6347,8488,3.75
jahan,12,0,0,2.42
marketing,12,1872,2292,4.78
shangri,12,0,0,2.85
watery,12,12039,10596,3.19
bulgaria,12,8249,0,3.9
nonverbal,12,0,12882,2.66
powerless,12,8511,9305,3.49
conceal,12,3994,5148,3.52
costa,12,8150,0,4.15
rica,12,13129,0,3.75
companionship,12,11684,12816,3.19
counsellor,12,5805,23853,3.32
lace,12,4847,6642,3.82
christianity,12,3886,3761,4.19
claude,12,14262,0,3.76
renoir,12,26978,0,2.73
yin,12,34912,20545,3.35
contagious,12,15314,11527,3.58
perce,12,0,0,2.45
darken,12,8998,8464,2.88
finances,12,0,0,3.9
addictive,12,8209,10283,3.61
respectable,12,4946,7353,3.71
onwards,12,4467,23422,3.61
seemingly,12,4983,3541,4.1
variable,12,2367,1862,4.12
harden,12,6995,8207,3.52
tighten,12,4294,4536,3.51
peacekeeping,12,28947,11773,3.15
unsafe,12,9721,9139,3.67
excitedly,12,12506,12406,3.06
lengthen,12,9590,11453,2.81
wither,12,11732,11891,3.02
negotiation,12,1901,2259,3.78
vs.,12,0,0,4.85
globalization,12,0,6449,3.46
connective,12,27931,19421,3.01
preface,12,9103,13278,3.39
emotive,12,11654,22370,2.88
upcoming,12,23149,5056,4.34
landfill,12,13230,6865,3.35
headteacher,12,10832,0,2.68
lease,12,3049,6035,4.17
incorporate,12,2095,2600,3.85
segment,12,4404,2922,4.26
studios,12,0,0,4.1
backup,12,15901,5476,4.21
acclaim,12,11847,12422,3.29
genetics,12,12618,7640,3.84
interference,12,4513,6409,3.99
tolerance,12,6381,4670,4.06
exhausting,12,13720,14951,3.6
derek,12,3585,0,4.01
brianne,12,0,0,2.22
subsequently,12,2357,5011,4.23
rear,12,4511,4033,4.43
emit,12,7914,6273,3.25
convict,12,4837,3678,3.56
injured,12,5333,5517,4.51
skateboarding,12,0,36890,3.15
opposing,12,7673,6566,4.04
shameful,12,13740,11754,3.57
brownlee,12,0,0,2.74
rooftop,12,15146,8587,3.55
digestion,12,9262,13954,3.31
austrian,12,7873,10516,3.8
exceptionally,12,5956,8698,3.74
benchley,12,0,0,1.93
oversee,12,8611,4055,3.51
non-defining,12,0,0,3.94
bolt,12,5051,4899,4.04
comeback,12,8111,6496,4.05
vocation,12,11792,9913,3.2
envoy,12,10593,9956,3.48
sardine,12,15933,15458,2.66
norm,12,3718,3387,3.93
tile,12,4378,4880,3.72
boa,12,25901,19765,3.18
constrictor,12,41715,28586,2.39
necktie,12,42992,17026,2.55
predator,12,4858,4699,3.71
thrust,12,4582,5904,3.86
lightly,12,3528,3396,3.96
confine,12,2898,5337,2.92
contend,12,6083,3552,3.56
nylon,12,7129,8449,3.42
gasoline,12,23359,4082,3.85
rosalind,12,20659,0,2.93
marginal,12,3361,6094,3.71
guiding,12,7535,6401,3.71
streetwise,12,23516,24240,2.35
coltan,12,0,0,1.89
pulp,12,11972,8643,3.68
cynthia,12,16446,0,3.65
soar,12,5684,4707,3.39
announcer,12,20423,7512,3.58
indication,12,2656,3371,4.06
cling,12,3983,4605,3.49
papyrus,12,26007,23504,2.9
infrastructure,12,5839,3613,4.46
curveball,12,0,20869,2.71
geneticist,12,23779,13239,2.61
autonomy,12,3908,4712,3.86
profitable,12,4487,5352,4.03
mare,12,7364,10747,3.6
skull,12,4520,4244,4.09
weekends,12,0,0,4.05
states,12,1180,0,5.52
threw,12,0,0,4.46
tomatoes,12,0,0,3.9
engaged,12,14043,10128,4.52
occupied,12,8001,9726,4.32
ruins,12,0,0,4.02
millions,12,0,0,4.64
spirits,12,0,0,4.16
ways,12,0,0,5.06
right-handed,12,0,0,4.41
expend,12,11218,10629,2.9
bully,12,8526,7398,3.87
dictate,12,4665,4933,3.58
provided,12,2695,3842,5.02
restrain,12,5566,6825,3.27
sip,12,5867,5716,3.67
well-being,12,0,0,5.69
waiting-room,12,0,0,4.89
auction,12,4370,4632,4.27
swam,12,0,0,3.34
said,12,7598,9053,6.01
isn't,12,0,0,5.41
pictures,12,0,0,4.92
cellar,12,6029,7671,3.6
hawk,12,9990,7924,3.81
hibernate,12,24989,21924,2.7
qq,11,0,0,2.74
gett,11,0,0,2.01
whitcomb,11,0,0,2.6
judson,11,0,0,2.82
ord,11,6326,0,2.96
macao,11,29654,0,2.8
downside,11,20493,8709,3.54
weifang,11,0,0,1.56
crum,11,0,0,2.33
naismith,11,0,0,2.77
rockin',11,0,0,3.18
holly,11,5866,15971,3.88
anthony,11,3123,0,4.41
malaysian,11,16469,16840,3.84
paragliding,11,0,0,2.49
never.,11,0,0,5.91
eliza,11,17314,0,3.48
housewarming,11,0,41120,2.4
ke,11,30861,0,3.5
cn,11,40544,0,3.38
rearrange,11,11146,9441,3.01
x-,11,0,0,5.2
activist,11,4845,2595,4.13
dwarf,11,6218,6855,3.75
pyramids,11,0,0,3.33
records,11,0,0,4.9
olympia,11,12732,0,3.26
ye,11,18199,8332,4.25
apostrophe,11,28500,25254,2.76
pm.,11,0,0,4.69
mandela,11,8357,0,3.41
stratford,11,9190,0,3.34
avon,11,9015,0,3.45
danube,11,16369,0,3.14
tenzing,11,0,0,2.05
norgay,11,0,0,1.83
cleverer,11,0,0,2.35
arabian,11,14808,11172,3.53
ayers,11,39655,0,2.88
shing,11,0,0,2.66
wildly,11,6577,5596,3.71
dawei,11,0,0,1.65
ned,11,12730,0,3.71
zhejiang,11,0,0,2.84
clare,11,3469,0,3.65
shrek,11,0,0,3.27
clover,11,12529,16519,3.36
jelly,11,8007,9024,3.77
serving,11,11698,3438,4.62
cookbook,11,23980,8124,3.36
flip,11,9976,3922,4.2
cinderella,11,14797,0,3.45
arab,11,26475,2201,4.39
www,11,0,0,3.37
connector,11,13024,12477,3.47
drier,11,19790,22822,3.19
icebreaker,11,49141,24502,2.82
greenpeace,11,8308,0,2.96
wartime,11,5655,7697,3.59
wilma,11,37944,0,2.85
humid,11,14511,10699,3.5
paramedic,11,36164,10384,3.19
oasis,11,11579,10318,3.56
handicapped,11,5796,10223,3.42
droplet,11,14805,12935,2.74
aspirin,11,10471,7837,3.34
orleans,11,15204,0,4.21
itinerary,11,12273,11240,3.23
crossroad,11,0,29443,2.48
kitten,11,10473,9944,3.64
attic,11,7888,7194,3.63
houston,11,10186,0,4.42
quota,11,4604,6055,3.53
monk,11,4817,5856,3.93
villa,11,3463,10076,4.2
placement,11,5480,4394,4.04
caterpillar,11,10524,13163,3.38
trigger,11,4962,3666,4.25
felt,11,13940,14168,5.13
unlimited,11,7140,6742,4.1
migrant,11,7371,5190,3.75
wellington,11,7870,0,3.82
harvard,11,8193,0,4.24
grind,11,5538,5372,3.94
hover,11,6116,5041,3.26
prepositional,11,43306,43942,2.17
fearless,11,14216,11481,3.55
overtime,11,9766,8317,3.94
developer,11,3740,3503,4.2
pisa,11,17169,0,3.13
architectural,11,5089,5276,3.96
traveling,11,0,9505,4.27
alright,11,2117,12274,4.42
lash,11,8665,8455,3.38
wharf,11,12557,17288,3.48
axis,11,5787,5598,4.02
buffalo,11,16088,6081,4.14
unlock,11,7040,6901,3.9
amazingly,11,9626,8727,3.64
eleanor,11,5198,0,3.81
cello,11,16286,12971,3.29
muslim,11,6234,2592,4.67
whisky,11,3716,17204,3.63
cellphone,11,42678,10445,3.65
s4,11,0,0,3.32
huckleberry,11,46979,26450,2.74
commas,11,0,0,2.93
colon,11,6817,8209,3.6
calgary,11,26265,0,3.78
unclear,11,5656,5282,3.93
confidently,11,8438,10966,3.41
thirdly,11,6571,19412,3.06
philip,11,2216,0,4.28
woodland,11,4825,11183,3.65
fatty,11,9251,9161,3.8
dj,11,36609,10052,4.23
stepsister,11,0,27745,2.45
nervously,11,7330,7093,3.27
recruit,11,3496,3314,3.89
karst,11,0,39199,2.52
wildfire,11,33548,12520,3.36
jia,11,0,0,3.02
tenderness,11,10448,11011,3.24
danish,11,6094,8261,3.91
archery,11,22234,19386,3.25
distrust,11,11594,10659,3.4
stew,11,10172,7118,3.48
graffiti,11,14298,8807,3.65
outdated,11,13890,10226,3.66
skillfully,11,0,13724,2.84
subatomic,11,46005,21065,2.58
stride,11,5190,6056,3.43
insane,11,9980,6471,4.4
viking,11,8045,5410,3.6
davis,11,4580,0,4.49
archaeological,11,6228,6992,3.68
brow,11,5176,5800,3.55
doctorate,11,15346,8557,3.38
gorge,11,10137,12154,3.4
daydream,11,24655,16376,2.98
intervene,11,3956,5091,3.65
preferable,11,6905,10561,3.44
unnoticed,11,9639,9341,3.42
pageant,11,15528,9524,3.51
revelation,11,4549,4184,3.96
reliance,11,6173,6942,3.81
searching,11,14003,20260,4.36
gandhi,11,7449,0,3.83
mu,11,16619,0,3.69
storyline,11,21489,21119,3.74
mockingbird,11,0,24110,2.98
pleasing,11,7545,9486,3.75
turbine,11,10576,7278,3.63
navigate,11,13860,6416,3.68
exile,11,5086,5273,3.84
ballad,11,10212,9402,3.42
shelley,11,5219,0,3.54
pla,11,24515,0,3.26
daiyu,11,0,0,1.12
ontario,11,12743,0,4.21
filmmaker,11,17998,6164,3.62
blister,11,15538,11153,3.0
strap,11,6536,5909,3.79
realm,11,4782,3911,4.06
presume,11,4921,5740,3.62
blur,11,7648,6364,3.55
didgeridoo,11,0,39279,2.24
vibrate,11,12102,9666,3.06
camper,11,23424,9182,3.26
enterprising,11,11246,16208,2.95
proficiency,11,15072,10195,3.43
rehearse,11,7588,7786,2.94
geographic,11,11950,5436,3.97
miniature,11,6408,6061,3.72
turing,11,47608,0,3.19
restless,11,7077,7303,3.6
monstrous,11,11642,10332,3.41
persistent,11,4704,5269,3.9
inspirational,11,15248,11528,3.75
counterpart,11,4029,3816,3.7
nonstop,11,37908,12147,3.37
piety,11,12476,11884,3.09
contributor,11,7168,4857,3.72
phd,11,12528,7607,4.07
diabetes,11,7386,4089,4.17
perish,11,9526,9475,3.32
auditory,11,16725,10885,3.25
simulate,11,9883,7892,3.44
magnet,11,8503,6272,3.73
quotient,11,25046,17798,2.95
initially,11,2289,2715,4.49
sorrowful,11,23064,19887,2.7
lasting,11,6361,6220,4.11
diligence,11,12381,14741,3.51
lyrics,11,0,5061,4.35
extensively,11,6172,6985,3.87
mold,11,28218,6087,3.77
refine,11,7830,6600,3.28
backstage,11,19724,10925,3.6
blindly,11,12187,12435,3.32
capitalize,11,19693,7953,3.34
hustle,11,15380,9394,3.7
bookish,11,34908,23510,2.57
lifeboat,11,8321,15782,3.19
founding,11,11750,7525,3.99
persistence,11,8650,7491,3.51
embroidery,11,11586,14265,3.24
heartbreaking,11,23112,12509,3.57
naval,11,4376,4941,4.24
zidan,11,0,0,1.54
hannah,11,6773,0,4.05
mangrove,11,26599,15533,2.89
spine,11,4409,4904,3.93
alga,11,8285,0,2.33
frightful,11,15262,20695,2.82
senseless,11,14544,12428,3.35
inconvenience,11,9468,10754,3.69
waterfront,11,16297,9915,3.56
atop,11,19832,4600,3.63
flatten,11,7612,7436,2.98
disarm,11,11775,8775,3.21
migratory,11,22629,12179,3.21
biosphere,11,27240,14277,2.89
vigor,11,0,9655,3.03
muscular,11,7814,6864,3.67
recital,11,12076,11952,3.28
downfall,11,11133,12590,3.54
transmission,11,4198,3665,4.33
administer,11,3700,3661,3.54
ahorita,11,0,0,1.03
civic,11,5715,3970,4.0
cheetah,11,17303,18645,3.2
orphanage,11,15487,9355,3.38
archaeology,11,7294,8477,3.57
slender,11,6511,6578,3.59
counterclaim,11,29283,0,2.21
clash,11,3873,6143,3.97
loosen,11,7609,6023,3.37
pinewood,11,27545,35231,2.65
certify,11,12018,7042,3.08
commonplace,11,8456,8669,3.41
hatred,11,5352,5252,4.05
idiomatic,11,26115,28819,2.46
recollect,11,14189,17984,2.69
ditch,11,6459,6890,3.9
extraterrestrial,11,36847,15606,3.1
csr,11,0,0,3.19
initialism,11,0,0,1.74
whirlpool,11,15638,16038,2.99
inscribe,11,11257,9201,2.19
naxi,11,0,0,1.62
world-famous,11,0,0,4.8
dishes,11,0,0,4.13
chose,11,0,0,4.55
became,11,0,0,5.15
matter?,11,0,0,5.38
meant,11,21807,0,4.94
fallen,11,10003,7883,4.39
accordance,11,32964,8086,4.13
jokes,11,0,0,4.33
b.c.,11,0,0,3.74
contradiction,11,4353,5451,3.45
favorable,11,0,4790,3.85
constitute,11,2270,2887,3.85
zoology,11,23453,21773,3.19
incidence,11,3906,5847,3.64
invalid,11,7986,17470,3.78
scandal,11,3816,3052,4.17
superficial,11,6471,8281,3.56
murmur,11,3363,6039,2.92
honorable,11,0,7084,3.81
wrote,11,0,0,5.04
blues,11,0,0,4.34
concerning,11,2659,3395,4.31
deduce,11,7733,13290,2.97
suspicious,11,4462,4603,4.09
drank,11,0,0,3.95
exercises,11,0,0,4.12
people's,11,0,0,4.68
flowers,11,26960,0,4.64
she's,11,0,0,5.26
hooray,11,21582,23679,3.2
kang,10,47943,0,3.55
pp,10,1574,0,4.38
aw,10,23803,11390,4.13
fortieth,10,23040,26036,2.34
yiwu,10,0,0,1.87
narrate,10,19408,10439,2.79
cer,10,47067,0,2.44
ruby,10,12800,37798,3.98
linking,10,15005,23746,3.96
joe.,10,0,0,4.78
finning,10,0,0,1.95
scienti,10,0,0,1.18
yearold,10,0,0,1.68
yoshi,10,0,0,2.84
dennis,10,4412,0,4.1
fewer,10,2657,1966,4.31
pete,10,4870,0,4.12
classe,10,0,0,2.15
g'day,10,0,0,2.53
rover,10,4875,10395,3.76
micro,10,10740,14651,4.08
d.c.,10,0,0,4.33
lights,10,0,0,4.64
bookworm,10,47528,28993,2.58
morin,10,0,0,2.65
pow,10,25277,19487,3.44
ach,10,18783,28410,2.95
poisoning,10,10012,9582,3.84
swedish,10,5639,6522,4.21
wenchuan,10,0,0,1.41
cameron,10,5888,0,4.26
borrowing,10,4860,11304,3.75
ceo,10,27067,2210,4.46
tock,10,32270,0,2.75
teak,10,21503,17354,2.84
kunming,10,0,0,2.66
zoe,10,13205,0,3.66
littering,10,0,0,2.78
interrogative,10,36168,34959,2.35
taijiquan,10,0,0,1.36
br,10,4914,0,3.89
yaping,10,0,0,1.13
1950s,10,0,0,2.47
wonders,10,0,0,4.0
giza,10,42439,0,2.78
edmund,10,6682,0,3.63
hillary,10,17762,0,4.3
macy,10,45328,0,3.01
luther,10,14916,0,3.88
countdown,10,19386,14708,3.68
yining,10,0,0,1.19
lle,10,0,0,1.84
noticeboard,10,20560,0,1.78
coldest,10,0,0,3.22
it.,10,0,0,6.95
havoc,10,11169,9540,3.5
seb,10,8387,0,2.96
hunan,10,0,0,2.8
tilt,10,6422,5070,3.66
laziness,10,19228,19182,3.17
alabama,10,21308,0,4.26
philosophical,10,4779,4661,3.95
kazu,10,0,0,1.97
southwards,10,14953,0,2.58
optimist,10,14974,11811,3.02
scramble,10,6181,4326,3.39
dealer,10,2450,2575,4.19
dos,10,6314,0,3.69
projector,10,15105,10289,3.41
carter,10,4840,31734,4.35
blacksmith,10,12199,14740,3.26
hyde,10,7890,0,3.7
louise,10,4429,0,4.0
furnace,10,10035,9102,3.62
dose,10,3251,3523,4.2
mosque,10,10417,5801,3.89
cleverly,10,11425,14301,3.18
fewest,10,33801,0,3.03
blaze,10,7128,8056,3.69
chou,10,43746,0,2.98
unpack,10,11658,11431,3.04
oceans,10,0,0,3.76
carnivorous,10,23095,20396,2.85
atm,10,28822,10913,3.85
manufacturing,10,2140,3161,4.56
grouping,10,5171,7975,3.46
dictator,10,11395,6740,3.66
grieve,10,11575,9760,3.33
tidal,10,8579,8988,3.7
mango,10,19708,9494,3.56
starch,10,19573,13530,3.3
realization,10,7207,5579,3.72
zi,10,0,0,2.87
crafty,10,14501,18577,3.21
seen,10,0,0,5.52
animated,10,9780,6729,4.07
na,10,42096,0,4.42
gala,10,9169,9165,3.67
brisk,10,8623,9149,3.2
aerobics,10,23211,12223,2.75
backboard,10,0,20813,2.57
rack,10,6006,4151,3.9
anderson,10,4408,0,4.36
sanitation,10,15674,10135,3.57
animate,10,18570,12412,3.14
dence,10,0,0,1.57
livestock,10,6146,6173,3.83
trustworthy,10,14363,13072,3.51
raven,10,16332,14323,3.79
noisily,10,12642,16141,2.49
goalkeeper,10,6313,22826,3.79
paintbrush,10,23665,18981,2.62
wren,10,16089,21349,3.09
extinguisher,10,20765,18594,2.92
pamphlet,10,6888,8959,3.32
hart,10,7871,0,4.04
zou,10,0,0,2.38
xe,10,0,0,2.73
laozi,10,0,0,1.76
cai,10,0,0,2.95
lun,10,0,0,2.67
championships,10,0,0,4.03
movable,10,18793,16818,3.15
bre,10,0,0,2.53
reassurance,10,7601,10591,3.27
excl,10,0,0,2.41
warr,10,40172,0,2.39
belgium,10,4510,0,4.15
untidy,10,9756,23636,2.61
watchtower,10,35475,25527,2.85
abbr,10,0,0,2.03
grit,10,12145,9008,3.43
nashville,10,25431,0,3.98
ropeway,10,0,0,1.76
ph,10,4255,0,3.97
extra-curricular,10,0,0,3.05
revival,10,5131,5417,3.93
overflow,10,9554,9278,3.39
evacuation,10,8926,8221,3.74
iran,10,3610,0,4.62
commercialise,10,39137,0,1.75
entrust,10,8484,10414,2.87
fundraising,10,15782,0,3.81
renowned,10,6993,7209,3.96
illegally,10,8783,6834,3.87
me.,10,0,0,6.48
troll,10,17500,11284,3.73
mumtaz,10,0,0,2.31
walter,10,3706,0,4.36
amish,10,0,12980,3.27
robotics,10,42342,16853,3.53
ranger,10,4656,7589,3.88
continually,10,4684,5510,3.91
envision,10,33804,4483,3.17
workaday,10,32818,0,2.03
automate,10,23818,17156,3.08
methane,10,13128,11180,3.54
continuation,10,6109,8836,3.71
geothermal,10,28084,16179,3.18
presidential,10,3474,1615,4.52
immortal,10,11369,11365,3.77
grassy,10,12106,10102,3.24
chilly,10,9759,8438,3.5
moderation,10,11382,10954,3.47
jasper,10,10837,0,3.59
drilling,10,16095,12200,3.93
nova,10,14796,19731,3.92
talkative,10,19328,17672,2.97
sufferer,10,4863,11540,2.94
cixin,10,0,0,1.26
puff,10,9777,8283,3.55
hack,10,8661,8227,4.05
catchy,10,22766,17352,3.49
supportive,10,6414,4522,4.05
olivia,10,13352,0,3.83
parakeet,10,37642,24294,2.48
grew,10,0,0,4.69
stake,10,2769,2591,4.15
faced,10,36501,37350,4.49
caretaker,10,8671,9583,3.45
aging,10,23291,5306,4.04
cohesive,10,12438,12919,3.31
cooperative,10,8090,4249,3.86
proclaim,10,4729,4454,3.27
stolen,10,6123,7223,4.41
sedentary,10,19189,13725,3.14
ranking,10,9081,5038,4.19
gunfire,10,14888,8724,3.53
heroism,10,18666,11794,3.26
soybean,10,44433,8928,3.09
edith,10,9069,0,3.57
advisable,10,8630,18573,3.26
ass,10,9929,4201,5.0
temporarily,10,4698,5213,4.06
sociology,10,3612,8002,3.78
cross-cultural,10,0,0,4.56
replicate,10,10373,6621,3.55
rainwater,10,15583,14118,3.0
analytical,10,6653,7338,3.73
gorgeous,10,7977,5457,4.35
skydiving,10,0,40575,3.01
quicken,10,11390,11424,2.86
campsite,10,17412,11353,3.09
consistently,10,4182,3596,4.24
thou,10,4603,8663,4.16
recitation,10,21401,15075,2.9
tread,10,5533,8263,3.52
czech,10,7332,7407,3.95
anthropologist,10,7410,6282,3.16
ecological,10,7293,4396,3.78
airsick,10,0,43744,1.1
carsick,10,0,40541,1.7
tropic,10,38589,26288,2.83
uganda,10,12868,0,3.78
risks,10,0,0,4.35
dazzling,10,8690,8568,3.39
bbq,10,0,0,3.66
lauren,10,21088,0,3.98
jay,10,6282,18401,4.38
semi-final,10,0,0,4.44
finch,10,13082,17186,3.55
torn,10,12597,9843,4.08
makeover,10,0,10495,3.47
stereotype,10,7958,4936,3.43
dorian,10,13500,0,3.17
apt,10,7584,6999,3.69
purely,10,2929,5120,4.1
elevate,10,9646,6022,3.38
wavelength,10,8243,8023,3.45
mound,10,7100,5067,3.6
plumbing,10,11529,8854,3.59
swimsuit,10,22800,13524,3.28
mentor,10,11506,4561,3.93
redden,10,23074,16258,2.29
flake,10,10159,7753,3.21
orchard,10,7245,7259,3.57
elegance,10,8720,9284,3.42
pledge,10,5695,5198,4.0
reconstruction,10,5133,5208,3.96
sensibility,10,10191,6698,3.2
bittersweet,10,34583,11921,3.24
irony,10,5633,4338,3.86
integral,10,5095,5882,3.96
inclusive,10,11747,8272,3.97
baboon,10,17111,15908,2.73
exert,10,5057,6115,3.36
rouse,10,10108,10921,3.1
evidently,10,4308,6339,3.6
vacancy,10,6416,10277,3.65
intrigue,10,11346,7897,3.36
rang,10,0,0,3.72
spur,10,5066,6458,3.66
paralyze,10,0,7146,2.65
p66,10,0,0,1.46
suburban,10,6971,3472,3.91
pauper,10,15311,21664,2.78
firewood,10,15317,12444,3.16
gasp,10,5196,5660,3.45
cognitive,10,5220,3344,4.11
auditorium,10,14417,9580,3.51
ironic,10,6857,5450,3.8
industrialization,10,13185,12437,3.07
norgate,10,0,0,1.6
jaguar,10,8116,16847,3.51
sabrina,10,18171,0,3.35
trivial,10,5940,8180,3.66
billboard,10,20359,7143,3.87
crooked,10,11809,8300,3.63
tiramisu,10,0,29347,2.46
uplifting,10,19506,14624,3.32
hairdresser,10,7918,14832,3.17
resignation,10,3144,5762,4.02
advertiser,10,8782,7638,3.38
nanotechnology,10,0,15982,3.02
persephone,10,42153,0,2.61
held,10,21805,28648,5.24
cance,10,0,0,1.79
humourous,10,42902,0,2.03
sympathise,10,13717,0,2.71
stallion,10,13053,14932,3.24
c.e.,10,0,0,2.66
virtually,10,2034,2046,4.26
surpass,10,11531,6859,3.37
administrator,10,4362,2484,4.07
neuron,10,9397,10575,3.16
argumentation,10,38417,25451,2.65
chronic,10,4016,3654,4.2
metro,10,12275,7110,4.18
flying,10,3653,4902,4.71
father's,10,0,0,4.26
burned,10,23425,13155,4.31
sent,10,0,0,5.16
built,10,0,0,5.07
blessed,10,9799,8050,4.23
filled,10,21077,19958,4.7
a.d.,10,0,0,3.39
tedious,10,8426,10501,3.5
developing,10,2674,2615,4.66
attorney,10,7239,1069,4.69
hinder,10,7538,8229,3.39
incline,10,12104,12701,3.15
nuisance,10,5300,8738,3.5
old-fashioned,10,0,0,3.93
outskirts,10,7565,8456,3.56
recession,10,2273,3576,3.85
befriend,10,14740,11793,2.93
rust,10,14222,10260,3.74
closed,10,3490,3680,4.9
eligible,10,4794,4608,4.29
fixed,10,2379,4332,4.7
written,10,2544,3581,5.09
remaining,10,2187,2155,4.63
hide-and-seek,10,0,0,4.27
rode,10,0,0,3.91
retired,10,5236,3670,4.44
potatoes,10,0,0,4.09
binoculars,10,8157,7607,3.1
long-term,10,0,0,5.13
sexual,10,1384,1006,4.82
good-bye,10,0,0,4.38
he's,10,0,0,5.6
squid,10,16736,11582,3.44
brotherhood,10,11836,13702,3.85
loudspeaker,10,14516,12875,2.95
wounded,10,6501,5376,4.32
snatch,10,5049,6071,3.53
ages,10,0,0,4.53
coco,9,35252,29541,3.49
err,9,13980,13165,3.39
25th,9,0,0,3.65
ss,9,10160,0,4.1
sixtieth,9,36986,33051,2.15
om,9,26046,0,3.55
pang,9,12693,14395,3.11
xia,9,0,0,2.77
uncrowded,9,35562,27560,1.85
cba,9,0,0,3.31
stoker,9,27602,29172,2.84
planner,9,5121,4500,3.53
fm,9,12814,0,4.02
bi,9,43270,0,4.04
numeral,9,21494,19071,2.77
dalian,9,49924,0,2.73
u.k,9,0,0,3.71
pakistan,9,3905,0,4.55
duckling,9,20442,21663,2.66
witch,9,6162,5294,4.11
eyeglass,9,42063,14443,2.33
filming,9,15680,17334,4.19
warmly,9,7654,11007,3.24
toothpick,9,39532,13691,2.81
reconsider,9,7678,7758,3.63
ding,9,26493,28040,3.63
impossibility,9,9546,12861,3.04
transporter,9,17373,20723,3.19
wright,9,3602,0,4.2
von,9,5785,0,4.17
swiftly,9,5052,7188,3.54
gobi,9,43196,0,2.54
buying,9,9637,6829,4.75
hula,9,47289,22165,3.01
barcelona,9,6761,0,4.23
changjiang,9,0,0,1.66
others,9,0,336,5.42
missouri,9,19698,0,4.26
seine,9,19738,36495,3.17
johann,9,17146,0,3.37
mao,9,13042,0,3.6
pudong,9,0,0,2.21
injun,9,0,0,2.07
hurdling,9,0,0,2.12
unusually,9,5607,6275,3.76
ecotourism,9,0,19763,2.43
grounds,9,0,0,4.43
indirectly,9,5682,7019,3.71
huangpu,9,0,0,1.86
birmingham,9,2505,0,4.18
1920s,9,0,0,2.23
chongqing,9,0,0,2.83
parkville,9,0,0,2.26
huan,9,0,0,2.26
waterskiing,9,0,0,2.02
rafting,9,27836,17044,2.83
gliding,9,22638,25746,3.14
anhui,9,0,0,2.47
arabia,9,5858,0,4.12
tales,9,0,0,4.1
pollen,9,12676,9612,3.47
abraham,9,9098,0,3.98
geneva,9,5771,0,4.0
non-fiction,9,0,0,4.38
pessimist,9,19848,18238,2.67
businessmen,9,0,0,3.56
pharmacy,9,15531,8014,3.87
fitting,9,4717,10090,4.1
shady,9,11536,9404,3.71
nearer,9,7550,21210,3.38
voicemail,9,0,26909,3.32
pamela,9,6768,0,3.57
overcast,9,21438,17180,3.05
hemisphere,9,5852,8591,3.69
weatherman,9,34137,19246,2.7
swamp,9,9459,6335,3.84
softer,9,0,0,3.54
yarn,9,5204,11457,3.6
armour,9,6061,41329,3.75
plague,9,7688,6638,3.89
cylinder,9,4820,7075,3.99
st.,9,0,0,5.2
persia,9,13283,0,3.36
gamer,9,0,20166,3.62
miniskirt,9,45253,20289,2.38
ax,9,28327,11322,3.34
michelle,9,8262,0,4.16
lighthouse,9,9988,12513,3.55
grottoes,9,0,0,2.03
locally,9,3795,5879,4.11
toxic,9,5147,4090,4.24
sushi,9,38712,11537,3.68
overturn,9,7061,6200,3.22
alternate,9,9515,7396,4.11
cooper,9,5098,30703,4.26
tasmania,9,21728,0,3.53
haka,9,0,0,2.48
ozone,9,4898,6010,3.42
peninsula,9,7750,9009,4.03
caffeine,9,22623,9489,3.67
pupa,9,0,26705,2.51
troupe,9,16383,11543,3.25
impartial,9,11147,12318,3.38
les,9,4839,0,4.1
footwear,9,13862,14384,3.42
merge,9,4687,5365,3.75
prohibition,9,6635,6807,3.77
neuschwanstein,9,0,0,1.89
w.,9,0,0,5.21
rowan,9,22181,39547,3.32
chap,9,3565,12814,3.61
uruguay,9,10873,0,3.7
foul,9,6849,7712,4.05
plank,9,7531,8053,3.46
andersen,9,16546,0,3.27
wove,9,0,0,2.56
greedily,9,22783,23356,2.39
pinch,9,7728,7741,3.76
abbey,9,3572,17783,3.88
saxophone,9,22024,13561,3.15
flea,9,11955,9159,3.42
a.m.-,9,0,0,4.35
snowmen,9,0,0,2.43
unplug,9,33715,21574,2.95
lester,9,10513,0,3.66
hurst,9,12999,0,3.1
stringed,9,37731,28812,2.6
scanning,9,16290,15071,3.72
gus,9,16913,0,3.64
birds,9,12143,0,4.6
miaow,9,35428,0,1.83
defining,9,20354,9589,3.96
crouch,9,6240,6738,3.26
integrated,9,4058,4800,4.29
hunchback,9,34836,23327,2.69
sunburned,9,48719,24335,2.43
southwestern,9,25820,7465,3.64
midori,9,0,0,2.58
texting,9,0,0,3.71
unexplored,9,18905,17548,2.88
ecuador,9,13380,0,3.64
mia,9,17628,0,3.87
oracle,9,6795,17550,3.7
wrestler,9,19700,11291,3.52
socially,9,4316,4573,3.96
multiculturalism,9,30398,11084,3.09
shield,9,4113,5606,4.3
rehearsal,9,5643,5413,3.68
aswan,9,27614,0,2.37
safeguard,9,6520,9121,3.55
killing,9,4165,3283,4.88
wuzhen,9,0,0,1.37
kipling,9,15210,0,2.93
isle,9,3274,19025,3.83
cardiff,9,3902,0,3.92
linguistic,9,3084,6695,3.71
ningbo,9,0,0,2.29
knob,9,9973,7863,3.49
wiring,9,10075,9902,3.53
themed,9,42176,25996,3.94
peppercorn,9,25215,17588,2.27
youthful,9,8548,7434,3.58
alphago,9,0,0,1.74
nucleus,9,5854,6944,3.59
geyser,9,33646,16661,2.8
casey,9,13056,0,3.96
overuse,9,39845,18872,3.02
mule,9,12092,6605,3.44
realism,9,6105,7175,3.69
ceramic,9,10129,7807,3.74
fuss,9,6428,9325,3.62
habitable,9,21087,18476,3.13
belonging,9,0,0,4.05
aspiration,9,4763,5607,3.3
disapproval,9,8652,10369,3.28
groan,9,6209,7178,3.12
gansu,9,0,0,2.24
plow,9,0,8039,3.21
ezra,9,25226,0,3.51
computing,9,3764,7845,4.07
plasma,9,5908,8260,3.95
conner,9,30351,0,3.17
halifax,9,7302,0,3.59
quarry,9,4807,9794,3.6
scotia,9,20646,0,3.49
anxiously,9,7329,10627,3.09
toxin,9,10698,8565,3.3
discomfort,9,6957,6452,3.65
obstruction,9,7667,8999,3.55
cheesecake,9,24997,13628,3.22
beating,9,8522,5988,4.43
stun,9,11636,5131,3.37
needy,9,11222,8796,3.58
tombe,9,0,0,1.65
marxism,9,7391,14142,3.35
recreational,9,8839,5934,3.91
organisational,9,5874,40499,3.2
bias,9,4611,3925,4.18
freshness,9,13991,14623,3.12
termite,9,17526,11828,2.78
submersible,9,28410,20782,2.79
henderson,9,7325,0,3.93
gypsy,9,7047,13501,3.55
desperation,9,7652,7496,3.55
wechat,9,0,0,2.78
humidity,9,12414,8375,3.83
southeastern,9,34348,6679,3.66
bertrand,9,15657,0,3.17
conversational,9,10168,13516,3.11
refuge,9,5308,4616,3.91
livelihood,9,9493,9184,3.42
jonny,9,45334,0,3.33
shaw,9,5689,0,4.08
availability,9,3746,4777,4.13
joyous,9,14459,12213,3.33
essayist,9,33686,15631,2.66
marlin,9,28785,17367,3.01
immerse,9,9644,8097,2.94
isolation,9,3666,4276,4.02
cord,9,5654,4314,3.98
evoke,9,5736,5018,3.27
mainstream,9,5848,3528,4.26
analects,9,0,0,1.9
conception,9,3245,4636,3.75
biophysicist,9,0,39914,1.49
procrastination,9,23277,20478,2.96
alliance,9,2354,3376,4.4
utilize,9,10147,4264,3.75
ethic,9,12332,7137,3.54
permanently,9,4922,5676,4.08
tears,9,0,0,4.47
richness,9,9733,9253,3.26
inability,9,5324,5112,3.93
decorative,9,6117,6658,3.8
taoist,9,0,33806,2.68
objectively,9,11272,12438,3.28
angelou,9,0,0,2.92
enormously,9,6401,7412,3.39
thistle,9,12189,17374,3.24
riley,9,12307,0,3.9
samothrace,9,0,0,1.67
mallory,9,29954,0,3.15
shipwreck,9,20784,17434,3.11
smartie,9,0,0,1.59
stinky,9,49046,21146,3.12
limitless,9,13891,13518,3.27
cinematic,9,22306,12433,3.6
newfoundland,9,16494,0,3.38
j.d.,9,0,0,3.39
salinger,9,0,0,2.68
bombing,9,5435,3087,4.09
jawline,9,36746,27564,2.62
execution,9,3988,4234,4.29
marvel,9,11744,7805,4.16
mutt,9,37429,16202,2.93
mulberry,9,16997,22352,3.15
fulfilment,9,7611,34001,2.97
bleak,9,5960,7297,3.43
miraculous,9,11303,9336,3.43
disposition,9,6086,7219,3.48
graze,9,7059,7524,3.02
vein,9,4355,5023,3.77
scarcely,9,4028,6981,3.33
flutter,9,9044,8041,3.06
pictograph,9,0,28499,1.7
detract,9,11265,14366,3.01
hiker,9,33870,9687,2.78
veto,9,10573,7289,3.65
regretful,9,24259,27189,2.55
scripture,9,7315,9225,3.77
spontaneous,9,5599,6576,3.71
irritable,9,11965,14272,3.09
wushu,9,0,0,2.2
sage,9,11582,8214,3.83
deputy,9,1827,2568,4.55
paras,9,0,0,2.68
utility,9,4210,2578,4.27
forceful,9,9567,10012,3.24
conform,9,4792,6957,3.53
diplomatic,9,3567,3940,4.11
classics,9,0,0,3.9
lyn,9,16381,0,3.09
individuality,9,9838,10589,3.2
microorganism,9,17982,11483,2.32
detector,9,6230,5477,3.71
jen,9,18170,0,3.58
merian,9,0,0,1.62
probability,9,3717,5104,4.02
energize,9,34767,9205,2.76
boya,9,0,0,1.75
brushwork,9,35642,23967,2.13
dishonesty,9,14433,17519,3.17
solidarity,9,5414,6213,3.89
unselfish,9,20739,21440,2.72
goalpost,9,21627,29521,2.26
backfire,9,14304,10577,3.11
acupuncturist,9,36442,26283,2.01
forefront,9,8475,8815,3.52
mock,9,8031,7541,3.85
diction,9,21809,19662,2.71
withstand,9,7636,6972,3.65
disturbance,9,4293,6265,3.61
rib,9,5074,4568,3.59
accusation,9,5025,4870,3.6
burglary,9,7225,10553,3.44
repertoire,9,7794,7784,3.43
banner,9,5950,5333,4.12
industrialize,9,36170,23391,1.97
year's,9,0,0,4.38
woke,9,0,0,4.22
understood,9,32803,25685,4.58
wolves,9,0,0,4.01
twenty-first,9,0,0,4.64
pieces,9,0,0,4.72
rags,9,0,0,3.33
ends,9,0,0,4.75
notify,9,5665,6111,3.73
left-handed,9,0,0,4.39
kind-hearted,9,0,0,3.76
developed,9,4393,4979,4.95
quantify,9,8904,9701,3.24
bystander,9,14714,11928,3.02
charter,9,3063,4386,4.23
cop,9,6717,2199,4.37
damn,9,6565,4414,5.09
deprive,9,4489,6202,3.19
fluctuate,9,11623,12670,2.99
heir,9,4607,6177,3.89
lest,9,9641,8827,3.54
memorandum,9,5460,10968,3.47
merit,9,3641,4501,4.08
ounce,9,8670,0,3.8
precaution,9,5945,7088,3.4
resent,9,5944,6430,3.38
so-called,9,0,0,5.54
speculate,9,6395,4809,3.48
startle,9,7875,5455,2.69
lessen,9,8420,7650,3.37
sideroad,9,0,0,0.0
abandoned,9,9617,6184,4.4
beaten,9,9688,10351,4.21
touching,9,9649,9116,4.22
astonishing,9,5994,6500,3.67
publicity,9,3003,4540,4.0
bookseller,9,8293,16702,2.9
discouraged,9,0,33275,3.62
fascinated,9,19346,18237,3.6
inflation,9,2030,3197,4.14
junction,9,3125,13186,3.94
maturity,9,4325,6413,3.87
inadequate,9,3218,5006,3.82
"...,",9,0,0,0.0
met,9,10641,0,5.09
told,9,39533,0,5.54
vegetables,9,0,0,4.15
taught,9,25219,25489,4.68
sold,9,32763,24060,4.97
forgot,9,0,0,4.63
furry,9,14379,13002,3.56
labourer,9,5556,32892,2.94
mixed,9,3497,4174,4.64
beddings,9,0,0,1.36
syndrome,9,4741,4281,4.23
hb,8,26382,0,3.33
e-,8,0,0,5.28
hi.,8,0,0,5.0
28th,8,0,0,3.65
ii,8,1130,0,5.02
100th,8,0,0,1.66
att,8,44771,0,3.22
mondays,8,0,0,3.38
unhappiness,8,11535,12975,3.15
kongming,8,0,0,1.02
drying,8,11518,13049,3.74
cha,8,30647,0,3.7
cant,8,24482,28260,4.35
lausanne,8,22889,0,2.99
weld,8,11669,15095,3.33
hutong,8,0,46741,1.65
vera,8,12265,0,3.71
willie,8,4887,0,3.89
invit,8,0,0,1.04
a-d,8,0,0,5.45
mills,8,5719,0,4.22
moo,8,41295,22343,3.15
nigeria,8,6738,0,4.33
bing,8,32876,0,3.63
poutine,8,0,0,2.5
yum,8,29631,19359,3.46
expressing,8,0,0,3.99
riverside,8,12153,17851,3.67
surfer,8,17748,11560,3.3
mermaid,8,19422,17705,3.47
danielle,8,16843,0,3.62
transitive,8,29153,37015,2.76
policewomen,8,0,0,1.88
1900s,8,0,0,2.06
rex,8,6769,0,3.89
babysit,8,22656,0,3.03
compost,8,8153,6156,3.21
kiwis,8,0,0,2.87
fools,8,0,0,3.88
e-reader,8,0,0,4.29
guinness,8,4871,0,3.49
sit-up,8,0,0,4.89
eh,8,2460,8615,4.26
finishes[manual],8,0,0,3.76
trafalgar,8,11657,0,3.02
1860s,8,0,0,1.74
longfellow,8,46446,0,2.7
lear,8,10681,0,3.22
learnt,8,0,0,3.87
polly,8,6296,0,3.4
belinda,8,7497,0,3.11
manure,8,12125,9810,3.2
ba,8,9157,0,4.13
vicky,8,13019,0,3.35
hudson,8,7356,0,4.03
walker,8,3461,7956,4.42
gunn,8,17031,0,3.26
unidentified,8,11631,4861,3.61
vent,8,9816,7608,3.8
hopp,8,0,0,1.91
worlds,8,0,0,4.23
scientifically,8,14241,9981,3.45
henley,8,8286,0,3.19
michigan,8,16072,0,4.54
envious,8,14089,15366,3.22
moisture,8,7063,5447,3.9
cyber,8,0,0,3.98
washer,8,15321,11379,3.34
um,8,7427,7325,4.13
pickle,8,12016,10048,3.39
freshly,8,7164,5346,3.61
flatter,8,8558,9933,3.27
stationer,8,25152,32068,1.74
brighton,8,4398,0,3.85
blake,8,5473,0,4.16
messaging,8,0,16000,3.8
macdonald,8,5434,0,3.69
conj,8,0,0,1.58
woodhouse,8,21341,0,2.91
apparatus,8,5318,6978,3.78
vesuvius,8,36360,0,2.67
alps,8,9979,0,3.56
kilt,8,20199,20308,2.88
silky,8,12609,11723,3.26
curb,8,7037,6733,3.79
rm,8,25211,0,3.75
hail,8,6469,6105,3.92
dramatist,8,21025,21749,2.8
electronics,8,4397,4863,4.19
hewlett,8,17489,0,3.14
picturesque,8,7878,11374,3.5
pussy,8,17220,14353,4.24
tennessee,8,14882,0,4.21
courthouse,8,24313,5945,3.61
mingle,8,8698,8350,3.21
wretch,8,21259,23396,2.83
provision,8,783,2612,4.14
counting,8,12064,9449,4.27
reliability,8,6672,4202,3.92
ict,8,0,0,3.33
s3,8,0,0,3.44
multiplication,8,12748,16434,3.26
tally,8,11708,11596,3.62
equilateral,8,41387,37280,2.35
aftershock,8,45070,18079,2.58
uproot,8,13714,18870,2.63
bottled,8,14890,10891,3.49
graveyard,8,9850,9979,3.56
indonesian,8,10842,9138,3.89
reinvent,8,23071,8189,3.06
photosynthesis,8,17561,17755,3.03
shrub,8,6140,7153,3.19
splint,8,24706,21564,2.66
cunning,8,9717,12813,3.45
borne,8,0,0,3.67
whirl,8,10659,8035,2.96
janeiro,8,20865,0,3.52
workaholic,8,24629,19737,2.64
twitter,8,26239,29161,4.83
cuba,8,7366,0,4.13
milne,8,12912,0,3.2
cocaine,8,7289,4315,3.98
billionaire,8,25339,9507,3.76
operating,8,2648,3207,4.75
tussaud,8,38339,0,1.68
tumble,8,6023,5472,3.41
testing,8,3548,2501,4.67
trophy,8,4211,5448,4.17
fifa,8,28453,0,4.21
ketchup,8,21656,11691,3.46
brady,8,10787,0,3.97
vow,8,7697,5464,3.56
lowland,8,9114,12819,2.99
pavilion,8,7859,11779,3.62
poles,8,0,0,3.88
rumble,8,11387,8741,3.43
propel,8,9762,6618,3.16
neptune,8,15880,0,3.36
walkman,8,16836,19415,2.62
westminster,8,3288,0,4.0
specialty,8,17206,4553,3.89
catherine,8,4147,0,4.11
canoeist,8,28216,30459,1.73
putter,8,17627,14889,2.91
allen,8,3889,40152,4.38
vanessa,8,12991,0,3.72
prc,8,0,0,3.12
ivan,8,8149,0,3.86
screenwriter,8,36817,13565,3.17
modifier,8,27796,25371,2.89
tm,8,26491,0,3.62
roddy,8,23125,0,2.98
muff,8,34687,26821,2.7
yongle,8,0,0,1.5
raymond,8,6145,0,3.98
puberty,8,15919,12576,3.47
hamburg,8,10020,0,3.62
paraphrasing,8,0,0,2.8
organized,8,9035,4910,4.51
slam,8,4608,3458,4.02
janice,8,10848,0,3.35
impersonal,8,8797,12028,2.92
warsaw,8,8260,0,3.66
whoop,8,21170,17648,3.2
inactive,8,12290,13572,3.63
oc,8,42229,0,3.59
sandstorm,8,43141,23419,2.73
starlight,8,23953,16180,3.14
jiuzhaigou,8,0,0,1.34
flew,8,0,0,4.16
martina,8,25488,0,3.08
cannibal,8,21515,17643,3.05
donald,8,4204,0,4.46
putonghua,8,0,0,1.58
kobe,8,0,0,3.65
ronaldo,8,0,0,3.75
shyly,8,16706,14872,2.42
haunted,8,18957,12286,3.87
tianshan,8,0,0,1.87
titicaca,8,0,0,2.2
downhill,8,11207,9523,3.66
murray,8,5172,0,4.27
biggest,8,0,0,4.93
tomatina,8,0,0,1.46
misleading,8,4777,6573,3.9
liyan,8,0,0,1.05
boyfriend,8,4827,3378,4.59
lent,8,16124,0,3.75
miguel,8,9367,0,3.77
scout,8,6892,7109,3.97
gentlemen,8,0,0,4.13
furious,8,4734,5544,3.98
kremlin,8,12863,0,3.39
foolishly,8,15177,17742,2.96
rudyard,8,25265,0,2.57
demonstration,8,2547,3142,4.06
nevada,8,20332,0,4.04
las,8,12276,0,4.28
vegas,8,15579,0,4.42
hoof,8,10275,10091,3.06
rental,8,7700,4746,4.1
normans,8,0,0,2.71
boiler,8,6121,10861,3.71
fore,8,9559,13386,3.52
knight,8,5152,27105,4.28
photoelectric,8,0,31967,2.3
xueqin,8,0,0,1.34
nanobot,8,0,34133,1.46
bingbing,8,0,0,1.9
slump,8,6160,6804,3.36
argentina,8,5831,0,4.22
dub,8,7725,6064,3.64
batch,8,5555,6640,3.91
vocal,8,7011,4488,4.16
intoxicate,8,18916,16545,1.94
unseen,8,8594,8001,3.61
tactile,8,19870,13853,3.1
relish,8,7766,8659,3.32
technologically,8,20945,12463,3.15
essentially,8,2399,2286,4.42
cultivation,8,6712,9376,3.63
giotto,8,37549,0,2.28
humanistic,8,24365,16807,2.88
masaccio,8,0,0,1.76
arched,8,12388,14034,3.24
standout,8,0,13111,3.28
medication,8,8710,3149,4.15
banjo,8,35176,16146,3.27
rebuilding,8,11935,10254,3.71
afloat,8,13781,11249,3.33
diarrhoea,8,7381,32682,3.02
sadden,8,13839,12385,2.04
inaccessible,8,11099,12956,3.3
restate,8,15043,16704,2.47
anthelme,8,0,0,1.04
provincial,8,4185,6308,4.08
winnipeg,8,29030,0,3.59
severely,8,3818,4850,4.1
mariana,8,18028,0,3.07
openly,8,4961,4491,4.11
reasonably,8,2641,5072,4.03
miner,8,3339,5693,3.58
trifle,8,11802,16426,2.93
bruise,8,8010,7621,3.18
horrify,8,14959,9604,2.13
inaction,8,18917,14391,3.13
rim,8,6963,4602,3.85
advancement,8,8724,6629,3.81
pouch,8,10549,9335,3.43
tasmanian,8,38099,30959,3.22
damaging,8,6067,8349,3.91
tanzanian,8,28339,25903,2.72
hypothetical,8,8688,8049,3.61
economist,8,4224,2994,3.87
suited,8,19439,21600,4.03
vanilla,8,16038,5374,3.84
inclusion,8,5156,5409,4.02
triple,8,8696,7063,4.31
preparedness,8,20436,12853,3.32
heng,8,0,0,2.47
interestingly,8,7167,6739,3.6
privately,8,4920,4718,4.01
loosely,8,7559,6916,3.62
endeavor,8,0,5892,3.56
irreplaceable,8,21187,18029,3.01
cyclone,8,23855,17926,3.51
pel,8,0,0,2.28
bestseller,8,20822,0,3.34
perception,8,2545,1866,4.18
tiredness,8,11857,22642,2.92
conservationist,8,12839,11943,2.7
shaving,8,23918,18858,3.62
oneness,8,24388,20924,2.84
globally,8,19488,10296,3.82
financially,8,5942,5474,3.98
kinesthetic,8,0,22059,2.13
zootopia,8,0,0,2.46
longevity,8,15013,8871,3.55
wrapping,8,14123,13976,3.58
stab,8,5408,5835,3.78
buridan,8,0,0,1.41
regain,8,4776,4783,3.73
j.r.r.,8,0,0,2.38
waynoka,8,0,0,0.0
cub,8,10029,10403,3.49
bioengineer,8,0,0,1.56
tumour,8,4248,0,3.39
threatening,8,11096,11078,4.19
adhere,8,6380,6516,3.57
entertainer,8,14517,8547,3.45
heartbreak,8,20418,14300,3.39
haze,8,10375,8157,3.42
blink,8,6283,4607,3.73
uzbekistan,8,17965,0,3.23
whitman,8,39106,0,3.39
subjunctive,8,0,33190,2.55
tiptoe,8,16864,13538,2.64
coleridge,8,6811,0,2.85
quatrain,8,42456,30290,2.03
authorize,8,8119,4767,3.38
roadside,8,9740,7439,3.45
intellect,8,8730,8849,3.49
nudge,8,9837,7726,3.22
freckle,8,22724,13714,2.36
stuart,8,3320,0,4.13
knighthood,8,16125,28433,2.89
manipulate,8,4688,4248,3.69
kansas,8,15851,0,4.37
smoky,8,14762,9887,3.33
handwritten,8,15175,12586,3.33
horizontal,8,5097,6000,3.9
memo,8,8888,5129,3.81
kimberley,8,24534,0,3.08
podium,8,19520,7960,3.63
bront,8,0,0,1.41
rye,8,13058,15218,3.52
pablo,8,23476,0,3.8
hofman,8,0,0,2.04
everlasting,8,14550,16997,3.44
wasp,8,8176,11805,3.35
negotiable,8,15090,19719,3.22
categorise,8,11914,0,2.28
norwegian,8,8036,9813,3.95
misjudge,8,18432,18197,2.19
bizarre,8,5305,4957,4.02
melancholy,8,14439,13596,3.39
exquisite,8,8931,8096,3.61
artisan,8,10214,9296,3.26
professionalism,8,8752,10943,3.4
southward,8,23409,16602,3.07
socialise,8,15327,0,2.6
mimic,8,12084,6833,3.49
promenade,8,10370,16011,3.17
superficially,8,11269,19088,2.9
priestley,8,21581,0,2.69
secrecy,8,6899,7130,3.57
faintly,8,7351,9681,3.03
weathercock,8,44085,0,1.44
posthumous,8,18886,19140,2.97
als,8,0,0,3.37
vale,8,7970,24998,3.62
solitude,8,10264,8164,3.42
peacekeeper,8,29095,11145,2.59
temp,8,19192,11941,3.75
intimately,8,9642,9539,3.24
pictorial,8,12630,10796,3.22
urgently,8,6019,11314,3.48
disinfect,8,23822,20959,2.55
vomit,8,10114,8753,3.53
nobly,8,21653,26858,2.39
chacma,8,0,0,1.04
endeavour,8,6950,31964,3.45
succession,8,3702,6389,3.97
contempt,8,4753,6277,3.74
rifle,8,5446,3065,4.18
unexplained,8,11362,13875,3.28
symbolism,8,9803,9014,3.46
outstretched,8,10480,10949,2.91
bluer,8,0,0,2.22
subdue,8,11592,12577,3.06
uncharted,8,20265,16240,3.17
tragically,8,14126,12503,3.26
collide,8,7759,7588,3.29
cosmic,8,10068,5978,3.78
grandet,8,0,0,1.42
flaming,8,15457,12654,3.43
lizzie,8,13066,0,3.34
predictor,8,16942,6026,3.12
dishwasher,8,12791,11700,3.29
collaboration,8,4618,4176,4.28
bryant,8,15765,0,3.84
p70,8,0,0,1.4
adventuring,8,0,0,2.57
hazard,8,4320,4876,3.98
greenland,8,12579,0,3.42
mastery,8,10149,7593,3.57
thickness,8,6490,8553,3.75
rancid,8,22713,18196,2.8
opt,8,3825,4704,3.9
divert,8,4924,5673,3.42
stoop,8,8992,10380,3.14
pixel,8,10962,10356,3.72
modification,8,3751,5523,3.77
sharon,8,7272,0,3.92
operational,8,4032,6134,4.21
midwest,8,36607,26642,3.8
dopamine,8,38279,17237,3.37
minimize,8,8977,3941,3.8
webcam,8,0,27321,3.49
remarkably,8,4297,5158,3.77
klein,8,12898,0,3.71
permanence,8,14823,15791,2.76
mushy,8,23462,17585,2.94
flashback,8,21158,12687,3.47
dweller,8,11458,10815,2.77
taoism,8,0,0,2.49
cratchit,8,0,0,1.76
celtic,8,17613,13431,4.0
shiji,8,0,0,1.34
ascend,8,11375,9518,3.24
bobsleigh,8,0,0,2.65
enthusiast,8,5709,8539,3.46
precision,8,5050,5466,4.01
rejoice,8,8553,10736,3.46
prepared,8,1750,5986,4.74
deduction,8,7701,7020,3.46
owl,8,4246,5953,3.87
aimless,8,20735,20951,2.65
shortcut,8,24059,11087,3.35
lookout,8,14006,10483,3.61
honeycomb,8,23000,22513,2.94
swirl,8,10024,6166,3.16
consolidate,8,6138,7157,3.47
hieroglyphic,8,33231,26950,2.35
englishman,8,5313,10271,3.42
tangled,8,11502,9476,3.46
amused,8,6617,9194,3.53
books,8,0,0,5.15
morning!,8,0,0,5.33
heard,8,0,0,5.27
tian'anmen,8,0,0,0.0
wrong?,8,0,0,5.39
began,8,0,0,5.07
anno,8,46629,0,2.93
domini,8,0,0,2.61
twenty-one,8,0,0,4.64
covered,8,11221,9218,4.83
nutshell,8,19450,16204,3.43
quantities,8,0,0,3.86
measures,8,0,0,4.67
circumstances,8,0,0,4.59
contented,8,14185,18934,2.96
ego,8,5737,4775,4.02
static,8,4978,5963,4.05
get-together,8,0,0,5.4
empress,8,13068,20918,3.45
asset,8,1498,2094,4.23
bearing,8,5255,6720,4.22
bribe,8,11092,10665,3.5
coil,8,7984,9217,3.73
compatible,8,5142,7017,3.97
cyberspace,8,0,11760,2.99
expressway,8,36848,19642,3.09
foremost,8,7575,6296,3.78
halt,8,4352,5267,3.93
idle,8,7526,8146,3.7
intrude,8,9651,10162,2.81
liable,8,3300,8305,3.89
odds,8,4266,3239,4.28
penetrate,8,5036,5392,3.55
procession,8,6035,7639,3.57
rally,8,4229,4619,4.34
swipe,8,20295,13529,3.58
tangible,8,7638,7176,3.66
trolley,8,6071,12139,3.44
verify,8,7592,5634,3.88
oxide,8,8269,9787,3.66
underdog,8,20161,12386,3.33
abundance,8,7038,5425,3.86
speechless,8,15469,13000,3.26
well-rounded,8,0,0,3.98
grown,8,39395,15613,4.67
commercialize,8,44677,18042,2.4
wore,8,0,0,4.29
eye-catching,8,0,0,4.14
checkout,8,23444,14039,3.64
considering,8,6337,4967,4.64
oppress,8,14569,13013,2.88
prosecute,8,5409,5089,3.54
concede,8,3862,4192,3.48
beautify,8,34272,24256,2.51
bye-bye,8,0,0,4.09
mountains,8,0,0,4.5
like?,8,0,0,6.41
i'd,8,0,0,5.36
see.,8,0,0,6.1
scores,8,0,0,4.43
transit,8,6107,4859,4.2
euro,8,8309,10207,4.09
microcomputer,8,7479,22510,2.3
windbreaker,8,0,18855,2.29
workmate,8,15648,40894,1.95
ltd,7,1500,0,4.47
pep,7,13045,13106,3.52
27th,7,0,0,3.65
ei,7,47174,0,3.16
fiftieth,7,19080,21142,2.63
seventieth,7,39911,36869,2.0
eightieth,7,33962,37402,1.94
ninetieth,7,40239,41516,1.74
cutt,7,0,0,1.96
sato,7,0,0,3.02
leblanc,7,0,0,2.98
lopez,7,26760,0,3.79
cali,7,0,0,3.33
rethink,7,14224,7790,3.47
trent,7,5496,0,3.8
quay,7,8907,22357,3.26
kay,7,8958,0,3.93
tue,7,13614,0,3.24
heidi,7,17910,0,3.44
clockwise,7,16117,11482,3.2
vivian,7,23056,0,3.43
chatter,7,10712,10403,3.38
ry,7,0,0,2.97
sap,7,12781,14653,3.6
foods,7,0,0,4.41
dena,7,0,0,2.61
suspense,7,14922,12056,3.53
atlantis,7,25687,0,3.43
ct,7,27375,0,4.11
anti-,7,0,0,5.01
peek,7,22596,7431,3.7
ction,7,0,0,1.4
pod,7,12531,8381,3.71
intransitive,7,0,45617,2.32
yearbook,7,21457,13756,3.44
hoverboard,7,0,0,2.43
groundhog,7,0,21687,2.9
prettiest,7,0,0,3.29
veteran,7,6394,2389,4.21
bout,7,7659,5865,4.05
heroe,7,0,0,1.44
drummer,7,10672,8442,3.68
hopelessly,7,9696,10800,3.18
sportswoman,7,43136,37549,1.99
henan,7,0,0,2.63
12a,7,0,0,2.41
non-smoker,7,0,0,3.37
misse,7,0,0,1.67
iced,7,15363,11203,3.46
persian,7,6742,4526,3.83
wolong,7,0,0,1.36
barbara,7,4006,0,4.2
beihai,7,0,0,1.38
dinosaurs,7,0,0,3.72
unbalanced,7,14269,16943,3.21
scuba,7,24752,13275,3.31
spat,7,22676,19601,3.3
thoughtless,7,20094,20001,2.9
yo-yo,7,0,0,4.15
sleeper,7,11298,10755,3.46
couldn,7,0,0,2.74
lying,7,19484,14212,4.67
trapped,7,14178,16236,4.19
pathway,7,6561,6559,3.77
anticipation,7,6360,6188,3.74
pharaoh,7,16605,18364,3.32
hanging,7,9498,9375,4.5
mt.,7,0,0,4.13
shopper,7,7916,6030,3.19
guitarist,7,6812,9588,3.63
statistical,7,3479,4292,4.14
meadow,7,6474,5581,3.6
phil,7,3607,0,4.37
pickpocket,7,24296,23394,2.5
seawater,7,27792,14585,3.12
fahrenheit,7,28229,0,3.24
rhymes,7,0,0,3.49
spinach,7,16795,7185,3.48
wimbledon,7,4873,0,3.61
giver,7,19554,13698,3.2
rug,7,4652,5095,3.72
hearty,7,14279,10166,3.38
pyjamas,7,9126,0,2.96
whitney,7,16665,0,3.72
metallic,7,9709,8513,3.82
freight,7,5761,8566,3.99
cleverest,7,0,0,2.39
ware,7,9728,0,3.55
overdose,7,12595,13149,3.57
scrub,7,7929,7546,3.69
chile,7,8095,7625,4.06
disassemble,7,36018,18473,2.58
reassemble,7,18742,15828,2.54
ricky,7,9365,0,3.91
frying,7,12274,9948,3.42
unwell,7,13760,28247,3.14
beware,7,7615,9885,3.7
checkup,7,38497,12677,2.88
kenny,7,7425,0,4.03
dating,7,9215,6810,4.7
theorem,7,10896,17159,3.71
angled,7,15951,18666,3.27
undersea,7,34398,19009,2.86
richter,7,16508,0,3.22
ashore,7,7699,9526,3.52
locomotive,7,5203,11729,3.5
slot,7,5604,4842,4.09
jug,7,7211,9618,3.3
transistor,7,10735,13031,3.21
ies,7,0,0,2.62
breaking,7,11113,9617,4.74
phosphorus,7,16653,14278,3.25
ecologist,7,16806,11275,2.67
po,7,10586,18857,3.97
bao,7,30786,0,3.13
hubei,7,0,0,2.41
makeup,7,16476,3366,4.39
mysteriously,7,11201,11871,3.26
cnn,7,26067,0,4.28
broadcasting,7,4227,8315,4.02
xinhua,7,30252,0,2.83
fringe,7,4676,6029,3.86
indifference,7,7765,8021,3.34
eton,7,12028,0,3.1
e.h.,7,0,0,2.22
leeds,7,1906,0,4.01
priceless,7,13888,12469,3.58
dandy,7,19430,16577,3.25
taco,7,46027,12360,3.69
boys,7,0,0,5.03
lottery,7,10483,6027,4.0
untouched,7,8408,9030,3.42
metropolis,7,14084,12106,3.57
whaling,7,13325,15560,3.26
tanker,7,8021,9275,3.44
handicraft,7,21053,23494,2.65
watercolour,7,7379,0,2.93
jurassic,7,17625,0,3.5
mast,7,8028,11745,3.52
louisiana,7,16238,0,4.19
uranus,7,27487,0,3.01
fisher,7,6716,13590,4.02
jumper,7,7204,9166,3.7
tchaikovsky,7,17108,0,2.75
firemen,7,0,0,3.11
lifeguard,7,25420,15934,3.07
abdominal,7,9330,10520,3.58
dangerously,7,7676,8838,3.47
imaginable,7,14008,11264,3.27
backpacking,7,49832,25154,3.0
aug,7,2804,0,4.33
s5,7,0,0,3.23
cameraman,7,11510,10976,3.3
denise,7,12516,0,3.57
soapy,7,19914,18349,2.75
dudley,7,9024,0,3.49
merino,7,0,32664,2.87
skimming,7,0,0,3.01
friendliness,7,13939,17688,2.93
slang,7,13882,13716,3.55
sci-fi,7,0,0,3.77
filler,7,12726,14680,3.42
seashore,7,19873,20222,2.92
earl,7,3154,19359,4.18
postmen,7,0,0,2.14
carolina,7,12408,0,4.52
p.m.-,7,0,0,4.44
humanitarian,7,9030,5270,3.91
colette,7,27097,0,2.92
cecily,7,41197,0,2.63
drunken,7,7718,8167,3.66
binocular,7,17877,20934,2.6
oxfam,7,10372,0,2.76
breadfruit,7,0,28376,2.26
utah,7,16844,0,4.23
ok.,7,0,0,5.14
caspian,7,25347,0,3.03
butler,7,5463,11155,4.08
messi,7,0,0,3.77
lennon,7,16428,0,3.56
gu,7,0,0,3.4
wellness,7,0,12890,3.57
yak,7,25414,21408,3.12
begg,7,44036,0,2.4
hebrew,7,12785,9342,3.91
ren,7,0,0,3.46
phoenix,7,9201,21936,4.21
historically,7,6633,3817,4.08
hispanic,7,24337,3515,3.97
sputnik,7,34843,0,2.77
weaver,7,9177,11920,3.6
desperately,7,3523,4450,3.98
console,7,11790,9160,4.08
leapt,7,0,0,3.05
promot,7,0,0,1.45
winning,7,5624,5349,4.98
anglo,7,20577,11347,3.81
techno,7,29647,21678,3.49
logan,7,16992,0,4.04
reintroduce,7,11619,12597,2.71
winged,7,14932,13166,3.44
e-learning,7,0,0,4.76
bioblitz,7,0,0,1.27
danian,7,0,0,1.36
peculiarity,7,14155,16495,2.5
botanist,7,16336,14787,2.89
driverless,7,0,40415,2.82
legally,7,4929,4563,4.21
pao,7,49581,0,3.1
geophysicist,7,36822,26981,2.11
isolated,7,4105,4604,4.24
unstable,7,6975,7097,3.87
morsel,7,15533,15599,2.59
ethical,7,5465,3454,4.07
greatest,7,0,1597,4.79
serengeti,7,41216,0,2.59
bead,7,6597,5351,3.44
dimensional,7,15066,18602,4.03
cubism,7,18128,22207,2.4
tadpole,7,16899,20412,2.51
standby,7,16460,16644,3.42
crean,7,0,0,2.32
oily,7,11784,11364,3.35
dewdrop,7,0,40366,1.77
barrett,7,9180,0,3.64
grove,7,6481,7155,3.94
sneak,7,8704,4557,3.99
beth,7,8332,0,3.87
timber,7,2972,4896,4.01
gordon,7,2978,0,4.37
stork,7,25271,20487,2.88
dehydration,7,20353,14596,3.31
epidemiology,7,17588,14950,3.3
adaptable,7,13973,14811,3.12
non-newtonian,7,0,0,2.71
hoyle,7,24149,0,2.61
cobblestone,7,34456,14990,2.7
yukon,7,39142,0,3.19
culinary,7,15241,7754,3.56
morality,7,4740,5115,3.86
sensation,7,3737,4378,3.9
waters,7,15600,0,4.45
inseparable,7,11336,12640,3.13
unkind,7,11556,17651,2.99
overstatement,7,34618,21604,2.49
mischievous,7,11564,13916,3.15
sim,7,27049,0,3.8
kayaking,7,0,37817,3.02
panama,7,8319,0,3.86
sociologist,7,6741,8529,3.04
pets,7,0,0,4.08
exclusive,7,3377,3753,4.56
depiction,7,15842,7680,3.45
locust,7,21741,15256,3.0
hairy,7,10143,9707,3.8
deficit,7,2918,2403,4.06
gladwell,7,0,0,2.42
ericsson,7,30600,0,3.02
academically,7,14700,9322,3.18
generalize,7,12853,10707,2.91
kara,7,41188,0,3.55
calligrapher,7,40145,31768,2.1
empower,7,7897,6207,3.51
parker,7,5373,0,4.23
elapse,7,9627,16721,2.03
drew,7,9269,0,4.46
koalas,7,0,0,2.66
gatsby,7,40321,0,3.2
hourly,7,14332,11930,3.71
chai,7,0,0,3.29
radius,7,7090,9413,3.86
multitasking,7,0,39600,2.93
howard,7,2902,0,4.48
intrapersonal,7,0,26023,1.65
repulsive,7,19199,15753,3.18
affirm,7,7903,5714,3.2
painfully,7,7084,7828,3.47
disconnect,7,11279,8173,3.46
clarke,7,3466,0,4.05
petty,7,6407,6435,4.07
degrade,7,11309,8440,3.28
hugely,7,9565,11576,3.65
hooves,7,0,0,2.92
depressing,7,6842,9094,3.83
gut,7,6465,4297,4.02
implant,7,14462,6359,3.48
selena,7,0,0,3.25
missionary,7,6018,4911,3.83
rhythmic,7,9049,8756,3.39
neural,7,9310,10490,3.76
coupon,7,6650,10119,3.86
heartbeat,7,12499,8254,3.67
advent,7,6412,8129,3.67
lush,7,10064,6765,3.55
laurie,7,15930,0,3.65
texture,7,5044,4413,3.93
maurice,7,5807,0,3.76
tribute,7,3939,4953,4.25
fragrance,7,10515,8174,3.53
illiterate,7,13846,12243,3.37
brag,7,20498,8048,3.49
trill,7,26634,23431,2.73
likeness,7,11671,10244,3.34
xuan,7,0,0,2.52
harriet,7,4070,0,3.63
injustice,7,6876,6053,3.81
forestry,7,5885,10394,3.69
effectiveness,7,3478,3543,4.05
mistranslation,7,0,45115,2.05
disqualify,7,10228,11992,2.94
myanmar,7,47219,0,3.81
understandable,7,6334,6914,3.74
admittedly,7,6846,8927,3.54
guanzhong,7,0,0,1.5
practitioner,7,2676,4251,3.63
asthma,7,7280,6569,3.73
thrilled,7,9782,16872,3.94
eva,7,6280,0,3.9
precede,7,4328,5604,2.86
democratic,7,1605,853,4.73
ethnically,7,21694,12005,3.12
wig,7,8905,8616,3.64
superhighway,7,0,18583,2.35
beagle,7,25790,20000,3.06
fungal,7,22013,12482,3.31
weddell,7,0,0,2.16
steely,7,16700,14980,2.82
obsessive,7,11469,10199,3.43
righteous,7,14454,10845,3.8
intricate,7,8539,7255,3.55
humility,7,11492,9485,3.59
remembrance,7,11464,10803,3.61
liberia,7,17596,0,3.5
dire,7,8437,7077,3.66
daunting,7,8477,7463,3.4
reaffirm,7,9908,9162,2.83
agile,7,14554,14174,3.41
algae,7,0,9463,3.54
depressive,7,16274,11392,3.3
irrelevant,7,4498,5782,3.98
moribund,7,19128,0,2.57
throb,7,16789,14799,2.68
spectacle,7,5014,5857,3.61
vista,7,14152,8658,3.71
hive,7,11665,11401,3.5
shun,7,14061,9114,3.24
knowingly,7,11288,11110,3.5
unforgiving,7,19747,15571,2.95
primeval,7,15652,18353,2.71
emphatic,7,11264,14058,3.09
moderator,7,17548,12436,3.41
cambodia,7,7481,0,3.71
phenomena,7,0,0,3.74
consecrate,7,16071,20656,2.42
unrealistic,7,7764,8684,3.54
floral,7,9758,8357,3.77
vertebrate,7,17414,18088,2.97
racoon,7,0,43344,2.24
aerial,7,7551,7339,3.91
conscientious,7,11085,11605,3.24
elinor,7,11035,0,2.77
affectionate,7,11434,12111,3.35
resemblance,7,6479,7553,3.59
dedicated,7,6411,6670,4.58
bullfighting,7,0,0,2.46
instinctively,7,7974,9224,3.25
grotto,7,20055,17656,2.9
regions,7,0,0,4.53
sinologist,7,0,0,1.34
stratagem,7,21853,24573,2.39
roald,7,26608,0,2.79
proust,7,17225,0,2.78
unexceptional,7,32759,28859,2.05
conceivably,7,11846,11991,2.94
eugnie,7,0,0,0.0
dual,7,5018,5602,4.28
allege,7,3738,5319,3.18
acceleration,7,7072,8018,3.73
obscure,7,5564,5853,3.85
discovering,7,0,0,3.82
extending,7,48824,0,4.04
disgusted,7,11845,10566,3.57
circulation,7,4291,5384,3.96
poo,7,42632,36809,3.54
ross,7,3731,0,4.39
overpopulation,7,34752,19244,2.71
execute,7,3704,3642,3.95
doth,7,0,0,3.14
rhetoric,7,5706,3713,3.95
sighting,7,11783,9075,3.3
limestone,7,6225,9196,3.75
inaccurate,7,8642,8689,3.65
handmade,7,20068,10222,3.64
sapir,7,0,0,2.24
daybreak,7,32777,18833,3.03
keating,7,13081,0,3.25
glitter,7,10754,11840,3.56
manly,7,18827,14055,3.66
galileo,7,13118,0,3.2
junky,7,33611,29580,2.42
levi,7,10623,0,3.54
beidou,7,0,0,1.75
omelette,7,15720,22503,2.85
neal,7,16692,0,3.64
yilin,7,0,0,1.15
redevelopment,7,10280,12964,3.44
strung,7,34606,27429,3.31
wett,7,0,0,1.4
hardwood,7,15396,8979,3.34
mowgli,7,0,0,2.47
valjean,7,0,0,2.37
relieved,7,4947,11380,3.95
finale,7,10366,9784,4.04
impostor,7,34697,21752,2.8
aida,7,37500,0,2.88
fiddle,7,8776,11650,3.43
sensitivity,7,3963,4452,3.95
infamy,7,37753,23921,2.86
bulk,7,3369,4660,4.19
conquest,7,6507,7652,3.77
masses,7,0,0,3.94
decode,7,15367,13774,3.02
overestimate,7,14129,12942,2.83
undermine,7,3409,3697,3.65
glasshouse,7,22763,39029,2.43
doom,7,8436,7469,3.81
b.c.e,7,0,0,2.12
esh,7,0,0,2.28
birdcage,7,44688,32730,2.45
elastic,7,9955,11772,3.59
exemplify,7,7249,7776,2.73
samaranch,7,0,0,1.37
parenthesis,7,22514,15481,2.63
afternoon!,7,0,0,4.72
lives,7,0,0,5.14
dug,7,33648,34999,3.86
shone,7,0,0,3.23
follows,7,0,0,4.81
considered,7,14770,23641,5.08
restricted,7,5720,8818,4.19
compared,7,0,0,4.92
pains,7,0,0,3.84
sides,7,0,0,4.73
valueless,7,21354,33145,2.19
deserted,7,7837,9992,3.64
obedient,7,14157,14489,3.19
punishable,7,20860,19790,3.3
affluent,7,9888,7167,3.37
brand-new,7,0,0,4.81
comply,7,3441,4637,4.04
contaminate,7,8537,7402,2.83
converse,7,14236,11468,3.48
equate,7,7118,7997,3.2
foresight,7,13776,14381,3.16
formulate,7,4149,5843,3.23
hijack,7,14110,12339,3.11
incentive,7,3252,2726,3.97
indispensable,7,8544,8952,3.34
influenza,7,19731,12570,3.51
installment,7,0,10234,3.58
legislate,7,11880,12493,3.01
liquor,7,8973,5711,4.01
municipal,7,6167,4666,4.24
pistol,7,5746,4943,3.93
poll,7,2272,1623,4.35
proficient,7,18607,12137,3.29
runway,7,7932,5877,3.92
spouse,7,6100,3777,3.95
standpoint,7,11599,6206,3.65
tenant,7,2029,5543,3.78
waggon,7,23206,0,2.09
cookery,7,9004,24184,3.12
cosmopolitan,7,13852,12655,3.36
eccentric,7,7670,8531,3.58
reptile,7,10544,10530,3.25
evaporate,7,8428,7887,3.01
intended,7,7021,8993,4.7
rooted,7,19813,18403,3.82
drove,7,18464,14747,4.36
laughing,7,14458,14892,4.61
pollutant,7,10798,7350,2.69
lighter,7,9751,8206,4.09
finished,7,6373,6866,4.94
inviting,7,11167,9809,3.86
best-selling,7,0,0,4.77
blackout,7,16227,11202,3.58
deceased,7,9817,8522,3.96
detection,7,6133,6216,4.06
hip-hop,7,0,0,4.13
immunity,7,7113,6941,3.91
motivated,7,13932,9703,4.14
narrowly,7,6884,8064,3.65
pros,7,0,0,3.87
cons,7,0,0,3.76
sledge,7,16483,21425,3.07
bald,7,7067,6185,3.83
extravagant,7,8512,10399,3.4
synthetic,7,6608,6824,3.95
assertive,7,12090,11368,3.19
assurance,7,3133,5702,3.81
unload,7,7637,7160,3.24
gymnast,7,34701,16144,3.07
faces,7,0,0,4.59
honoured,7,14230,0,3.7
congratulations,7,7729,9990,4.4
jumping,7,14958,12843,4.23
cleaned,7,43357,34719,4.02
played,7,32894,22093,5.23
slept,7,0,0,4.18
parents,7,0,0,5.21
mistakes,7,0,0,4.45
courses,7,0,0,4.46
please.,7,0,0,5.66
zigzag,7,22469,17582,2.82
arts,7,0,0,4.7
untrue,7,11112,11958,3.41
northwards,7,11689,43874,2.7
stairs,7,2222,13908,4.14
playroom,7,23028,20588,2.55
punctuate,7,11199,9198,2.34
clearing,7,6924,8009,4.04
mingming,6,0,0,1.16
erence,6,0,0,1.06
26th,6,0,0,3.65
y.,6,0,0,5.03
hello.,6,0,0,4.72
40th,6,0,0,3.39
interj,6,0,0,0.0
ort,6,0,0,2.39
bott,6,40285,0,2.33
fen,6,8339,26156,2.83
mapping,6,9313,10164,3.88
identifying,6,23419,20796,4.03
schoolteacher,6,14401,10624,2.98
co,6,1984,0,5.21
thursdays,6,0,0,3.27
rodrigo,6,17946,0,3.28
f.m.,6,0,0,2.16
minnie,6,17282,0,3.34
homeroom,6,0,23582,2.54
huimin,6,0,0,1.17
tablecloth,6,12855,11432,2.69
kangaroos,6,0,0,3.02
hindi,6,36913,29713,3.82
monica,6,10423,0,3.96
glen,6,6618,20449,3.87
shijiazhuang,6,0,0,1.93
toad,6,10619,12413,3.34
butterflies,6,0,0,3.69
peacemaker,6,23030,17298,2.69
sleigh,6,37311,16769,2.99
lazily,6,17243,16150,2.69
mzee,6,0,0,1.72
freestyle,6,28122,12269,3.8
skater,6,24205,9640,3.32
pail,6,20588,14177,2.79
-y,6,0,0,5.03
roper,6,23730,29062,3.07
petersburg,6,9230,0,3.7
gorges,6,0,0,2.8
aldrin,6,0,0,2.65
wa,6,11044,0,4.17
sp,6,16790,0,4.03
sui,6,0,0,3.03
berners,6,41334,0,2.64
metric,6,10828,10163,3.88
ty,6,39834,0,3.73
mp3,6,0,0,3.63
bon,6,15070,0,3.71
mealtime,6,21931,20710,2.31
troubled,6,6982,4882,3.91
cheshire,6,5341,0,3.45
growing,6,1579,1413,4.94
tilly,6,28712,0,2.94
clockwork,6,18929,18587,3.2
hanna,6,22531,0,3.59
ou,6,22269,0,3.77
hawkins,6,10624,0,3.64
u.s.a.,6,0,0,3.62
keeping,6,13745,19022,4.84
hopping,6,44623,37199,3.43
volunteerism,6,0,20332,2.34
snowflake,6,21644,12400,3.25
shipping,6,6527,7029,4.52
r's,6,0,0,2.72
ender,6,39603,0,2.78
causative,6,25441,25342,2.68
pp1,6,0,0,1.87
peg,6,7092,12626,3.49
holland,6,4125,0,4.1
xiamen,6,0,0,2.44
lodging,6,19409,12958,3.44
rrrr,6,0,0,1.56
cip,6,0,0,2.61
loren,6,27804,0,3.04
sunbathe,6,21432,22390,2.24
lollipop,6,22302,19762,3.15
peep,6,12052,16608,3.39
rsvp,6,49724,0,3.02
richmond,6,5752,0,4.12
seaport,6,32866,21035,2.91
slash,6,7123,5955,3.65
potluck,6,0,20601,2.54
gem,6,7690,7808,3.87
pony,6,5400,8352,3.81
insomnia,6,21022,12706,3.43
dosage,6,20630,12335,3.52
percussion,6,15883,13946,3.37
tub,6,8657,5418,3.85
n.2,6,0,0,5.09
hurriedly,6,8948,13812,2.79
qinling,6,0,0,1.13
fujian,6,0,0,2.58
heilongjiang,6,0,0,2.17
hydropower,6,0,23176,2.86
sen,6,17660,24435,4.01
nathalie,6,0,0,2.79
bangladesh,6,9217,0,3.96
ballerina,6,21336,15542,3.1
spoiled,6,23738,15079,3.81
decimal,6,13168,24527,3.28
pinatubo,6,0,0,1.89
catastrophic,6,9726,7567,3.58
pliny,6,36922,0,2.82
unspoilt,6,15790,0,2.32
queensland,6,16143,0,4.23
tribal,6,7251,4042,4.03
internationally,6,6966,7104,3.95
clon,6,17915,0,1.44
rockery,6,33214,0,1.83
smaller,6,0,0,4.8
rootlet,6,0,41995,0.0
iodine,6,22029,15564,3.19
relight,6,44556,0,1.98
resting,6,11389,11875,3.89
dormant,6,11276,11487,3.41
rinse,6,10413,7024,3.48
germinate,6,19736,17457,2.63
tempest,6,14935,22268,3.29
wives,6,0,0,4.08
lilie,6,0,0,1.43
rogers,6,7227,0,4.09
tickle,6,12385,9498,3.24
ex.,6,0,0,4.81
tombs,6,0,0,3.34
midst,6,6929,4342,3.89
microsoft,6,3615,0,4.36
staircase,6,5445,7028,3.58
southerner,6,20552,19917,2.57
festive,6,10122,10117,3.58
rectangular,6,8012,9527,3.62
racket,6,8857,9912,3.33
pepperoni,6,0,21444,3.01
clam,6,22938,10109,3.22
cutlery,6,12080,22380,3.01
streamer,6,19701,16885,3.04
topographical,6,21732,21660,2.8
nonfiction,6,0,10818,3.26
commune,6,12245,14138,3.3
horseshoe,6,15664,13969,3.16
fittest,6,0,0,2.99
banton,6,0,0,2.17
pelc,6,0,0,1.15
audiovisual,6,28808,0,2.93
restful,6,19015,19602,2.75
paved,6,19047,12272,3.62
buoy,6,21059,14024,3.0
upstream,6,12214,11313,3.56
fables,6,0,0,2.97
stitch,6,4244,9743,3.64
postmark,6,33607,25260,2.33
downing,6,7331,0,3.44
queens,6,12563,0,4.06
infamous,6,11420,7661,3.75
cloakroom,6,16028,29575,2.41
centenarian,6,44936,28102,2.06
nonexistent,6,33175,8711,3.19
doze,6,12444,11330,2.64
mid,6,4347,7347,4.82
fitzgerald,6,12219,0,3.64
vineyard,6,9056,9897,3.54
sender,6,12434,16830,3.21
leaning,6,18634,18179,3.89
nm,6,17515,0,3.82
a4,6,0,0,3.34
velvet,6,6159,6154,3.77
geniuses[manual],6,0,0,3.13
julius,6,6727,0,3.66
mencius,6,0,0,1.98
jolin,6,0,0,1.49
pl,6,29180,0,3.88
semi,6,15743,20144,4.51
tcm,6,0,0,2.75
mabel,6,16613,0,3.25
marian,6,9285,0,3.41
apo,6,0,0,2.87
shaanxi,6,0,0,2.41
matthew,6,2952,0,4.37
jersey,6,7089,6888,4.66
roads,6,0,0,4.55
redwood,6,17387,11842,3.22
listing,6,5739,5669,4.32
tableware,6,25532,24945,2.52
carton,6,11868,9292,3.19
elsa,6,27565,0,3.43
ods,6,0,0,2.46
sigmund,6,22770,0,2.93
fifties,6,0,0,3.21
nomination,6,6206,3232,4.07
algernon,6,29288,0,2.58
bronx,6,23944,0,3.65
scarlet,6,7155,10320,3.64
interplanetary,6,36214,19826,2.82
ponytail,6,32944,10888,3.07
ion,6,6303,10273,4.15
rename,6,8668,9242,3.18
lilliput,6,29756,0,2.11
2a.,6,0,0,3.57
sunburn,6,24670,16724,2.95
griffin,6,13047,27708,3.9
toms,6,0,0,3.08
garth,6,16815,0,3.31
shiwen,6,0,0,1.02
irst,6,0,0,1.96
tania,6,28368,0,3.0
predicting,6,0,0,3.62
meili,6,0,0,1.8
qufu,6,0,0,1.4
ace,6,4892,13343,4.11
polyglot,6,39469,27952,2.38
cheerleader,6,36023,10262,3.33
tandi,6,0,0,1.43
meilin,6,0,0,1.19
uros,6,0,0,1.57
zhangjiakou,6,0,0,1.46
gymnastic,6,36251,29203,2.62
italicised,6,47754,0,1.56
skier,6,13080,5791,3.2
inappropriate,6,4790,5047,3.99
commercialisation,6,25548,0,2.4
buol,6,0,0,1.23
joyfully,6,20925,21245,2.71
respondent,6,4251,2538,3.09
patriotism,6,11874,8126,3.59
nachos,6,0,0,2.93
napa,6,0,19677,3.32
portsmouth,6,6236,0,3.6
subculture,6,17415,12772,2.98
outsider,6,4705,4445,3.55
spherical,6,16347,14655,3.39
songwriter,6,17216,11430,3.7
stepfather,6,12827,8985,3.24
ich,6,34413,0,3.22
feeder,6,10516,10915,3.46
networking,6,10819,9360,3.94
responsibly,6,18543,13399,3.24
emerald,6,15155,12382,3.6
womad,6,0,0,1.87
artefact,6,6645,34790,2.7
angkor,6,48253,0,2.68
watt,6,9271,0,3.69
atmospheric,6,8042,6847,3.84
hitler,6,4015,0,4.16
dollywood,6,0,0,2.03
disclose,6,3879,4420,3.84
shu,6,0,0,3.19
android,6,18016,20213,4.42
oxen,6,0,0,2.9
positioning,6,11909,10716,3.73
insecticide,6,16981,14437,2.9
raphael,6,16276,0,3.39
giverny,6,0,0,1.94
admirer,6,8685,9570,3.19
auguste,6,7501,0,2.79
worsley,6,24800,0,2.48
memoir,6,7238,5572,3.77
krakauer,6,0,0,1.92
limerick,6,24831,26891,3.07
shui,6,0,0,3.01
ity,6,0,0,2.19
dimaggio,6,0,0,2.53
stray,6,9489,9258,3.74
thorn,6,9881,11159,3.48
archer,6,10346,14695,3.81
underwent,6,0,0,3.65
workman,6,7052,12739,2.96
aisha,6,0,0,3.02
brillat,6,0,0,1.35
savarin,6,0,0,1.65
exotic,6,5304,4205,3.91
mildly,6,7572,8445,3.43
urgency,6,5957,6376,3.55
cpr,6,30247,0,3.42
paramotor,6,0,0,1.52
marra,6,0,0,2.24
observational,6,16713,13153,3.14
napoleon,6,6449,0,3.77
belmont,6,17203,0,3.33
hazy,6,13800,11578,3.14
informally,6,11621,13693,3.12
performing,6,11648,8439,4.56
felicity,6,10891,0,3.36
dujiangyan,6,0,0,1.13
ceylon,6,21257,0,3.22
sunderland,6,4654,0,3.63
papua,6,16828,0,3.42
cardiac,6,10704,8025,3.84
scenario,6,5562,2756,4.19
manifesto,6,6596,12540,3.65
chosen,6,5266,8482,4.61
catcher,6,21968,7454,3.54
meteor,6,23534,8626,3.55
interstellar,6,26622,11761,3.34
unequal,6,9802,10746,3.3
fearsome,6,11788,14773,3.05
gleam,6,9332,10208,2.97
zambia,6,7459,0,3.43
shatter,6,5979,5453,3.22
vaccination,6,12903,11111,3.59
malnutrition,6,15475,13854,3.24
generalise,6,15274,0,2.23
sundog,6,0,0,1.33
seismograph,6,0,32181,1.94
rebellion,6,5367,6331,3.94
moveable,6,22716,26211,2.75
punchline,6,33354,28556,2.78
phonetic,6,13135,24020,3.02
postgraduate,6,6767,17033,3.28
diminish,6,4526,3958,3.46
wolfgang,6,10801,0,3.26
jobless,6,12942,14636,3.14
undone,6,36977,34462,3.37
irresponsible,6,9494,7972,3.67
engaging,6,14576,10067,4.13
enlist,6,8582,5254,3.37
subtitle,6,19648,11609,3.23
seeker,6,12208,9609,3.41
finnish,6,12655,12182,3.67
tencent,6,0,0,2.81
uncontrolled,6,11232,13388,3.2
moviemaker,6,0,26788,1.54
spielberg,6,23220,0,3.12
whatsoever,6,5525,6109,3.99
hanson,6,10666,0,3.54
jealousy,6,6674,8112,3.74
housekeeper,6,8081,11112,3.29
carrie,6,5231,0,3.77
satire,6,15167,10491,3.65
campfire,6,33127,11052,3.1
populate,6,9684,7198,2.87
bodily,6,6489,8434,3.78
twilight,6,9876,6896,3.82
unruly,6,13824,11878,3.08
recount,6,8510,5484,3.24
plausible,6,6473,7125,3.64
proofreading,6,0,0,2.58
leagues,6,0,0,3.9
groundwork,6,18422,11757,3.19
statesmen,6,0,0,2.88
sizable,6,21072,8588,3.37
sided,6,0,0,3.94
eunice,6,44408,0,2.91
epictetus,6,0,0,2.25
clinical,6,2725,2584,4.51
rna,6,5920,13449,3.68
generously,6,8545,10555,3.29
oxymoron,6,0,19468,2.72
highland,6,7195,10211,3.7
hotpot,6,0,0,2.08
pairs,6,0,0,4.11
riches,6,11115,9553,3.57
figurative,6,20849,12006,3.12
acrostic,6,0,0,2.1
lass,6,9094,19382,3.08
infinity,6,11713,11224,3.82
broadly,6,4195,6167,3.82
prehistory,6,22778,20302,2.75
unjust,6,9703,10866,3.43
offender,6,3754,4722,3.7
debris,6,6437,4572,3.92
specialized,6,8034,5310,4.07
shannon,6,10869,0,3.76
shameless,6,19751,16159,3.39
madness,6,6421,6563,3.97
chum,6,14323,16347,2.97
dandelion,6,21108,16227,2.9
honorary,6,6590,10265,3.66
tricycle,6,23337,21368,2.79
radioactivity,6,16448,20084,2.91
conjecture,6,14263,14535,3.35
alzheimer,6,16193,0,2.66
speciality,6,6894,23907,3.14
arnette,6,0,0,1.66
overboard,6,14005,10790,3.43
arun,6,29429,0,2.96
formerly,6,3584,4684,4.24
unwillingly,6,18833,24552,2.56
pizzeria,6,42347,25512,2.87
hobbit,6,29515,23767,3.39
backflip,6,0,34724,2.68
sticker,6,9890,6709,3.71
orally,6,15607,16482,3.12
lara,6,27415,0,3.54
eyre,6,16760,0,3.13
comforting,6,9880,7742,3.61
cognition,6,22519,10977,3.34
laureus,6,0,0,1.84
spiker,6,0,0,1.96
dao,6,0,0,2.99
iguana,6,36844,18852,2.74
uluru,6,0,0,2.23
permafrost,6,41317,21966,2.79
guardian,6,2951,5671,4.26
mcfarland,6,0,0,2.88
theatrical,6,7768,7277,3.68
technically,6,5524,5848,4.1
elevation,6,8843,6693,3.9
narcissist,6,0,0,2.99
tess,6,10982,0,3.23
predicament,6,9473,9468,3.28
hunch,6,12977,9261,3.07
downtrodden,6,32921,0,2.67
uncomplicated,6,14396,17758,2.83
crimson,6,15596,12173,3.6
sedately,6,25874,33697,1.54
laurence,6,12352,0,3.44
fortify,6,14102,12751,2.9
shirk,6,20032,21863,2.66
tendon,6,12675,10370,3.31
positronic,6,0,0,1.62
echo-location,6,0,0,3.98
kidney,6,6010,5152,4.03
contentment,6,12119,15116,3.05
austen,6,10676,0,3.3
alabaster,6,24934,22647,2.71
tinge,6,14082,14630,2.83
tweet,6,0,30751,4.17
catbird,6,0,35327,1.88
combatant,6,19284,10776,2.92
linger,6,7034,5721,3.31
modesty,6,11417,11845,3.24
voting,6,4427,4180,4.62
antoine,6,23849,0,3.39
dishearten,6,33758,18344,1.63
sarcastic,6,14939,13030,3.6
unprecedentedly,6,34974,34911,1.95
chord,6,5783,7270,3.65
confederate,6,24314,17239,3.7
hallow,6,43681,0,2.37
compile,6,4566,5289,3.38
impulsive,6,15324,13349,3.27
strikingly,6,11185,11101,3.12
colorless,6,0,16173,3.02
mozambique,6,10674,0,3.29
analyst,6,3742,1672,4.03
cosmetic,6,9867,8341,3.71
entrepreneurial,6,10421,8612,3.4
toddler,6,7942,5916,3.83
provider,6,5159,3103,4.1
rekindle,6,18504,14922,2.71
speedboat,6,25833,22136,2.52
clasp,6,7433,8998,3.1
consecutive,6,7149,4845,4.18
cram,6,7577,7380,3.14
taker,6,13897,11830,3.23
leafy,6,14215,10857,3.3
curable,6,37141,22863,2.66
anew,6,14017,10363,3.2
phillis,6,31210,0,2.12
stamina,6,9862,12821,3.39
surgical,6,6493,5305,4.05
clump,6,8911,8197,2.94
intrinsic,6,7995,7449,3.47
silkworm,6,41771,31565,2.4
monoxide,6,13054,13334,3.27
frustrating,6,7522,6190,3.97
poultry,6,9788,7625,3.54
varsity,6,26001,10723,3.7
sophomore,6,0,5932,3.69
striker,6,4067,13563,3.9
unseat,6,20545,17642,2.59
density,6,3745,4513,4.33
xunzi,6,0,0,1.3
organising,6,21015,0,3.49
confer,6,4769,7144,3.19
thesis,6,3887,5974,4.05
bossy,6,20182,20175,2.97
trilogy,6,20743,13032,3.86
mangkhut,6,0,0,1.04
struck,6,0,34981,4.42
unsteady,6,15751,16547,2.73
humbly,6,19068,18569,3.17
dropout,6,34260,7969,3.08
betterment,6,23226,21004,3.02
boutique,6,15069,8236,3.54
sleepless,6,14470,14593,3.18
bard,6,15819,17063,3.34
nanning,6,0,0,1.86
tonne,6,3362,0,3.21
marisa,6,43251,0,2.95
soundtrack,6,15741,9898,3.93
yaba,6,0,0,2.07
lioness,6,27502,24993,2.75
outfit,6,5379,4400,4.22
overjoy,6,0,0,0.0
baras,6,0,0,1.6
germanic,6,16341,21067,3.19
paralyse,6,9462,0,2.09
edwards,6,4876,0,4.04
ashy,6,47530,28180,2.57
fiona,6,6749,0,3.63
cgi,6,31688,0,3.37
pi,6,8364,18727,3.92
momma,6,41209,15830,3.41
paramount,6,8681,9287,3.73
shou,6,0,0,2.76
d'orsay,6,0,0,2.46
unconstrained,6,23653,26194,2.38
mute,6,14663,10937,3.66
loom,6,6042,5292,3.34
clovis,6,30227,0,2.85
cohesion,6,9083,10791,3.28
boni,6,0,0,2.32
aesthetic,6,5161,4296,4.02
maze,6,9711,7688,3.65
dispatch,6,8486,7363,3.76
subhead,6,0,37142,1.48
monti,6,0,0,2.5
fivb,6,0,0,1.86
visualize,6,12013,8673,3.27
des,6,5126,0,4.25
reassure,6,4529,5411,3.3
induction,6,7240,10709,3.71
presumably,6,2522,4288,4.06
empathize,6,34570,16751,2.76
activating,6,0,42794,3.26
brightness,6,10144,7963,3.57
alphabetic,6,35312,30142,2.48
thigh,6,4433,4209,3.73
modi,6,32137,0,3.8
pregnancy,6,3813,3328,4.33
detour,6,14405,12159,3.2
bridie,6,44387,0,2.16
assert,6,3438,3147,3.62
impart,6,9511,9673,3.09
innumerable,6,11097,12952,3.03
familiarity,6,8643,8057,3.4
aoun,6,18221,0,2.04
realisation,6,7016,0,3.2
motivational,6,23171,9220,3.48
deteriorate,6,6333,7587,3.15
risen,6,24674,24081,3.86
strategic,6,2723,2702,4.43
rosetta,6,42086,0,3.04
stole,6,39538,30356,4.21
smelled,6,0,0,3.5
huangguoshu,6,0,0,0.0
shook,6,0,0,4.05
swept,6,36300,30880,3.94
hid,6,0,0,3.79
qomolangma,6,0,0,0.0
thieves,6,0,0,3.83
costs,6,0,0,4.96
admitted,6,33851,23188,4.49
thoughts,6,0,0,4.75
traitor,6,10023,9963,3.69
preside,6,6406,6781,2.99
civilise,6,34323,0,1.61
laborer,6,0,6939,2.89
brutal,6,6402,4697,4.1
defy,6,5975,5583,3.42
drastic,6,6859,8118,3.63
forge,6,6336,5304,3.78
instalment,6,8067,0,3.04
outset,6,5658,7964,3.44
oversight,6,14508,6063,3.83
refrain,6,8458,9029,3.63
render,6,3315,3537,3.78
riot,6,3784,4848,4.09
siege,6,6091,6774,3.93
stale,6,9963,9924,3.43
warfare,6,6384,5066,4.05
congestion,6,8988,8954,3.66
heartily,6,14496,16369,2.91
situated,6,0,35216,4.19
touchstone,6,20944,17623,2.85
ultraviolet,6,17084,9521,3.33
intentional,6,12428,8744,3.72
mentality,6,9710,6544,3.76
stumble,6,5372,4001,3.42
analyses,6,0,0,3.79
driven,6,11119,9969,4.54
textspeak,6,0,0,0.0
boarder,6,20889,18018,2.73
well-meaning,6,0,0,4.84
quarter-final,6,0,0,4.61
thrown,6,0,0,4.4
self-evident,6,0,0,3.97
cautiously,6,7062,7457,3.32
clean-up,6,0,0,4.95
coloring,6,0,12898,3.59
consequent,6,6594,14817,3.02
educated,6,6968,5938,4.29
high-end,6,0,0,5.41
high-rise,6,0,0,4.76
hurried,6,18708,18178,3.14
individualism,6,10406,10574,3.0
instructive,6,11734,11647,2.98
involvement,6,2139,2311,4.3
sympathize,6,14925,11121,3.06
touched,6,35843,26996,4.3
warm-up,6,0,0,4.7
sentiment,6,5275,4051,4.03
versa,6,0,0,3.72
waken,6,16403,21433,2.29
absorption,6,5819,8596,3.66
magnify,6,11203,9568,2.77
simultaneous,6,7876,8695,3.53
bad-tempered,6,0,0,3.53
semiconductor,6,9381,8736,3.53
needs,6,0,0,5.37
places,6,0,0,5.03
dryer,6,15885,9605,3.54
stutter,6,22216,14348,2.95
won't,6,0,0,5.34
ups,6,0,0,4.41
downs,6,0,0,3.93
christmas!,6,0,0,4.91
shelves,6,0,0,3.76
nations,6,0,0,4.8
kept,6,35360,30370,5.0
too.,6,0,0,5.95
lessons,6,0,0,4.38
sales,6,965,1248,5.02
spent,6,15212,13982,5.02
they're,6,0,0,5.47
spoke,6,14834,13761,4.61
refreshments,6,0,0,3.01
acquired,6,12096,15054,4.4
postbox,6,40238,0,1.9
unmarried,6,7635,9465,3.47
stopwatch,6,34023,20916,2.59
cordless,6,17375,15786,2.73
demonstrative,5,23209,24654,2.63
abc,5,12798,0,4.24
guesses[manual],5,0,0,3.18
t.,5,0,0,5.43
tr,5,24731,0,3.73
au,5,19403,0,4.02
hundredth,5,15209,20547,2.81
prett,5,0,0,1.46
jiangxi,5,0,0,2.38
nds,5,0,0,2.54
ft,5,4907,0,4.52
supporting,5,5278,5507,4.71
details,5,0,0,4.91
nind,5,0,0,1.21
morton,5,6266,0,3.64
kin,5,6569,7340,3.65
ting,5,36377,21626,3.37
sanya,5,0,0,2.34
uce,5,0,0,1.91
a-e,5,0,0,5.28
thur,5,0,0,2.25
fri,5,13459,0,3.42
tom.,5,0,0,4.83
colours,5,0,0,4.15
teacup,5,21998,17510,2.71
doodle,5,26555,21799,3.29
quack,5,20406,23929,3.06
bei,5,0,0,3.1
zhongshan,5,0,0,2.08
yay,5,0,0,3.92
therein,5,9994,12928,3.42
sure.,5,0,0,5.67
tv.,5,0,0,5.2
appendicitis,5,25497,27964,2.76
wham,5,25383,18683,2.78
non-smoking,5,0,0,4.45
mountainside,5,18663,14290,2.76
wilde,5,12091,0,3.43
milkweed,5,0,25496,2.45
crouching,5,41062,33528,2.91
narnia,5,0,0,2.93
slum,5,8570,9642,3.25
bradshaw,5,12911,0,3.21
ist,5,36640,0,3.35
ford,5,3292,25884,4.5
15c,5,0,0,2.46
birdsong,5,24964,23265,2.61
hippo,5,24649,20649,3.13
tera,5,0,0,2.73
whiteboard,5,0,29163,2.86
changchun,5,0,0,2.08
paralympic,5,0,33230,3.24
skipping,5,34289,36075,3.57
leaky,5,19936,14906,3.06
jilin,5,0,0,2.19
headlight,5,10508,8074,2.97
assimilation,5,12513,9369,3.19
ment,5,46381,0,3.14
-ion,5,0,0,4.15
up.,5,0,0,6.39
dodo,5,32957,29308,2.88
ugh,5,17049,19025,4.22
meimei,5,0,0,1.75
milan,5,5734,0,4.05
florent,5,0,0,2.15
sequencing,5,17341,14209,3.38
clemens,5,29505,0,3.06
music.,5,0,0,5.52
xian,5,0,0,2.8
xinghai,5,0,0,1.07
ple,5,0,0,2.69
inferring[manual],5,0,0,2.56
-made,5,0,0,5.92
heroes,5,0,0,4.35
stan,5,8037,0,4.06
taekwondo,5,31939,0,2.84
anders,5,26330,0,3.4
im,5,24105,0,4.69
schoolday,5,18894,0,1.21
landlady,5,10202,17554,2.9
whites,5,0,0,4.06
ddd,5,0,0,2.61
ca,5,4449,0,4.67
schoolchild,5,40479,10999,1.69
glastonbury,5,13342,0,3.12
yankee,5,19719,0,3.6
int.,5,0,0,3.79
ssh,5,35673,0,3.12
airway,5,6111,10799,3.19
nicky,5,8334,0,3.5
spinn,5,0,0,1.28
flint,5,12479,15638,3.77
dublin,5,3250,0,4.08
u.s.a,5,0,0,3.62
vip,5,15565,13092,3.76
hanks,5,29206,0,3.22
didn,5,0,0,3.29
coca,5,22636,16379,3.64
saudi,5,6784,5753,4.31
nigel,5,2514,0,3.77
iowa,5,22528,0,4.33
ied,5,0,0,2.91
dressing,5,5363,5976,4.17
cheater,5,49204,18078,3.23
tasting,5,22532,12332,3.65
retro,5,34677,14221,3.73
burkina,5,0,0,3.15
faso,5,39121,0,3.1
nomad,5,15471,14560,3.07
bridges,5,16355,0,4.1
troublemaker,5,19362,15749,2.7
uneven,5,7005,8088,3.55
negatively,5,14766,7389,3.69
sweetly,5,12353,12573,3.01
croissant,5,21235,18389,2.78
gustave,5,28542,0,2.85
schweitzer,5,37650,0,2.72
hami,5,0,0,1.76
aha,5,2997,11981,3.56
dieting,5,36703,26844,3.13
conjunctive,5,0,40926,1.97
dice,5,10369,6854,3.76
ure,5,37448,0,2.84
zookeeper,5,0,28693,2.44
grasshopper,5,22546,15296,3.03
exchanging,5,0,0,3.37
plump,5,9171,9362,3.19
birdie,5,17509,11341,3.26
lewis,5,2349,0,4.48
flit,5,14682,14466,2.46
caller,5,7771,4421,3.61
marmalade,5,16288,23028,2.89
doug,5,6777,0,4.02
zodiac,5,17046,26677,3.41
uvu,5,0,0,1.6
gvh,5,0,0,1.08
shat,5,48320,0,2.75
habitual,5,11263,13451,3.14
coincide,5,4134,6656,3.49
kennedy,5,4561,0,4.28
driveway,5,14706,4769,3.65
shutter,5,8832,9012,3.48
nike,5,26647,0,3.88
saris,5,0,0,2.4
hound,5,8069,9177,3.43
girls,5,0,0,5.17
polos,5,0,0,2.31
numbered,5,13841,16815,3.82
idiot,5,6505,5944,4.39
stiffly,5,9289,13142,2.22
massage,5,9008,7050,4.01
gnaw,5,15154,12600,2.56
n.1,5,0,0,5.09
magni,5,0,0,2.19
astronomical,5,12536,7059,3.49
healing,5,6591,5157,4.23
nitely,5,0,0,1.05
xed,5,0,0,1.53
babylon,5,20665,0,3.54
soundly,5,13821,15852,2.97
yat,5,0,0,2.59
ret,5,0,45195,3.18
pythagorean,5,42742,33721,2.57
proportional,5,6244,10513,3.6
tracy,5,10461,0,3.82
dike,5,39065,17546,2.85
economically,5,5723,4883,3.83
mt,5,26421,0,4.13
hindu,5,9023,8019,4.0
geographically,5,11905,11601,3.35
perth,5,8148,0,3.93
cially,5,0,0,1.01
artificially,5,11137,11359,3.44
lter,5,0,0,1.52
videotape,5,21882,9894,3.08
tulip,5,15729,12259,3.18
prune,5,11960,14230,2.96
ef,5,45783,0,3.28
eggshell,5,20279,20406,2.47
beaker,5,16337,22497,2.8
kun,5,0,0,3.27
reconcile,5,5586,6560,3.5
intermission,5,33989,18663,3.01
soundness,5,19650,22360,2.56
thaw,5,14310,10385,3.18
elegantly,5,14382,12860,2.97
census,5,5187,6047,4.19
tracking,5,18671,7843,4.25
misuse,5,9793,12039,3.54
charlotte,5,4230,0,4.22
kent,5,2947,0,4.17
yale,5,14716,0,3.88
jiuquan,5,0,0,1.44
snooker,5,9084,34159,3.03
slouch,5,21708,14401,2.7
madrid,5,6216,0,4.3
bouquet,5,11722,9088,3.41
virgin,5,4131,10055,4.35
wallpaper,5,7957,9797,3.69
non,5,6044,0,5.29
tuck,5,4336,4115,3.55
obsession,5,6354,5558,3.9
okinawan,5,0,39506,2.25
errand,5,12341,9937,3.05
pier,5,5342,7841,3.82
leisurely,5,11186,13384,3.05
antonio,5,8296,0,4.17
nervousness,5,11154,13680,3.04
constellation,5,12762,7195,3.37
tow,5,9914,9000,3.72
needlework,5,20518,24412,2.57
barbados,5,12623,0,3.5
waxwork,5,28180,43787,1.95
bodyguard,5,12285,8100,3.38
bach,5,9159,0,3.53
ute,5,0,0,3.03
overland,5,21152,0,3.23
brigade,5,4785,9282,3.9
sprint,5,12269,8582,3.96
hospitality,5,6053,8356,3.9
wiat,5,0,0,1.57
zour,5,0,0,1.65
puddle,5,12181,9010,3.26
ie,5,1499,2682,3.8
theo,5,13223,0,3.66
backpacker,5,28841,18639,2.64
sprinkle,5,7937,4663,3.39
gondola,5,26127,15757,2.91
ob,5,27335,0,3.43
caesar,5,8901,0,3.8
solomon,5,10118,0,3.81
tanya,5,26700,0,3.38
coordination,5,9109,6072,3.9
britannica,5,26280,0,2.74
km,5,4450,0,4.37
popularly,5,15102,16423,3.18
notably,5,3156,5265,4.01
skimming[manual],5,0,0,2.99
pauline,5,7384,0,3.48
budapest,5,10282,0,3.55
hungary,5,4413,0,3.91
t'ai,5,0,0,4.2
ella,5,13338,0,3.63
sparta,5,17919,0,3.16
flora,5,6647,11331,3.7
plosive,5,0,0,1.67
ap,5,13280,0,4.4
lk,5,0,0,2.94
dickinson,5,12885,0,3.42
rescuing,5,0,0,3.35
whizz,5,18508,17799,2.49
guangdong,5,42527,0,3.0
ind,5,37599,0,3.57
baozi,5,0,0,1.39
poppy,5,12068,12051,3.59
impatience,5,9012,11344,2.98
hawks,5,0,0,3.89
mar.,5,0,0,4.19
conservatory,5,8987,18578,3.3
gigi,5,48051,0,3.19
prism,5,21115,13056,3.44
gemini,5,17077,0,3.38
mars.,5,0,0,4.27
gia,5,0,0,3.07
mapo,5,0,0,1.86
ralston,5,0,0,2.76
unwise,5,9528,14547,3.09
brooks,5,10384,0,4.04
juan,5,9051,0,4.12
blaine,5,31538,0,3.28
fryderyk,5,0,0,1.06
mccartney,5,16638,0,3.52
touristy,5,44517,31780,2.57
telling,5,13762,10329,4.92
np,5,28334,0,3.57
mortality,5,3259,4662,3.9
memphis,5,21351,0,3.89
colombo,5,17474,0,3.27
sumatra,5,16827,0,3.03
chandra,5,30548,0,3.19
minimise,5,5827,0,3.17
civilised,5,8881,41420,3.08
unbelievably,5,15127,13505,3.42
sibling,5,8962,4337,3.61
shove,5,6604,4384,3.66
redesign,5,14180,10636,3.42
gumbo,5,49909,17993,2.7
canton,5,23213,23318,3.55
soyuz,5,0,0,2.9
reid,5,5882,0,3.99
langham,5,27877,0,2.53
merrily,5,14992,18507,2.84
respectfully,5,15422,12404,3.47
defiance,5,9879,9592,3.48
innate,5,10109,10178,3.48
fidelity,5,11829,10174,3.52
roadwork,5,16680,38320,2.05
aperture,5,15655,12567,3.47
oyster,5,9897,6305,3.54
pingyao,5,0,0,1.3
cypress,5,24092,11248,3.25
positively,5,4699,5186,3.89
lux,5,37016,32111,3.33
marcello,5,42704,0,2.91
complication,5,4982,4995,3.31
polynesian,5,26565,21520,2.9
sars,5,0,0,2.99
stylistic,5,9238,10647,3.14
monitoring,5,4054,5150,4.34
rapa,5,0,0,2.14
fairytale,5,22549,0,3.21
bending,5,21724,22428,3.68
lebanon,5,5508,0,4.01
fao,5,28738,0,2.93
symmetry,5,6743,10174,3.51
remotely,5,9579,9613,3.75
sturdy,5,8597,6613,3.44
trim,5,5969,4920,3.89
mohandas,5,0,0,2.2
svalbard,5,0,0,2.57
visualise,5,11385,0,2.55
hubert,5,10742,0,3.3
greenstreet,5,0,0,1.7
poems,5,0,0,4.11
characteristics,5,0,0,4.28
ripple,5,9741,8123,3.41
needless,5,7525,9297,3.66
dreadful,5,4571,9280,3.66
finite,5,8060,9670,3.75
generator,5,6922,5836,3.94
ode,5,16168,19653,3.31
percy,5,10113,0,3.66
bysshe,5,45015,0,1.99
kahlil,5,0,0,2.21
gibran,5,0,0,2.22
originality,5,11620,12313,3.34
elective,5,13008,11919,3.32
karim,5,29874,0,3.18
kazak,5,0,0,1.93
steamer,5,11992,13331,3.36
seeing,5,14956,17168,5.04
huron,5,44392,0,3.17
ideally,5,4930,7858,3.75
butchart,5,0,0,1.65
cem,5,0,0,2.72
nutritionist,5,23350,13213,2.9
fraud,5,3659,3551,4.37
webcast,5,0,31393,2.97
rescuer,5,14801,11600,2.59
lling,5,0,0,1.24
laws,5,0,0,4.89
katherine,5,5500,0,3.83
skyline,5,12103,9513,3.49
edmonds,5,21995,0,2.95
irrigated,5,38332,20644,2.84
vp,5,27923,0,3.72
meringue,5,24037,16164,2.79
margaret,5,2293,0,4.23
snorkel,5,34173,18062,2.68
plastics,5,0,0,3.58
courtesy,5,5265,5380,4.13
minimal,5,4547,4313,4.11
expenditure,5,1658,5170,3.74
eet,5,0,0,2.29
sewn,5,0,0,3.18
idleness,5,15250,23589,2.48
rubik,5,0,0,2.13
bathing,5,19402,12673,3.68
wto,5,0,0,3.23
takeoff,5,37969,10467,3.35
floodwater,5,37999,41008,2.22
riverbank,5,22619,14758,2.77
philippine,5,17455,12500,3.76
goethe,5,21791,0,3.15
unwanted,5,6398,6932,3.78
conviction,5,2840,3066,4.14
gardner,5,12109,0,3.76
daudet,5,0,0,1.75
alsace,5,25506,0,2.77
bian,5,0,0,2.24
disturbed,5,8566,11262,3.8
outburst,5,8541,9577,3.15
qualifier,5,13253,15614,3.41
preach,5,5238,4814,3.69
recyclable,5,25660,19149,2.67
repurpose,5,0,0,2.41
retelling,5,37103,19876,2.95
horribly,5,11702,12255,3.49
xiong,5,0,0,2.29
screenplay,5,22955,9412,3.54
irritate,5,7783,8466,3.08
quixote,5,33628,0,2.93
nightfall,5,15356,14003,3.11
doorstep,5,6432,10738,3.5
nash,5,12133,0,3.84
fabulous,5,7086,5757,4.08
chu,5,29440,0,3.5
improper,5,9633,8245,3.58
absorbing,5,14174,17537,3.5
sequel,5,11795,8892,3.98
musically,5,16406,13379,3.27
stern,5,9588,10140,3.9
preschool,5,28812,6997,3.51
fellowship,5,6152,9276,3.86
esteem,5,9623,11271,3.9
virtuous,5,14599,12389,3.23
biomedical,5,25427,12136,3.47
allergy,5,12351,7220,3.6
invert,5,20592,15967,2.74
salutation,5,33246,26613,2.44
procrastinate,5,34854,24515,2.71
font,5,7448,13742,3.8
fulfillment,5,38486,8717,3.44
textual,5,10731,9231,3.34
non-finite,5,0,0,3.74
restart,5,11902,13007,3.68
communicator,5,13026,13468,2.96
carissa,5,0,0,2.29
supersonic,5,23484,17396,3.15
complexion,5,9586,10375,3.29
televise,5,22078,16618,2.22
deathbed,5,21450,17480,2.97
hopper,5,16759,15402,3.48
inscription,5,7849,8978,3.54
mph,5,9155,0,4.03
croatia,5,6815,0,3.74
unpredictable,5,6854,6653,3.68
undress,5,12641,12150,2.87
kazakhstan,5,13439,0,3.57
funding,5,2232,2141,4.63
webpage,5,0,35952,3.36
imprison,5,6445,8465,2.87
truest,5,0,0,2.92
unfinished,5,9507,8409,3.72
staunch,5,11504,11664,3.2
prague,5,5876,0,3.65
gregorian,5,25920,23185,2.74
gauguin,5,27326,0,2.57
vasco,5,29659,0,2.68
gama,5,45341,0,2.57
toughness,5,14907,12216,3.31
aronnax,5,0,0,1.12
conseil,5,0,0,2.44
forthcoming,5,4117,6748,3.75
edt,5,0,0,3.49
unintentionally,5,18903,16125,3.21
shankly,5,0,0,2.14
jakarta,5,27008,0,3.67
betrayal,5,8604,7284,3.68
assault,5,2970,2860,4.44
parallelism,5,17735,22679,2.58
southey,5,27991,0,2.23
unofficial,5,7790,9256,3.66
gregor,5,25378,0,3.19
mendel,5,28074,0,2.77
lonesome,5,35057,15486,3.09
pinta,5,42398,0,2.06
golmud,5,0,0,1.52
nanny,5,7333,8687,3.59
goodwill,5,6487,8768,3.67
ugliness,5,18785,16643,2.98
gladly,5,11148,10981,3.67
comb-like,5,0,0,3.52
fungus,5,8059,7056,3.53
kilimanjaro,5,39740,0,2.72
accounting,5,3070,3921,4.29
paratrooper,5,23496,17047,2.51
romanticism,5,15087,18771,2.97
normandy,5,9000,0,3.48
binyon,5,31003,0,1.66
eastgate,5,47378,0,2.01
weakly,5,10233,11732,3.17
pasture,5,5749,6330,3.36
capitalist,5,3472,7856,3.79
odour,5,6254,0,2.96
sparkling,5,7884,9080,3.56
crowning,5,20684,19194,3.09
colored,5,48423,5142,4.19
defoe,5,25084,0,2.9
primate,5,10750,11355,3.14
rash,5,11233,8937,3.67
considerably,5,2741,4645,4.0
thump,5,8054,9995,2.97
blackness,5,10635,9868,3.09
rattle,5,6515,5452,3.35
stating,5,0,0,4.15
awkwardly,5,10344,10600,3.25
ching,5,38298,34514,3.37
petko,5,0,0,1.45
marcel,5,16052,28408,3.5
instantaneously,5,18651,18010,2.9
cassini,5,0,0,2.78
archeological,5,0,20525,2.93
intersect,5,14941,10941,3.19
mutilate,5,19302,20999,2.45
unarmed,5,13975,12344,3.72
heiress,5,15679,19145,3.07
vexed,5,18900,28691,2.81
voices,5,0,0,4.35
aubergine,5,23473,37328,2.41
childishness,5,35173,34934,2.25
quinceanera,5,0,0,1.86
womanhood,5,20028,16162,2.88
mitzvah,5,0,19883,2.87
linguistics,5,6814,15674,3.43
ager,5,0,0,2.38
commencement,5,12251,13566,3.48
conclusive,5,9670,12501,3.3
antibiotic,5,7295,5080,3.5
aquatic,5,10617,8203,3.62
hyponym,5,0,0,0.0
topical,5,11763,11566,3.45
nobleman,5,15283,21602,3.02
foreground,5,11693,8564,3.26
aflame,5,36531,25870,2.46
bricklayer,5,20598,27474,2.52
commentator,5,4631,5355,3.67
quidditch,5,0,46325,2.74
bowel,5,4431,9380,3.55
pastry,5,8102,6315,3.53
mini-survey,5,0,0,4.25
dishonour,5,22127,0,2.71
plumb,5,20239,19115,2.92
grindstone,5,37127,30886,2.38
joris,5,0,0,2.15
pickup,5,8372,3802,3.86
discreet,5,7680,11161,3.43
interconnect,5,21188,19393,2.7
skydive,5,0,27440,2.57
javari,5,0,0,0.0
radiate,5,10092,8496,2.96
jellyfish,5,23528,18731,3.25
crystallography,5,36177,33168,2.6
whorf,5,0,0,1.92
outperform,5,24034,12732,3.01
empathic,5,44204,20127,2.59
supervisor,5,5371,3589,3.95
accelerator,5,10364,11455,3.42
structural,5,2916,3829,4.18
underlying,5,3334,4265,4.17
pathetic,5,6913,7927,4.11
hearer,5,13147,23794,2.09
genuinely,5,4455,6439,4.1
outbound,5,30638,0,3.0
trilby,5,24633,41124,2.35
diversion,5,6956,7508,3.51
waterloo,5,9942,0,3.52
anon,5,25670,35493,3.33
gauze,5,21512,14764,2.89
cannon,5,7136,8430,4.02
eventful,5,19103,23564,3.02
emotionally,5,6932,4650,4.04
carnarvon,5,42323,0,2.47
ex,5,12200,25830,4.81
petition,5,4356,5959,4.3
effortless,5,14724,15136,3.14
unteachable,5,0,45004,1.54
semicolon,5,0,0,2.48
pili,5,0,0,2.15
babar,5,45206,0,2.61
politeness,5,0,16740,2.93
nels,5,0,0,2.29
grapes,5,0,0,3.73
expectant,5,18997,16585,2.95
surinam,5,30332,0,2.24
dynamite,5,18879,12133,3.59
progression,5,6600,7571,3.9
firth,5,12340,0,3.18
logue,5,44722,0,2.4
dubbing,5,49179,43437,2.77
ignite,5,11118,7393,3.35
radames,5,0,0,1.45
breton,5,25476,0,3.06
feat,5,8546,7177,3.99
warship,5,12328,11960,3.15
uss,5,36291,0,3.45
moss,5,8864,8708,3.89
noam,5,49272,0,2.83
chomsky,5,25474,0,3.01
heavyweight,5,9093,8576,3.62
rightly,5,4289,7631,3.73
ageing,5,6036,38735,3.44
immersive,5,0,30028,3.25
sables,5,0,0,2.13
encode,5,8299,11568,2.95
co-worker,5,0,0,4.36
onstage,5,28708,7848,3.47
inductive,5,24506,20226,2.9
toil,5,14924,13009,3.03
acknowledgement,5,6939,13380,3.32
sacri,5,0,0,1.76
sweetness,5,12041,9462,3.48
mortal,5,9725,9517,3.86
unimaginable,5,18623,12047,3.15
res,5,41363,23260,3.79
ifugao,5,0,0,1.55
jaron,5,0,0,2.1
lanier,5,0,0,2.82
beeswax,5,25075,22331,2.67
ancestral,5,11879,8966,3.43
gombe,5,0,0,2.26
poacher,5,15225,15191,2.58
roberts,5,4424,0,4.16
irresistible,5,8738,9066,3.47
cornwallis,5,0,0,2.65
pharaohs,5,0,0,2.74
after-school,5,0,0,5.56
cooked,5,10073,7517,4.11
bitterness,5,6970,8320,3.45
movies,5,0,0,4.79
chickens,5,0,0,3.82
stood,5,0,0,4.57
self-improvement,5,0,0,4.42
scarves,5,0,0,3.15
pennies,5,0,0,3.35
classes,5,0,0,4.77
judging,5,34047,21206,4.05
eggs,5,0,0,4.5
arms,5,29761,0,4.82
older,5,0,0,4.92
résumé,5,0,0,2.83
mustache,5,0,8105,3.41
northward,5,20374,14152,3.22
cd-rom,5,0,0,3.66
accountable,5,7192,5713,3.9
ballot,5,5454,3706,4.06
bumper,5,11230,10621,3.69
bypass,5,8253,7601,3.76
corps,5,5168,6050,4.27
deem,5,4164,4554,3.34
deficient,5,11799,12804,3.33
elite,5,4216,2735,4.4
high-tech,5,0,0,4.65
homosexual,5,7222,6791,3.72
horsepower,5,23778,12375,3.49
irrational,5,8527,8231,3.56
maiden,5,11516,14342,3.82
nickel,5,16216,7847,3.82
obese,5,17324,10333,3.68
paperback,5,7936,8235,3.62
stool,5,5459,5989,3.52
volt,5,12526,0,3.32
wary,5,6338,6004,3.57
well-off,5,0,0,5.68
colonel,5,3566,6593,4.41
excavate,5,10210,10160,2.66
flick,5,5412,6850,3.63
fusion,5,5165,7242,4.02
meander,5,14749,12806,2.69
millennium,5,12504,5666,3.7
outnumber,5,9779,9186,2.98
piracy,5,19266,13618,3.52
racism,5,5469,3948,4.25
rape,5,3510,3416,4.48
sentimental,5,8600,8266,3.53
sterile,5,9882,9354,3.43
unpaid,5,7716,10099,3.73
whereabouts,5,8439,11164,3.54
celebrated,5,7079,7905,4.24
existing,5,1063,2150,4.75
heated,5,6845,7098,4.09
measurable,5,12100,11403,3.32
middle-aged,5,0,0,4.42
registry,5,8139,12691,3.77
dreamed,5,0,0,3.75
near-surface,5,0,0,4.7
unsuspecting,5,14048,13871,3.14
visiting,5,5240,5622,4.44
spotted,5,12424,10045,4.19
withdrawn,5,0,0,3.9
self-belief,5,0,0,4.39
wide-ranging,5,0,0,4.12
absent-minded,5,0,0,3.76
thought-provoking,5,0,0,3.47
reserved,5,11251,9716,4.18
ridden,5,0,0,3.62
respected,5,8447,6571,4.11
bothered,5,21317,25954,3.96
toughen,5,20083,15491,2.65
headphones,5,0,0,3.88
headstone,5,21900,15640,2.76
self-control,5,0,0,5.02
attempted,5,6058,8032,4.42
awe-inspiring,5,0,0,3.6
bureaucracy,5,4420,4976,3.55
called,5,18620,9823,5.59
capitalized,5,0,32771,3.16
colouring,5,7663,37680,3.22
cosmetics,5,0,10043,3.67
differentiate,5,5138,6387,3.62
examinee,5,0,36171,1.74
exposed,5,6909,7115,4.51
forced,5,6852,6024,4.83
frosty,5,13903,14399,3.2
fruitless,5,13696,15518,3.04
gable,5,12198,20782,3.08
informed,5,7723,7733,4.45
lacking,5,38473,36627,4.08
licensed,5,7115,9144,4.17
overpass,5,0,20685,2.96
photocopy,5,14315,18377,2.7
prejudiced,5,15424,19050,3.05
retrain,5,19121,15253,2.52
self-critical,5,0,0,4.69
supposing,5,12329,21503,2.98
upper-class,5,0,0,4.63
worrying,5,5256,7390,4.12
living-room,5,0,0,5.04
borderline,5,14486,12910,3.34
fling,5,4575,6172,3.33
indignation,5,9794,12282,3.08
patrol,5,5439,4183,4.14
quaint,5,14064,10301,3.27
sane,5,11270,9556,3.67
subconscious,5,15809,18135,3.39
yoghourt,5,0,0,0.0
reproduction,5,4803,5658,3.79
denial,5,6046,4743,3.99
defer,5,8520,8699,3.2
segregate,5,14472,12370,2.67
correlate,5,6763,5266,3.2
naive,5,6356,6114,3.75
superstition,5,11687,11572,3.21
expire,5,7014,6647,3.54
embody,5,5096,5093,3.17
judicial,5,3083,3930,4.14
testify,5,7617,2790,3.84
ascertain,5,5989,9571,3.29
retort,5,8199,13847,2.89
perpetual,5,8450,8766,3.61
rebellious,5,13766,11168,3.36
notorious,5,6020,6155,3.83
applicable,5,4629,7582,4.13
suppress,5,4544,4965,3.66
duplicate,5,11219,9237,3.59
uphold,5,8694,5354,3.52
emigrate,5,9478,10660,2.89
harassment,5,7628,4591,4.01
heave,5,6714,9170,2.9
parasite,5,7277,8481,3.51
temperament,5,7816,8423,3.36
gatekeeper,5,24068,15035,2.79
mouth-to-mouth,5,0,0,4.53
pencil-box,5,0,0,3.92
so-so,5,0,0,6.22
contributions,5,0,0,4.34
crutch,5,14340,11589,2.9
durability,5,15537,11734,3.45
paid,5,6008,7725,5.12
hours,5,0,0,5.4
looks,5,0,0,5.36
year!,5,0,0,5.96
it?,5,0,0,6.95
immature,5,9681,11697,3.66
mashed,5,21182,10025,3.39
fees,5,0,0,4.53
grizzly,5,33645,12822,3.28
pull-up,5,0,0,4.81
footsteps,5,0,0,3.69
full-time,5,0,0,5.47
cartoons,5,0,0,3.74
watched,5,0,0,4.72
stayed,5,0,0,4.53
washed,5,14634,17033,4.1
fries,5,0,0,3.81
taller,5,0,0,3.73
bigger,5,0,0,4.74
beans,5,0,0,4.14
landmine,5,36576,28502,2.49
afternoon.,5,0,0,4.72
woken,5,0,0,3.37
froze,5,0,0,3.42
taken,5,32667,23427,5.33
showed,5,0,0,4.86
superpower,5,12946,8289,3.22
candies,5,0,0,3.14
trees,5,0,0,4.69
"yes,",5,0,0,5.5
coca-cola,5,0,0,3.39
undivided,5,19323,20480,3.05
beancurd,5,0,0,1.34
bathrobe,5,33266,13547,2.68
battleground,5,18831,12109,3.07
bedclothes,5,0,0,1.9
gruel,5,36700,25887,2.44
studies,5,0,0,4.98
great!,5,0,0,5.88
o-r-a,4,0,0,4.92
z.,4,0,0,4.47
mom.,4,0,0,5.12
pingpong,4,0,0,1.88
months,4,0,0,5.35
24th,4,0,0,3.65
chen.,4,0,0,3.96
jingjing,4,0,0,1.18
bb,4,24455,0,3.84
cc,4,16908,0,4.15
dd,4,27313,0,3.68
nn,4,30192,0,2.98
tch,4,0,0,2.64
ju,4,18201,0,3.57
ay,4,17331,19706,3.61
70th,4,0,0,3.17
80th,4,0,0,3.11
sta,4,30863,0,3.32
infl,4,0,0,1.64
ix,4,12574,0,3.69
anxi,4,0,0,1.66
wuxi,4,0,0,2.28
marc.,4,0,0,4.03
wong,4,26885,0,3.67
celia,4,6808,0,3.2
nite,4,0,30143,3.0
a-g,4,0,0,5.0
ier,4,0,0,2.14
diff,4,48227,0,3.2
je,4,23223,0,3.63
loudest,4,34916,0,3.21
100c,4,0,0,0.82
mon,4,9197,0,3.86
loo,4,8889,23160,3.3
fatter,4,32773,0,3.06
smiths,4,0,0,3.21
prety,4,0,0,1.73
interj.,4,0,0,0.0
p.s.,4,0,0,3.56
tues,4,28086,0,2.8
d.c,4,0,0,4.33
u.,4,0,0,5.11
walled,4,11572,16781,3.43
pei,4,0,0,3.0
aaron,4,12804,0,4.23
abdomen,4,12361,9711,3.56
planetary,4,13039,6943,3.56
crust,4,7209,5659,3.7
crosswalk,4,0,24852,2.63
cornstarch,4,0,16490,2.5
theatres,4,0,0,3.54
oscars,4,0,0,3.6
kai,4,26413,0,3.77
anti,4,14616,14880,5.01
qiang,4,0,0,2.36
mum.,4,0,0,4.41
1830s,4,0,0,1.51
1880s,4,0,0,1.9
yo-,4,0,0,4.45
sos,4,23954,19917,3.36
clapp,4,0,0,2.44
10c,4,0,0,2.46
babysitting[manual],4,0,0,3.18
babysitter,4,22346,0,3.21
rebirth,4,15186,11503,3.4
hills,4,36229,0,4.46
zoologist,4,22821,23306,2.51
bengal,4,23184,26553,3.68
monkeys,4,0,0,3.86
poorer,4,0,0,3.6
weightlifter,4,42384,0,2.44
haifeng,4,0,0,1.15
rising,4,5234,5336,4.52
ahmed,4,9345,0,3.83
selve,4,0,0,1.22
urumqi,4,0,0,1.95
serial,4,7913,6852,4.23
li.,4,0,0,4.25
ac,4,4250,0,4.25
diphthong,4,30292,37446,2.09
shanxi,4,0,0,2.47
wadsworth,4,38352,0,2.93
freeman,4,8917,6221,3.83
marv,4,0,0,2.87
putuo,4,0,0,1.16
paralympics,4,0,32069,3.2
e-commerce,4,0,0,4.32
kodak,4,16338,0,3.26
re-,4,0,0,5.23
sportsmen,4,0,0,2.99
coldness,4,16048,19997,2.64
tion,4,0,0,2.79
ive,4,0,0,4.02
digging,4,14385,12994,3.99
kathryn,4,23450,0,3.48
bristol,4,2790,0,4.03
lifa,4,0,0,1.15
shaoxing,4,0,0,1.8
nan,4,9245,34653,3.49
ic,4,43813,0,3.55
mumbai,4,0,0,3.96
fitter,4,11448,25042,3.01
schulz,4,38022,0,3.08
barbera,4,0,0,2.35
tenerife,4,22467,0,2.89
changsha,4,0,0,2.41
lice,4,0,0,3.21
jolly,4,8699,13154,3.57
depp,4,0,0,3.15
yam,4,36156,14670,3.04
staying,4,18976,34811,4.55
glossy,4,6986,8572,3.43
waterski,4,44344,0,1.43
dorothy,4,5155,0,3.78
shouldn,4,0,0,2.33
explanatory,4,8103,12564,3.31
lian,4,0,0,2.74
sphinx,4,22914,23956,3.0
simulation,4,7408,5678,3.94
runny,4,21923,18228,2.94
nankai,4,0,0,1.68
fudan,4,0,0,1.95
-ed,4,0,0,4.79
pastor,4,12474,3850,4.08
styles,4,0,0,4.38
losing,4,14228,9405,4.85
dolly,4,9382,20093,3.54
oooo,4,0,0,2.61
spaceman,4,37554,29235,2.46
broccoli,4,21277,7853,3.5
s6,4,0,0,3.06
yangzhou,4,0,0,1.91
salmon,4,4751,3406,4.01
dimmer,4,35305,26848,2.67
hickory,4,44201,19892,3.12
dickory,4,0,0,1.62
gloria,4,7423,0,3.73
purdue,4,0,0,3.38
melksham,4,0,0,1.94
don'ts,4,0,0,2.75
piper,4,7404,20506,3.68
champs,4,24626,0,3.6
seep,4,9497,8656,2.79
interjection,4,22720,33605,2.16
oa,4,28889,0,3.19
chapel,4,3240,7252,4.03
beachside,4,0,0,2.49
botanic,4,17087,21762,3.04
williamstown,4,0,0,2.65
lee.,4,0,0,4.73
lees,4,0,0,3.04
comer,4,12132,9658,2.86
himalaya,4,15401,0,2.71
portugal,4,5356,0,4.1
hanbok,4,0,0,1.94
moonwalk,4,0,32660,2.3
machinist,4,25021,18426,2.75
boldly,4,9702,10559,3.28
club.,4,0,0,5.2
naples,4,12202,0,3.63
gcse,4,9210,0,3.15
kublai,4,0,0,2.22
hurl,4,7001,7332,2.91
knitting,4,5860,17030,3.45
venezuela,4,10805,0,3.93
rework,4,18594,13484,2.89
volcanoes[manual],4,0,0,3.3
mcculloch,4,28735,0,2.97
mcdonald,4,8947,0,3.77
havasu,4,0,0,2.35
zeus,4,17423,0,3.54
mausoleum,4,19280,18072,2.94
emei,4,0,0,1.33
cient,4,0,0,1.5
cursive,4,29677,23198,2.9
buff,4,14978,12249,3.59
ethics,4,6077,3231,4.19
escort,4,6470,6668,4.0
quali,4,0,0,2.32
gracefully,4,14101,10468,3.23
straightaway,4,19365,21213,2.64
geometrical,4,16135,22692,2.89
ellipse,4,26189,21016,2.68
jesse,4,16701,0,4.04
upturn,4,14883,23530,2.48
molten,4,12612,13274,3.33
lumber,4,18664,6984,3.59
java,4,16673,25951,4.0
fjord,4,24457,21776,2.81
cleverness,4,19535,21006,2.69
ladybird,4,23035,41437,2.54
headless,4,20564,18818,3.01
fume,4,7590,9606,2.63
beginnings,4,0,0,3.64
endings,4,0,0,3.54
glasgow,4,2143,0,4.19
mow,4,14782,9661,3.1
mince,4,12831,8153,3.02
tomatoe,4,0,0,1.41
newsagent,4,11189,0,2.18
tweezer,4,0,0,1.87
bicarbonate,4,17641,32020,2.73
stopper,4,21178,17714,3.09
reddish,4,15058,12362,3.39
faithfulness,4,23972,20790,3.0
qianlong,4,0,0,1.81
valour,4,20905,0,2.91
windsor,4,5648,0,3.73
brie,4,39239,0,3.08
matching,4,6342,6593,4.1
cooling,4,14044,13602,4.06
sleet,4,22666,18164,2.83
reuters,4,17081,0,3.87
humorist,4,38640,20709,2.44
illinois,4,15370,0,4.44
deathly,4,21197,20234,2.91
hallows,4,0,0,2.75
rd,4,36896,0,4.11
arc,4,6611,5923,4.21
huai,4,0,0,2.19
co.,4,0,0,5.21
neuromotor,4,0,0,1.22
horrors,4,0,0,3.52
radcliffe,4,12751,0,3.25
mathieu,4,0,0,3.14
mathew,4,35810,0,3.13
carnation,4,15758,18352,2.7
o',4,0,0,5.12
rattling,4,23881,23347,3.2
hopscotch,4,0,28977,2.38
discus,4,27552,23384,2.76
squash,4,7894,6923,3.63
chowder,4,0,19043,2.78
cocktail,4,6452,5220,3.89
spank,4,23023,14335,3.08
kaifeng,4,0,0,1.72
bagpipe,4,22085,21422,2.35
unevenly,4,18700,18987,2.66
populous,4,19124,13571,3.41
tuna,4,10709,5993,3.64
cobra,4,12927,17300,3.51
alastair,4,12412,0,3.06
anyplace,4,0,14760,2.59
springless,4,0,0,0.0
wayside,4,18440,17420,2.99
recline,4,20129,15819,2.51
astrologer,4,20664,23221,2.8
meteorite,4,17676,12025,3.2
atter,4,0,0,1.65
wagner,4,9166,0,3.71
punk,4,8268,8029,4.2
karl,4,6663,0,4.0
miles,4,6229,0,5.0
ane,4,0,0,2.62
moon.,4,0,0,4.7
bangkok,4,10696,0,3.84
stanley,4,4560,0,4.19
brainstorming,4,34166,20927,2.92
ave,4,26490,0,4.04
pou,4,18333,0,2.51
rade,4,0,0,2.14
italicize,4,49136,32360,1.62
skie,4,0,0,1.11
semi-,4,0,0,4.51
mini-encyclopaedia,4,0,0,2.8
vol,4,4448,0,4.41
c4091,4,0,0,0.0
goo,4,26791,17545,3.41
longterm,4,0,0,2.75
ultra,4,15582,13490,4.23
fe,4,17097,0,3.9
fuji,4,23991,0,3.22
mozi,4,0,0,1.54
helping,4,9512,7865,4.78
hd,4,28730,0,4.26
dealing,4,4521,0,4.6
calmer,4,0,0,3.05
dunk,4,33537,14387,3.54
jun.,4,0,0,3.94
jul.,4,0,0,3.64
stuntman,4,40070,29010,2.65
twenties,4,0,0,3.48
esp.,4,0,0,3.55
un-,4,0,0,4.62
finer,4,0,0,3.4
jonathan,4,4215,0,4.31
hush,4,15722,13814,3.47
mamma,4,17471,21104,3.32
inferences,4,0,0,2.8
repairs,4,0,0,4.08
junko,4,0,0,2.46
moye,4,0,0,1.78
quarrymen,4,0,0,1.86
header,4,6800,17233,3.88
capitalise,4,11696,0,2.69
shh,4,11003,16407,3.01
tireless,4,18413,14927,3.04
fishermen,4,0,0,3.65
trapp,4,0,0,2.66
standardise,4,15673,0,2.1
gile,4,0,0,1.84
doner,4,0,0,2.14
laba,4,0,0,1.87
gyn,4,0,0,2.67
randomly,4,10025,6507,3.97
famously,4,19157,9331,3.49
controller,4,5106,6099,4.13
herodotus,4,29836,0,2.79
eliot,4,3767,0,3.5
cicero,4,25491,0,3.18
bridesmaid,4,15887,18014,3.08
spiral,4,8551,8028,3.85
terraforming,4,0,0,2.33
dearest,4,0,0,3.42
goni,4,0,0,1.68
problems,4,0,0,5.19
blackburn,4,6281,0,3.48
saxons,4,0,0,3.02
juilliard,4,0,0,2.65
offline,4,9449,0,3.74
earphone,4,23536,18386,2.49
zimmer,4,39902,0,3.15
saxon,4,10721,21385,3.58
20s,4,0,0,3.07
rabindranath,4,0,0,2.32
vastness,4,21144,18290,2.66
bio,4,28524,17047,4.07
albania,4,9351,0,3.35
carnegie,4,22285,0,3.61
tirelessly,4,18837,17647,3.08
quiver,4,10746,11515,2.84
garry,4,10857,0,3.31
kasparov,4,11028,0,2.47
evans,4,3728,0,4.22
hilton,4,8098,0,3.75
tranquil,4,11585,13037,3.14
arid,4,11526,10724,3.37
hydroponics,4,0,30236,2.35
partially,4,4723,4379,4.19
elon,4,0,0,3.34
musk,4,26203,21068,3.49
mid-19th,4,0,0,3.84
rodin,4,28126,0,2.66
nicotine,4,16283,10295,3.52
cholesterol,4,7417,3119,3.72
heatwave,4,33368,43119,2.85
sorting,4,19912,21811,3.61
persever,4,0,0,0.0
bosom,4,12605,12630,3.05
icebox,4,49142,23258,2.31
diao,4,0,0,1.92
vasari,4,0,0,2.37
sling,4,10377,9834,3.34
louisa,4,13248,0,3.29
alcott,4,0,0,2.59
mischief,4,9589,11810,3.36
biofuel,4,0,19413,2.71
disciplined,4,11082,10617,3.51
aspire,4,8441,7829,3.47
lashing,4,24680,31736,3.04
byron,4,12379,0,3.68
dwell,4,7576,7180,3.57
intuition,4,7905,8521,3.54
meatball,4,47156,15108,2.87
collocate,4,0,0,1.11
nunavut,4,0,0,2.72
marilla,4,0,0,2.0
edwin,4,9073,0,3.65
repetitive,4,8619,10127,3.56
fires,4,0,0,4.17
evos,4,0,0,1.94
manuka,4,0,0,2.38
sulphuric,4,24123,41850,2.36
springs,4,0,0,4.24
overfishing,4,0,30075,2.55
murdering,4,23716,22468,3.72
kau,4,0,0,2.54
timing,4,3768,3808,4.29
mechanics,4,0,0,4.13
mateusz,4,0,0,1.86
evo,4,0,0,3.19
underway,4,8019,7154,3.87
seating,4,11380,8611,3.77
boomerang,4,36655,23526,3.06
non-native,4,0,0,4.59
paddy,4,6765,16666,3.62
territorial,4,5077,6790,3.91
cleanup,4,47597,5872,3.46
hollows,4,0,0,2.74
gifts,4,0,0,4.38
eradicate,4,8573,9110,3.29
reputable,4,11108,13834,3.41
overreact,4,32719,14284,2.82
mahout,4,0,34855,1.75
peters,4,12462,0,3.7
pilgrim,4,8758,9037,3.38
midautumn,4,0,0,0.0
extremity,4,13959,13554,3.0
ps,4,8049,0,4.02
winston,4,7838,0,3.92
homecare,4,0,0,2.28
ruth,4,2728,0,4.05
unavoidable,4,9575,11557,3.35
hyphenate,4,0,44526,1.92
overwork,4,33320,25116,2.62
toughest,4,0,0,3.61
cripple,4,11135,9401,3.22
tempting,4,7524,8558,3.65
recognizable,4,11849,8269,3.45
themes,4,0,0,4.19
spun,4,34432,29650,3.67
surveying,4,28222,37917,3.33
baltimore,4,20603,0,4.22
endear,4,18490,18772,2.35
mansfield,4,10238,0,3.42
davidson,4,9105,0,3.8
interdependence,4,15734,12165,2.69
lifeline,4,14610,13856,3.23
investigating,4,22304,22588,4.08
developmental,4,8246,4588,3.78
visually,4,7927,6319,3.68
pointless,4,7557,11452,3.88
emm,4,49982,0,2.18
ramond,4,0,0,1.33
glamour,4,8500,8154,3.51
emptiness,4,11876,9389,3.27
stunt,4,11964,9106,3.86
childbirth,4,9947,10922,3.42
banish,4,8588,9415,3.07
dostoevsky,4,18053,0,2.51
unbroken,4,11175,13515,3.22
impractical,4,11205,13148,3.28
contextual,4,10846,11295,3.14
server,4,3365,6259,4.46
lilliputian,4,48232,32556,1.88
cruelly,4,12157,17835,2.95
biotech,4,0,11124,3.16
nominal,4,6079,10783,3.6
delta,4,7242,10451,4.12
aimlessly,4,19678,17897,2.82
clutch,4,4855,5145,3.88
fearfully,4,23394,22475,2.43
freezer,4,8786,7239,3.66
homeowner,4,25894,5195,3.2
arguably,4,7772,6770,3.9
frankenstein,4,13070,0,3.33
prophet,4,7159,7514,3.98
unworthy,4,14125,14715,3.2
nobility,4,7320,12102,3.47
thrift,4,15985,10231,3.4
exhaustion,4,8483,8142,3.49
crispr,4,0,0,2.65
embryo,4,6275,6655,3.34
constructive,4,5702,7446,3.78
michel,4,8244,0,3.72
meditate,4,15721,12380,3.26
gdp,4,6317,7057,4.0
upsetting,4,18420,16298,3.57
polytechnic,4,3762,39431,3.18
industrious,4,18457,18792,2.79
embed,4,7054,6007,2.94
extracurricular,4,0,13137,2.99
calming,4,19183,15060,3.35
lyrical,4,12464,13084,3.43
diagnosis,4,3739,3594,4.2
snapshot,4,11440,7704,3.39
fracture,4,7997,6123,3.7
stillness,4,10585,11128,2.98
onlooker,4,11544,12883,2.31
unchanged,4,5360,8737,3.74
supposedly,4,5933,4551,3.96
resolutely,4,11539,15590,2.82
hormone,4,6640,4416,3.82
namibia,4,10924,0,3.25
tougher,4,0,0,3.66
shakespearean,4,22534,19130,2.88
eternity,4,9841,8376,3.8
mournful,4,19876,15738,2.73
ci,4,47907,0,3.53
pollock,4,12837,20168,3.23
madly,4,16025,13638,3.17
summ,4,0,0,2.15
adept,4,13923,10221,3.33
lawful,4,8872,14527,3.62
barefoot,4,15162,9395,3.39
severity,4,7070,7307,3.71
acorn,4,12485,15397,3.08
unreal,4,11141,12554,3.59
radiant,4,14368,9731,3.49
haired,4,20054,0,3.7
abbreviate,4,20690,22759,2.23
coz,4,0,0,3.15
julien,4,26683,0,3.29
morally,4,7775,6396,3.63
magi,4,34689,29305,2.91
brit,4,11898,0,3.59
doggy,4,22065,21792,3.33
medalist,4,0,11795,3.22
bison,4,26540,10820,3.26
frances,4,7947,0,3.7
porcupine,4,25743,19692,2.88
marshall,4,4236,19481,4.24
subscriber,4,8110,7205,3.52
fairhurst,4,0,0,1.76
salvador,4,8278,0,3.72
horses,4,0,0,4.45
painkiller,4,19407,13003,2.77
farne,4,0,0,1.8
biographer,4,11989,10519,3.09
gravitation,4,28774,26117,2.67
mountaineer,4,22858,21894,2.76
cary,4,23549,0,3.42
broome,4,29499,0,2.93
downstream,4,11771,10107,3.62
chrysanthemum,4,22227,21235,2.57
yorkshire,4,2054,0,4.04
avenge,4,19144,15208,3.25
uncomfortably,4,10148,12708,3.0
clowning,4,35371,40826,2.63
functional,4,3563,4233,4.24
helpfully,4,15049,22264,2.54
lebron,4,0,0,3.91
popovic,4,0,0,2.0
serbia,4,8341,0,3.71
meilan,4,0,0,1.02
guernica,4,27996,0,2.19
ideas,4,0,0,4.84
firewall,4,0,17087,3.24
huangshan,4,0,0,1.61
holliday,4,34425,0,2.9
craftworker,4,0,0,0.0
eisenhower,4,13234,0,3.43
omaha,4,45577,0,3.61
casualty,4,3944,4230,3.61
logician,4,39582,35325,2.13
harare,4,24748,0,2.85
tuo,4,0,0,2.36
masterwork,4,34622,21708,2.46
lynd,4,48909,0,2.04
eloquent,4,11358,10294,3.21
curtsy,4,36512,27455,2.05
strangeness,4,19151,16884,2.67
maketh,4,0,0,2.44
amiable,4,11755,15763,2.84
churn,4,9874,8407,3.07
neurone,4,17652,0,2.2
bann,4,45916,0,2.11
glee,4,15126,13136,3.49
pensive,4,22406,18665,2.63
bliss,4,11334,11965,3.78
morgan,4,3888,0,4.42
posting,4,11822,13605,4.39
pasteur,4,39730,0,2.8
intercultural,4,0,19585,2.87
gettysburg,4,48928,0,3.14
snub,4,16075,17845,2.9
childlike,4,18930,12874,2.94
dashwood,4,0,0,2.45
counteract,4,9701,12113,3.19
rimrock,4,0,41233,1.72
turbulent,4,8716,9806,3.47
playful,4,14730,8444,3.53
mitch,4,10992,0,3.91
auden,4,23792,0,2.65
maeterlinck,4,0,0,1.78
nonprofit,4,0,3837,3.86
joachim,4,26326,0,3.12
borrower,4,6787,9542,3.25
boon,4,11528,11451,3.45
lines,4,0,0,4.95
barreleye,4,0,0,0.0
captive,4,11324,9226,3.7
fermi,4,0,0,2.83
eyed,4,32774,23878,3.96
taut,4,10555,10415,2.91
tiller,4,13311,20352,2.95
portray,4,7017,3263,3.63
misconception,4,13875,9434,3.22
engines,4,0,0,4.35
rotation,4,6205,5230,4.08
proxima,4,0,0,2.37
centauri,4,0,0,2.7
distort,4,5932,6622,3.08
ironically,4,5611,4808,3.74
savoury,4,18810,0,2.81
coliseum,4,33886,28315,3.17
vatican,4,10517,0,3.79
ceremonial,4,11228,9026,3.49
reminisce,4,18627,13731,2.84
sparkly,4,35674,23127,3.07
secrets,4,0,0,4.31
cannonball,4,35079,21805,2.87
dreamlike,4,34121,18765,2.52
sanitiser,4,0,0,1.66
affectionately,4,14391,14360,3.11
4g,4,0,0,3.51
millisecond,4,22338,17013,2.59
tennyson,4,16362,0,2.9
determiner,4,45391,37060,2.14
galette,4,0,35925,1.99
shortcake,4,0,29018,2.39
portal,4,9282,9221,4.0
billie,4,17646,0,3.46
unacceptable,4,5094,6531,3.87
crossbar,4,23674,25886,2.79
cappuccino,4,26926,16511,2.87
shikumen,4,0,0,1.03
slingshot,4,0,21215,2.95
twine,4,24356,15215,2.93
goodenough,4,0,0,2.17
thoroughbred,4,22436,21672,2.98
inlay,4,24142,24760,2.68
mini-,4,0,0,4.44
chilean,4,39894,11766,3.44
recollection,4,7528,7880,3.28
nestle,4,11921,8710,2.99
loft,4,8017,7794,3.51
loathe,4,11256,12607,3.11
spacious,4,7068,8653,3.41
margie,4,0,0,2.78
lina,4,30784,0,3.06
analogy,4,5394,5913,3.71
enthusiastically,4,8513,10100,3.25
workroom,4,23437,21978,2.32
salisbury,4,6606,0,3.51
infrared,4,17402,7095,3.71
heine,4,29497,0,2.65
apprehend,4,13950,11622,3.02
lateral,4,7342,8322,3.75
crick,4,25119,30238,2.8
helix,4,17577,22645,3.26
charlemagne,4,13412,0,2.88
resonance,4,9855,7935,3.65
distracting,4,32749,21601,3.43
empathise,4,33663,0,2.43
slideshow,4,0,35841,2.94
rumbling,4,19619,16506,2.96
gush,4,15176,11252,2.83
caroline,4,3761,0,4.01
upwind,4,28691,0,2.39
chiefly,4,7032,11035,3.42
reel,4,9829,7527,3.68
hereditary,4,8780,13816,3.49
conveniently,4,7606,11553,3.58
impaired,4,12873,9874,3.68
interface,4,3267,6182,4.12
duly,4,5569,14274,3.44
unfairly,4,11409,10010,3.36
banknote,4,21482,28997,2.49
underlie,4,5797,7604,2.68
racer,4,16796,9120,3.45
wane,4,11402,10009,2.83
hose,4,9974,6226,3.73
merchandise,4,13861,7045,3.93
naming,4,18769,13413,3.88
murwillumbah,4,0,0,1.6
courier,4,12107,13082,3.68
hymers,4,0,0,1.02
rationing,4,15281,16883,3.01
bombard,4,13722,13039,2.74
1600s,4,0,0,0.49
powerfully,4,9608,10870,3.14
x2,4,0,0,3.37
noah,4,12376,0,3.93
frontal,4,14575,10785,3.48
cortex,4,10920,13799,3.59
worsen,4,9477,8475,3.06
brita,4,0,0,2.31
stanzas,4,0,0,2.72
billionth,4,0,29363,2.31
singaporean,4,0,31856,2.97
multilingual,4,27057,22731,3.03
hateful,4,20378,14495,3.52
ariel,4,17682,0,3.54
warbler,4,25185,20230,2.77
sweatshirt,4,15651,10979,3.19
mountaintop,4,0,14089,2.73
wegener,4,45567,0,2.31
muhammad,4,13159,0,3.87
paperless,4,35110,29223,2.43
distributor,4,5851,7443,3.66
bonham,4,26561,0,2.79
cisneros,4,0,0,2.32
vie,4,13731,8399,3.35
romain,4,0,0,2.85
rolland,4,0,0,2.51
midwestern,4,40499,9038,3.12
outhouse,4,20711,17207,2.64
avail,4,13705,14262,3.59
boatmen,4,0,32156,2.18
overjoyed,4,18687,18676,2.97
perkins,4,15587,0,3.65
overthrown,4,0,0,3.1
romantics,4,0,0,2.74
appetizing,4,34012,24374,2.59
incurable,4,18520,17200,3.03
kepler,4,28954,0,3.14
shipyard,4,12161,13295,3.27
indies,4,6196,0,3.72
deafen,4,20850,28547,1.78
abu,4,9321,0,4.01
simbel,4,0,0,1.68
scribe,4,12518,14460,3.08
literate,4,12088,12067,3.27
changling,4,0,0,1.14
splendor,4,0,10786,3.05
models,4,0,0,4.74
batter,4,8746,7225,3.56
doping,4,29365,19587,3.47
scarfpin,4,0,0,0.0
quo,4,38462,0,3.78
connie,4,13239,0,3.47
concisely,4,21361,28339,2.52
intimidating,4,13747,9429,3.56
plagiarism,4,24586,18346,3.23
cologne,4,10601,15377,3.57
quantifier,4,0,45792,2.05
reorganise,4,11984,0,2.22
imperfection,4,14100,12940,2.81
golfer,4,7400,6572,3.35
thermal,4,7234,7148,4.04
hades,4,24786,0,3.2
underworld,4,14419,12970,3.46
ced,4,0,0,2.38
geometric,4,8204,9848,3.59
mourning,4,11743,9222,3.69
onset,4,6461,7094,3.72
customary,4,6451,8505,3.53
appraisal,4,5032,7757,3.43
principality,4,15592,22600,2.78
parkland,4,14973,21661,3.06
dunedin,4,26911,0,2.95
privileged,4,5547,6533,3.81
insistence,4,6368,7306,3.44
douglas,4,3145,0,4.21
engelbart,4,0,0,1.67
sutherland,4,7367,0,3.47
stimulus,4,3256,4525,3.82
pyeongchang,4,0,0,2.67
liner,4,8442,7501,3.75
cristiano,4,0,0,3.34
stealer,4,29752,30873,2.52
ziegler,4,38985,0,2.86
frail,4,7779,8930,3.28
tenacious,4,19295,14637,3.04
creaky,4,33303,20154,2.35
repulse,4,19969,18145,2.55
stylise,4,46797,0,0.0
intent,4,4702,3961,4.28
unravel,4,9469,8661,3.19
watertight,4,18418,23518,2.79
kaleidoscope,4,19399,19457,2.84
transcontinental,4,42630,21106,2.77
hexi,4,0,0,1.12
emergence,4,5170,5719,3.74
comes,4,0,0,5.36
dwelling,4,4597,8213,3.74
divided,4,9716,8264,4.47
snore,4,12856,10440,2.76
sportswear,4,23456,20580,2.9
shows,4,0,0,5.23
all-round,4,0,0,5.12
evening!,4,0,0,4.86
laid,4,19130,22693,4.56
dealt,4,0,0,4.2
penguins,4,0,0,3.67
spider-man,4,0,0,4.24
'd,4,0,0,5.46
swung,4,0,0,3.47
bird's,4,0,0,3.23
bamboos,4,0,0,2.19
sorts,4,0,0,4.21
flooded,4,19825,16749,3.79
going,4,203,10792,5.94
sentenced,4,38954,0,4.09
numbers,4,0,0,4.98
brink,4,9615,7663,3.51
cats,4,0,0,4.46
dogs,4,28849,0,4.77
lies,4,0,0,4.73
been,4,0,0,6.27
adoption,4,4220,3674,4.17
school-leaver,4,0,0,2.44
bail,4,6736,7956,4.01
cigaret,4,0,36140,1.4
clear-cut,4,0,0,4.94
cracker,4,12292,7634,3.45
disintegrate,4,11088,10387,2.88
erode,4,7591,6821,3.03
gloom,4,5722,9432,3.31
hereby,4,13022,18812,3.6
inflate,4,13902,8865,3.01
layoff,4,40104,7801,2.79
marshal,4,8112,10929,3.87
odor,4,0,5311,3.49
onward,4,15062,12108,3.46
overdue,4,11116,10973,3.5
peril,4,8440,7617,3.4
ridicule,4,11214,10051,3.34
telecommunications,4,0,6038,3.83
tumor,4,0,4162,3.97
underdeveloped,4,19405,16686,2.99
arena,4,5616,3590,4.33
bonfire,4,9904,12749,3.33
bronchitis,4,15692,20091,2.92
by-product,4,0,0,4.94
courtroom,4,15460,4148,3.58
decibel,4,20427,0,2.55
granite,4,7867,6819,3.86
handclap,4,0,0,1.58
impair,4,7785,7440,2.93
incense,4,15260,11969,3.27
outpatient,4,10865,10633,3.32
passbook,4,0,32633,2.06
phonetics,4,27551,39601,2.57
premiere,4,12724,6832,4.16
soundproof,4,39339,30637,2.43
tracksuit,4,16122,38075,2.7
transfusion,4,10670,13138,3.13
vault,4,7953,8437,3.9
wavy,4,20222,13750,3.24
windsurfing,4,13291,26290,2.48
workhouse,4,9164,29197,2.8
concentrated,4,8461,10098,3.96
daring,4,9571,9273,3.7
mediaeval,4,15473,37582,2.78
misread,4,18481,15822,2.96
neighboring,4,0,4833,3.87
shellfish,4,19179,13065,3.15
winery,4,42332,10328,3.3
zoological,4,23247,21054,3.03
sworn,4,21505,15344,3.9
reproductive,4,7402,5864,3.8
polluted,4,15323,13616,3.32
far-reaching,4,0,0,4.42
withdrew,4,0,0,3.72
self-focused,4,0,0,4.55
hanged,4,47165,37642,3.56
limiting,4,10333,9516,3.95
sought,4,19092,21300,4.49
avoidable,4,19290,23370,2.97
spelled,4,0,0,3.79
baseline,4,8318,5972,3.7
approachable,4,19316,20098,2.91
scanner,4,9244,8184,3.56
deserved,4,20229,24139,4.14
processor,4,3348,4612,3.87
underlined,4,39904,34134,3.1
rented,4,9675,11399,3.88
attainment,4,5891,10837,3.15
grandchildren,4,8572,0,3.79
achievable,4,14555,16679,3.21
administrative,4,2448,3510,4.45
airless,4,24897,22034,2.31
awfully,4,10415,8336,3.41
bimonthly,4,0,23246,2.6
build-up,4,0,0,5.02
buyer,4,2056,2953,4.03
check-in,4,0,0,5.31
clean-burning,4,0,0,4.37
closely-knit,4,0,0,3.61
cloud-capped,4,0,0,3.6
clueless,4,37587,16373,3.5
colourless,4,15137,0,2.51
digitise,4,45156,0,1.76
disheartened,4,41606,34933,2.75
disposable,4,9628,9833,3.57
distracted,4,34454,25676,3.88
encouraged,4,0,0,4.32
envelop,4,11751,10650,2.48
exaggerated,4,9484,9824,3.68
examiner,4,9052,7355,3.52
faucet,4,0,10713,3.07
faultless,4,19787,30991,2.6
finely,4,7044,5958,3.52
game-changing,4,0,0,4.72
half-marathon,4,0,0,4.14
hooked,4,22686,24537,3.92
hurrah,4,39849,27116,2.94
illustrator,4,16181,12176,3.46
incubation,4,13345,19334,3.15
inspired,4,9643,8847,4.63
just-me-ism,4,0,0,3.06
labour-saving,4,0,0,4.34
like-minded,4,0,0,4.15
mid-,4,0,0,4.82
noted,4,18469,10860,4.69
penniless,4,18686,19734,2.85
periodically,4,9640,7046,3.59
purposeful,4,11688,12767,3.07
repeated,4,5652,5546,4.28
self-worth,4,0,0,4.9
simplified,4,10132,14345,3.69
single-minded,4,0,0,4.13
starving,4,8523,8605,3.79
tear-stained,4,0,0,3.68
tentatively,4,9783,10599,3.14
terrorism,4,7256,2598,4.24
thicken,4,9828,8485,2.71
towering,4,11670,9301,3.25
voter,4,3263,1452,4.11
waste-to-energy,4,0,0,4.67
wristband,4,0,28305,2.81
air-conditioned,4,0,0,3.63
artifact,4,20576,4559,3.41
atlas,4,12003,15805,3.8
boulevard,4,15748,11580,3.7
dismay,4,7726,9018,3.26
dissatisfy,4,0,0,0.0
goodby,4,0,37659,1.89
hostage,4,5420,3972,3.9
humiliate,4,9886,9338,3.08
immortality,4,15362,12858,3.41
inexact,4,34630,26569,2.21
intruder,4,8613,9021,3.37
ironical,4,20761,28403,2.11
modernize,4,15357,10368,3.03
one-sided,4,0,0,3.94
postmaster,4,25569,21445,3.14
pullover,4,15828,21554,2.61
self-discipline,4,0,0,4.19
shaft,4,4733,5366,3.9
stationary,4,9667,10049,3.63
telesurgery,4,0,0,0.0
cynical,4,6355,7052,3.59
stupidity,4,11793,12078,3.66
advisory,4,4233,5108,4.18
preventive,4,10399,7596,3.5
consistency,4,5721,4975,3.99
credibility,4,5675,4048,3.88
coax,4,11754,8609,2.96
breach,4,2451,7862,4.13
trailer,4,7912,4062,4.32
verdict,4,4163,4245,4.03
agitate,4,13895,12134,2.64
discern,4,8773,7711,3.23
manifest,4,6436,5931,3.68
ingenious,4,9550,11520,3.35
recur,4,9676,13001,2.65
vulgar,4,9913,11317,3.53
restraint,4,4343,5419,3.64
constrain,4,5685,7740,2.82
outrage,4,6948,5684,3.84
indignant,4,11758,14792,2.86
perplex,4,18685,15354,1.88
dubious,4,6855,7599,3.49
swarm,4,12158,8983,3.44
aggravate,4,9460,9820,2.8
sanction,4,4228,3217,3.43
denounce,4,6102,5987,3.24
subsidy,4,3907,4252,3.56
detach,4,7536,10420,2.99
despise,4,7960,9016,3.5
thereafter,4,4570,6497,3.97
precedent,4,5093,5624,3.78
successive,4,3735,8065,3.85
heighten,4,8474,7990,2.84
entail,4,4558,6162,3.21
eject,4,11234,10924,2.99
locality,4,5399,11068,3.67
reappear,4,7580,9045,3.01
diffuse,4,11715,12366,3.28
begun,4,0,0,4.36
despatch,4,8487,41259,2.69
exceedingly,4,9520,10807,3.35
glide,4,8829,7090,3.33
grease,4,9823,7921,3.72
inhale,4,11911,6746,3.25
juvenile,4,7801,5261,3.88
linear,4,4880,5802,4.12
mechanism,4,1869,2677,4.27
molecule,4,3266,4785,3.67
obstruct,4,9467,10703,3.09
oct.,4,0,0,4.35
query,4,5285,9831,3.64
reproach,4,14678,18288,2.94
selves,4,0,0,3.42
sly,4,9181,9698,3.4
solitary,4,6062,6798,3.73
summon,4,4505,5691,3.55
vanity,4,9956,9493,3.74
emphases,4,0,0,2.21
tryout,4,0,16185,2.86
linked,4,9518,13063,4.54
moved,4,46542,36425,5.01
reasons,4,0,0,4.93
weekdays,4,0,0,3.25
self-service,4,0,0,5.05
conceited,4,24927,28968,2.88
credible,4,9699,5991,3.77
diaper,4,44229,7274,3.49
salvage,4,11128,8909,3.65
torpedo,4,23221,12984,3.44
totem,4,21118,16532,3.09
trickle,4,10055,8863,3.25
nightclub,4,10194,8297,3.65
marked,4,3380,6481,4.5
accepted,4,5565,6728,4.67
affairs,4,0,0,4.67
right.,4,0,0,5.96
done!,4,0,0,5.58
who's,4,0,0,4.85
chiwen,4,0,0,0.0
anglo-saxon,4,0,0,3.38
hastings,4,6748,0,3.7
bagpipes,4,0,0,2.74
1,4,0,0,6.0
two-dimensional,4,0,0,4.03
composed,4,32873,26125,4.27
good-tempered,4,0,0,3.53
blurred,4,19161,17559,3.47
islands,4,0,0,4.5
rocks,4,0,0,4.38
head-on,4,0,0,5.49
castles,4,0,0,3.46
scarfs,4,0,0,2.31
charged,4,20247,15280,4.62
north-west,4,0,0,5.01
south-west,4,0,0,5.04
black-and-white,4,0,0,5.18
penfriend,4,0,0,0.0
sanitary,4,11726,13757,3.37
gloves,4,0,0,4.04
visited,4,0,0,4.5
danced,4,0,0,3.68
started,4,0,0,5.39
things,4,0,0,5.74
aren't,4,0,0,5.05
ice-skate,4,0,0,3.72
goodness!,4,0,0,4.13
dumplings,4,0,12528,3.0
blew,4,0,0,4.12
carried,4,42924,33861,4.77
morning.,4,0,0,5.33
old.,4,0,0,5.75
shaken,4,25564,21406,3.6
cabbages,4,0,0,2.61
sandals,4,0,0,3.46
flown,4,0,0,3.83
eaten,4,0,0,4.13
forgotten,4,11239,9889,4.4
shown,4,0,0,4.9
popularize,4,23345,13414,2.46
laborious,4,14158,18512,2.8
intolerant,4,18989,15308,3.25
outlive,4,18496,13991,2.72
vice-president,4,0,0,4.64
negro,4,15831,16070,3.73
where's,4,0,0,4.09
doesn't,4,0,0,5.53
shouldn't,4,0,0,4.82
taikonaut,4,0,0,0.0
hurdles,4,0,0,3.54
fought,4,0,0,4.49
elements,4,0,0,4.7
vol.,4,0,0,4.41
i'll,4,0,0,5.43
drawn,4,0,0,4.53
collects,4,0,0,3.59
stamps,4,0,0,3.91
you'd,4,0,0,4.83
coming-of-age,4,0,0,5.06
handtruck,4,0,0,0.0
"fine,",4,0,0,5.23
thanks.,4,0,0,5.43
ltd.,3,0,0,4.47
cengage,3,0,0,2.39
pte,3,29570,0,2.96
s-,3,0,0,5.86
eric.,3,0,0,4.49
u-,3,0,0,5.11
red.,3,0,0,5.32
aa,3,9087,0,4.01
ff,3,28312,0,3.78
hh,3,38152,0,3.17
jj,3,25528,0,3.63
kk,3,0,0,3.19
ll,3,39883,0,4.66
tt,3,8377,0,3.61
uu,3,0,0,2.7
vv,3,0,0,2.84
ww,3,37658,0,3.33
xx,3,25008,0,3.74
yy,3,0,0,2.42
zz,3,0,31977,2.8
diffi,3,0,0,1.43
50th,3,0,0,3.3
90th,3,0,0,3.06
cott,3,0,0,2.21
tra,3,49782,0,3.1
harder,3,5609,0,4.57
eir,3,0,0,2.38
sadder,3,0,0,2.95
youre,3,0,0,3.86
idioms,3,0,0,2.79
luckiest,3,0,0,2.99
unluckiest,3,0,0,2.14
hiya,3,28682,27739,3.12
eden,3,7111,0,3.82
paraglide,3,41162,0,1.3
coff,3,0,0,1.8
lei.,3,0,0,3.17
com,3,26388,0,4.22
cu,3,30624,0,3.55
tri,3,29409,0,3.71
bu,3,18196,0,3.53
fattest,3,0,0,2.65
twins,3,0,0,4.15
poncho,3,36780,18895,2.79
takeout,3,0,0,2.94
likes,3,0,0,4.73
hurray,3,43680,34628,2.88
jamaica,3,7935,0,3.92
delhi,3,8248,0,4.29
yong,3,30544,0,3.42
sands,3,21331,0,3.81
davy,3,16847,0,3.18
liping,3,0,0,1.43
whoops,3,24871,24469,3.43
blueberry,3,39427,9481,3.3
surfboard,3,42748,21508,2.81
min.,3,0,0,4.42
toot,3,34069,22919,3.03
anti-japanese,3,0,0,4.6
bourke,3,0,0,2.95
scald,3,19812,19697,2.17
seatbelt,3,24734,0,3.07
fantasie,3,0,0,1.71
shuffle,3,7124,7789,3.49
chatted[manual],3,0,0,3.14
dite,3,0,0,1.72
1700s,3,0,0,0.72
whittle,3,18676,15062,2.83
1800s,3,0,0,1.29
afar,3,15278,13131,3.35
morse,3,7428,0,3.52
misspell,3,0,40940,2.26
budding,3,14503,11614,3.28
maslenitsa,3,0,0,1.17
celery,3,16716,8168,3.32
jerboa,3,0,0,1.52
jerboas,3,0,0,0.0
selling,3,5053,7080,4.81
weightlifting,3,0,0,3.05
nodding[manual],3,0,0,3.16
egypt.,3,0,0,4.45
marina,3,12323,11239,3.84
rs,3,24146,0,4.18
d-,3,0,0,5.46
haikou,3,0,0,1.74
choosing,3,13678,13228,4.26
kexin,3,0,0,1.33
ong,3,0,0,3.08
hola,3,0,0,3.07
nay,3,14625,18019,3.43
telephoned[manual],3,0,0,2.89
mer,3,41890,0,3.29
ra,3,12540,0,3.9
peo,3,49386,0,2.66
vostok,3,0,0,2.43
launchpad,3,0,36165,2.66
columnist,3,14755,4402,3.58
parenting,3,17101,5449,3.87
wellknown,3,0,0,1.57
guttmann,3,0,0,1.69
xiangshan,3,0,0,1.13
ml[manual],3,0,0,3.72
lb,3,5894,0,3.93
daguerre,3,0,0,1.79
inter-,3,0,0,4.16
augusta,3,17712,0,3.59
lantau,3,48914,0,1.85
lindbergh,3,47095,0,2.77
mitra,3,47942,0,2.65
gran,3,8271,20368,3.44
may.,3,0,0,5.98
knives[manual],3,0,0,3.72
toby,3,6805,0,3.67
cam,3,13027,14491,4.1
trans,3,0,0,4.41
vladivostok,3,37945,0,2.64
brooklyn,3,15863,0,4.25
mina,3,28679,29534,3.35
marks,3,6038,0,4.49
herg,3,0,0,1.41
popeye,3,47088,0,2.83
felix,3,10683,0,3.84
antigua,3,26370,0,3.08
dongting,3,0,0,1.16
trevor,3,5123,0,3.86
simpson,3,6626,0,4.01
dubai,3,22504,0,4.08
sinner,3,12240,11118,3.39
dirtiest,3,0,0,2.77
dallas,3,12357,0,4.42
-ing,3,0,0,3.95
kids,3,0,0,5.28
wastewater,3,0,13395,3.36
largest,3,0,0,4.9
uninteresting,3,18414,21613,2.87
barrow,3,12206,25741,3.38
grover,3,28319,0,3.22
selfishness,3,14023,14963,3.22
cheerfully,3,8079,10850,2.98
trendy,3,12098,9421,3.47
peacetime,3,14255,15080,3.0
non-depressed,3,0,0,4.11
curdle,3,23324,25455,2.02
earache,3,39100,30338,2.14
inconsiderate,3,32808,26916,3.04
caramel,3,23502,14369,3.48
recommending,3,0,0,3.55
longyi,3,0,0,1.17
greenest,3,0,0,2.43
wasn,3,0,0,2.79
oop,3,0,0,3.01
calcutta,3,12367,0,3.52
no.1,3,0,0,5.84
britney,3,0,0,3.39
evan,3,25202,0,3.79
fa,3,4453,0,4.2
someplace,3,42016,7128,3.14
clubroom,3,0,43220,1.69
pp67,3,0,0,0.0
pp101,3,0,0,0.0
il,3,28486,0,4.32
peterson,3,16437,0,3.85
mit,3,26347,0,3.74
hina,3,0,0,2.58
sa,3,7465,0,4.3
areas,3,0,0,5.15
fty,3,0,0,1.08
froggy,3,30228,33780,2.47
boggy,3,21422,28015,2.42
barking,3,22820,23399,3.51
harp,3,12360,11984,3.4
pen.,3,0,0,4.38
divorced,3,13971,8080,4.04
campbell,3,4240,0,4.23
stapler,3,43135,28941,2.53
yuka,3,0,0,2.32
oy,3,28707,22681,3.11
fuzhou,3,0,0,2.24
isles,3,0,0,3.58
outright,3,9778,8853,3.83
kathmandu,3,29380,0,3.1
boar,3,10490,14161,3.3
nance,3,0,0,2.9
int,3,8397,0,3.79
moor,3,4388,17855,3.35
tel,3,4903,0,3.9
immensely,3,6930,10037,3.57
warren,3,7212,0,4.26
pitt,3,12746,0,3.78
suez,3,12541,0,3.19
flue,3,16472,22883,2.77
roam,3,8584,6175,3.46
spca,3,0,0,2.56
patty,3,38871,12317,3.58
packard,3,25717,0,3.28
flare,3,7846,8467,3.64
pittsburgh,3,16882,0,4.13
detroit,3,10717,0,4.35
gist,3,14828,17685,3.18
lieutenant,3,5667,6051,4.44
gosford,3,0,0,2.49
tong,3,21754,0,3.23
harris,3,3714,0,4.44
typhoons,3,0,0,2.7
wiltshire,3,6646,0,3.29
archeologist,3,0,19988,2.42
powerpoint,3,0,0,3.24
alexandria,3,15402,0,3.77
ad.,3,0,0,4.76
herbalism,3,0,42184,1.99
southernmost,3,22677,20265,2.77
mouthwatering,3,35510,0,2.4
matrix,3,4065,5874,4.07
debit,3,12365,19408,3.62
nonimmigrant,3,0,0,1.88
pleasantly,3,8707,10450,3.35
scenes,3,0,0,4.58
parallelogram,3,40819,34111,2.18
trapezoid,3,0,35680,2.27
rhombus,3,0,0,2.12
gosh,3,10726,7644,3.9
calculus,3,20863,12738,3.6
hypotenuse,3,30959,45843,2.16
explosively,3,32704,24441,2.47
northeastern,3,35051,7474,3.64
chiba,3,0,0,2.64
sendai,3,0,0,2.65
miyazaki,3,0,0,2.78
turbulence,3,10090,10503,3.55
rechargeable,3,33983,22912,2.92
polygon,3,17871,26753,3.04
copying,3,19721,23126,3.68
culturally,3,10304,5763,3.64
adelaide,3,15687,0,3.99
christchurch,3,16231,0,3.26
kinship,3,8216,8890,3.13
daunt,3,19635,23838,2.04
primer,3,10818,10881,3.5
cursor,3,10955,20176,3.09
ladybug,3,0,25831,2.67
scrap,3,5535,5594,3.9
saucepan,3,10447,7102,3.01
camcorder,3,13479,12894,2.74
chlorophyll,3,26603,22096,2.75
banyan,3,46098,34800,2.57
grasse,3,0,0,2.56
y-,3,0,0,5.03
lls,3,0,0,2.28
sized,3,11600,20860,4.27
larva,3,7470,9123,2.99
cs2,3,0,0,2.15
refrigerate,3,24362,8533,2.68
respire,3,47267,41895,1.78
haunting,3,18710,14200,3.52
lloyd,3,3248,0,4.03
quarrell,3,0,0,1.02
trickster,3,23455,17721,2.87
uprightness,3,48693,40121,1.89
disjointed,3,18534,19729,2.88
macbeth,3,10758,0,3.32
voa,3,0,0,2.49
alertness,3,19835,18261,2.75
dazed,3,21988,14197,3.13
thomson,3,6276,0,3.78
broadcaster,3,9061,8133,3.63
satis,3,0,0,1.94
twister,3,39529,20510,3.05
tasteful,3,19150,17427,3.0
brisbane,3,22576,0,3.97
bass,3,5886,5126,4.28
continuity,3,4599,6432,3.77
fanny,3,16835,22232,3.47
sourly,3,24032,24693,1.65
trough,3,8662,11006,3.43
impurity,3,15794,17928,2.69
stirling,3,5865,0,3.48
tailcoat,3,40719,40444,1.59
pin-striped,3,0,0,3.47
measle,3,0,0,1.08
et,3,7820,0,4.66
georges,3,15371,0,3.41
advert,3,6099,35264,3.46
mis,3,38288,0,3.59
e-card,3,0,0,4.84
prank,3,20340,14176,3.7
incoming,3,8431,6757,3.93
thrower,3,24863,19960,2.9
judo,3,22325,22628,3.25
mayonnaise,3,17123,11738,3.24
indigestion,3,18856,20451,2.84
prong,3,20788,19192,2.8
inwards,3,11274,31079,2.89
nappy,3,10336,25775,2.88
brb,3,0,0,3.0
ugliest,3,0,0,2.98
gaelic,3,12660,21929,3.24
waistcoat,3,11919,22595,2.66
omission,3,6127,10525,3.3
hallo,3,25392,39859,2.75
periodical,3,10183,12986,3.14
piccadilly,3,11435,0,3.02
pipeline,3,7236,5181,4.04
lightship,3,0,46379,1.94
rep,3,10077,6243,4.35
spinning,3,15826,14612,3.98
docking,3,36904,17041,3.31
sailboat,3,40981,12557,2.95
gobble,3,15456,10836,2.83
attery,3,0,0,0.0
wiggle,3,20691,10667,3.26
devour,3,9824,8478,3.17
barbie,3,25686,0,3.56
ex-president,3,0,0,4.72
assimilate,3,8860,9426,3.05
jewels,3,0,0,3.59
vivaldi,3,23908,0,2.58
haydn,3,17156,0,2.83
schumann,3,26158,0,2.84
trombone,3,25228,20304,2.97
clarinet,3,13348,15621,3.12
accordion,3,21004,14592,3.09
grammy,3,47166,13841,3.73
scotch,3,10201,15129,3.69
supplie,3,0,0,1.25
attractively,3,15055,24556,2.49
nostril,3,8980,8649,2.77
otel,3,0,0,1.35
bst,3,18071,0,3.19
ione,3,0,0,2.19
wien,3,42662,0,2.78
sub-topic,3,0,0,4.26
op,3,9031,10060,4.42
reposition,3,20297,16232,2.71
elysees,3,46679,0,2.19
drinkable,3,35122,27802,2.59
lo.,3,0,0,4.07
gy,3,0,0,2.79
dongfeng,3,0,0,2.19
brutus,3,17889,0,3.09
e.h,3,0,0,2.22
diogenes,3,0,0,2.51
encircle,3,12255,10550,2.61
alisha,3,0,0,2.59
dusting,3,32896,23012,3.1
bool,3,0,0,2.44
flowerpot,3,24410,28176,1.98
strife,3,11438,10875,3.4
sunbathing,3,36679,0,2.78
amy.,3,0,0,4.2
shaolin,3,0,0,2.81
swimm,3,0,0,1.1
chessboard,3,35214,23620,2.49
c4095,3,0,0,0.0
blacks,3,0,0,4.15
khe,3,0,0,2.25
refill,3,15057,12907,3.24
reece,3,24780,0,3.14
tzu,3,0,0,3.02
od,3,35657,0,3.39
unstressed,3,27945,38550,2.32
iss,3,31506,0,3.45
wan,3,19997,5854,3.8
scanning[manual],3,0,0,3.62
huanghe,3,0,0,1.2
pa,3,17071,0,4.46
bs,3,12517,0,4.02
fengxian,3,0,0,1.03
montagu,3,0,0,2.71
copenhagen,3,12296,0,3.67
azure,3,21483,20844,3.35
lestrade,3,0,0,2.05
films,3,0,0,4.64
kyoto,3,27206,0,3.41
sec.,3,0,0,4.31
birdwatch,3,0,0,1.57
tenderly,3,16561,15072,2.78
events,3,0,0,5.08
osaka,3,21790,0,3.56
inish,3,0,0,1.45
sv,3,0,0,3.19
svo,3,0,0,2.07
sva,3,0,0,2.08
thando,3,0,0,1.53
workable,3,13823,12495,3.12
johannesburg,3,10755,0,3.67
yulong,3,0,0,1.39
legends,3,0,0,4.07
unified,3,7265,7276,3.87
2000s,3,0,0,2.88
munich,3,7841,0,3.95
gaming,3,20527,9252,4.36
te,3,15854,0,4.07
kindest,3,0,0,2.94
laurent,3,16636,0,3.51
oed,3,13548,0,2.47
burin,3,0,43739,1.86
millet,3,16995,17910,2.98
zedong,3,0,0,2.64
balancing,3,14818,11491,3.8
nacho,3,0,23120,3.02
bering,3,38299,0,2.89
ethnicity,3,13333,5432,3.73
chinas,3,0,0,2.24
lander,3,25800,12827,3.15
snowmobile,3,0,13718,2.75
wayne,3,6709,0,4.37
hospice,3,10578,10316,3.39
globalisation,3,36583,0,2.95
ins,3,0,0,3.92
attractiveness,3,11832,13562,3.25
impatiently,3,8325,11692,2.74
extraordinarily,3,7705,7314,3.42
mutter,3,3481,4837,2.77
aeronautics,3,24717,26576,3.1
imprint,3,11923,10278,3.38
stronger,3,0,0,4.55
changed,3,8407,10960,5.07
islander,3,12229,15164,3.06
coyote,3,27861,8087,3.36
hasting,3,0,0,1.65
otter,3,12659,11888,3.37
kingfisher,3,12756,25174,2.87
rosemary,3,8156,9074,3.57
versailles,3,15578,0,3.28
plaka,3,0,0,1.58
dearly,3,9912,10179,3.48
drinker,3,8666,10251,3.18
dimm,3,0,0,2.04
decease,3,46602,46141,2.11
sanctuary,3,6443,5985,3.93
berries,3,0,0,3.57
pathless,3,48156,0,1.37
xixi,3,0,0,1.64
chimelong,3,0,0,1.35
baikal,3,39209,0,2.42
vietnamese,3,6807,5747,3.85
lebanese,3,8360,7656,3.72
unused,3,8412,10381,3.64
selflessly,3,36402,32134,2.54
lovingly,3,11745,12151,3.14
facet,3,8768,8774,3.18
futurist,3,38389,17244,2.72
wildebeest,3,40279,24383,2.52
rhinoceros,3,24164,22710,2.85
gerald,3,5713,0,3.76
usable,3,11719,11142,3.53
infancy,3,9866,10935,3.38
prais,3,0,0,1.41
vermeer,3,36713,0,2.63
overeating,3,0,38365,2.69
diane,3,9150,0,3.83
martha,3,6788,0,3.98
wanted,3,13788,11782,5.36
orde,3,0,0,2.3
jon,3,9185,0,4.31
i-,3,0,0,7.09
teasing,3,19078,16045,3.55
tou,3,0,0,2.88
imperfect,3,11236,10063,3.45
porch,3,7959,3042,3.85
marx,3,3763,0,3.68
array,3,4766,3554,4.1
preferably,3,6353,9307,3.71
bureaucrat,3,7948,6933,2.84
sovereign,3,7133,8038,3.95
skiff,3,36342,16271,2.63
sagan,3,41880,0,2.98
studying,3,40376,34385,4.42
nourishment,3,14274,14745,3.03
braise,3,46908,23688,2.01
tingting,3,0,0,1.42
menus,3,0,0,3.44
edible,3,14788,10611,3.63
imagin,3,0,0,1.84
luoyang,3,0,0,2.02
philippe,3,12995,0,3.55
hairpin,3,21226,20561,2.78
aggressively,3,11173,6227,3.63
leigh,3,8170,0,3.75
seriousness,3,7640,8366,3.56
hairdryer,3,24107,43567,2.43
preserver,3,34613,24028,2.38
powell,3,6189,0,3.89
kentucky,3,15410,0,4.3
papermaking,3,0,0,2.12
oddly,3,7145,6383,3.56
workload,3,8935,11837,3.45
northrop,3,41739,0,2.98
centennial,3,43358,10841,3.36
almond,3,9172,7510,3.53
durian,3,0,44003,2.58
chez,3,34814,0,2.95
aristocrat,3,11646,14099,2.99
spitz,3,0,0,2.54
non-human,3,0,0,5.02
scurvy,3,24707,27002,2.73
societies,3,0,0,4.08
solferino,3,0,0,1.54
smartly,3,11821,15998,2.93
non-indigenous,3,0,0,4.13
jinping,3,0,0,2.8
revisit,3,13764,7933,3.36
exploitation,3,4853,6888,3.84
roma,3,22295,0,3.71
investigative,3,11650,6853,3.68
xxx,3,30019,0,3.73
inferiority,3,15273,15138,2.97
arnie,3,26827,0,2.85
energise,3,22455,0,2.18
wormhole,3,0,19907,2.91
californian,3,11704,11488,3.12
prawn,3,10506,19467,2.87
pavlova,3,47550,0,2.39
zealander,3,16055,0,2.61
sulphur,3,6702,22759,3.18
gyre,3,0,35311,2.17
motionless,3,10556,9497,2.97
cataract,3,19411,14871,2.97
ethiopia,3,9118,0,3.73
ravage,3,14626,11974,2.58
deprivation,3,6057,9193,3.44
thy,3,7120,10004,4.11
repayment,3,5415,14804,3.44
disprove,3,14282,15886,2.93
misinterpret,3,13874,14400,2.6
beheld,3,32987,0,2.51
pre-disaster,3,0,0,4.28
ashley,3,5482,0,4.11
joanna,3,6766,0,3.52
oftentimes,3,0,12676,3.09
usefulness,3,8593,9891,3.33
abai,3,0,0,1.26
scot,3,4222,13407,3.28
stopover,3,33938,21719,2.7
slush,3,22510,18323,2.99
lychee,3,47046,34302,2.25
newsboy,3,0,31157,2.08
underpants,3,19727,17710,2.92
splashing,3,42178,21902,3.09
mistakenly,3,13695,11081,3.45
worldly,3,13727,10714,3.34
foretell,3,33371,19663,2.31
reconnect,3,33790,13425,3.17
publicize,3,15269,9776,2.86
brightest,3,40655,0,3.55
reformer,3,6726,6701,3.13
mapleton,3,0,0,2.04
maine,3,12723,0,4.16
grader,3,44901,7142,3.27
notepad,3,23439,17692,2.86
achiever,3,25444,17640,2.5
glenn,3,10780,0,3.97
alphonse,3,35736,0,2.84
prussian,3,10817,18722,3.26
characterization,3,16409,8311,3.53
contemplate,3,3951,4802,3.41
matriarch,3,37817,19251,2.71
wisest,3,0,0,2.87
endangerment,3,0,23663,2.67
brilliance,3,9999,10319,3.39
roosevelt,3,10725,0,3.89
sonnenberg,3,0,0,2.09
thickly,3,10439,14903,2.63
upbringing,3,8562,10248,3.43
unluckily,3,33716,43243,2.15
sujata,3,0,0,2.01
handling,3,4307,5435,4.39
functioning,3,10374,7989,4.02
increasing,3,1720,2366,4.68
overburden,3,20075,20715,2.26
alarmingly,3,13951,18659,2.66
freddie,3,9193,0,3.76
perennial,3,11757,8869,3.51
interchangeable,3,14856,14996,3.28
hurtful,3,18774,15788,3.3
weibo,3,0,0,3.24
luxurious,3,8565,9064,3.55
leng,3,43626,0,2.51
goer,3,34051,25531,2.59
filmmaking,3,0,24175,3.23
gingerbread,3,22005,15449,3.03
elaboration,3,12056,13692,2.82
ramsay,3,8265,0,3.49
loman,3,0,0,2.23
backbone,3,9598,9733,3.53
focuse,3,0,0,1.29
tudor,3,7943,0,3.3
hathaway,3,35831,0,3.29
siff,3,0,0,1.62
auggie,3,0,0,1.99
interconnected,3,32985,19641,3.25
authentically,3,23907,19318,2.68
dudeney,3,0,0,1.09
submitt,3,0,0,1.02
hastily,3,6191,9320,3.3
penn,3,16829,0,3.9
ordinarily,3,11969,9387,3.26
footing,3,9466,9406,3.5
humane,3,9796,8511,3.62
obedience,3,7698,9926,3.5
newlywed,3,40824,13613,2.57
picky,3,35335,16478,3.34
midway,3,11446,11957,3.69
doudna,3,0,0,1.52
gm,3,13163,0,4.16
molecular,3,4902,6323,4.11
microbe,3,27969,10126,2.63
methionine,3,0,39568,2.53
salinity,3,27542,18060,2.96
saline,3,10902,14408,3.33
revolutionize,3,20948,11024,2.85
undesirable,3,7811,10932,3.36
organizing,3,24908,13509,3.97
zurich,3,10604,0,3.59
affiliate,3,14490,6929,3.99
socialize,3,19166,8348,3.16
sclerosis,3,15660,13817,3.3
clapton,3,17139,0,2.88
manageable,3,9712,10605,3.38
unsold,3,15672,21759,2.88
sweeping,3,6856,5752,3.79
xiongnu,3,0,0,1.51
jurisdiction,3,3477,4651,4.1
plankton,3,27099,19300,3.05
signing,3,6132,7374,4.4
blackberry,3,16928,13623,3.65
digestive,3,11655,11925,3.46
famed,3,11652,8010,3.6
metaphorical,3,15207,12562,3.1
unrecognized,3,20740,17125,2.85
recit,3,0,0,1.25
yearn,3,11780,7999,2.97
wooded,3,10095,9850,3.38
coherently,3,22205,26914,2.48
lightness,3,14295,16295,2.97
fullness,3,14612,13587,3.03
nanchang,3,0,0,1.96
155th,3,0,0,1.66
fetched,3,0,0,3.35
jogger,3,21580,16048,2.67
maximize,3,10711,5895,3.63
mandarin,3,11837,19671,3.52
ihad,3,0,0,1.67
yancy,3,0,0,2.25
iwant,3,0,0,1.77
stepp,3,0,0,1.85
zimbabwe,3,7389,0,3.73
turpan,3,0,0,1.48
mint,3,8850,8674,3.92
alumnus,3,43367,7409,2.91
eq,3,18084,0,3.32
kerry,3,12661,0,3.85
modernisation,3,10434,0,2.97
cloak,3,6563,8441,3.57
goldbach,3,0,0,1.52
milo,3,40538,0,3.56
zack,3,31761,0,3.56
arles,3,0,0,2.46
farley,3,27766,0,3.11
outweigh,3,8540,8702,3.27
itchy,3,21021,18715,3.34
reflector,3,16823,12835,3.0
croak,3,17410,16607,2.4
snowfall,3,22371,13792,3.22
galloping,3,20108,23499,2.93
recognisable,3,9683,44579,2.97
investor,3,2459,1702,3.96
assuredly,3,21841,20165,2.78
fishy,3,19380,18190,3.28
ellie,3,7505,0,3.62
dx,3,37412,0,3.24
leah,3,28874,0,3.47
somerset,3,4816,0,3.78
flyer,3,12148,10734,3.58
questionable,3,8517,6242,3.78
diaries,3,0,0,3.61
genovia,3,0,0,2.0
iwas,3,0,0,2.3
bernina,3,0,0,1.96
quebecois,3,0,0,2.27
accompaniment,3,8637,11320,3.22
professionally,3,8417,7583,3.76
powers,3,26283,0,4.7
supernatural,3,10234,8600,3.89
pretext,3,13929,13441,3.27
labrador,3,15572,0,3.3
bestselling,3,33625,0,3.23
magically,3,19191,13232,3.36
uphill,3,14395,11926,3.38
replay,3,9256,11529,3.82
spokesperson,3,12692,8824,3.64
remainder,3,3955,6805,4.03
sandbag,3,20704,17565,2.43
wording,3,6015,12324,3.55
komodo,3,0,0,2.64
picker,3,25168,15332,2.99
testament,3,4833,9393,4.07
hopelessness,3,14735,13926,2.94
pandora,3,20824,0,3.4
foreshadowing,3,48591,31132,2.76
kleck,3,0,0,1.31
beasts,3,0,0,3.7
suo,3,0,0,2.46
overlord,3,16233,24343,3.02
damon,3,26416,0,3.72
inflict,3,5303,6479,3.34
mccarthy,3,10455,0,3.74
hologram,3,25113,18508,3.11
sagrada,3,0,0,2.2
familia,3,48822,0,2.9
artscience,3,0,0,1.16
mick,3,4434,0,3.83
anesthesia,3,0,12058,3.39
arduous,3,13723,12441,3.18
quietness,3,19543,25507,2.45
portrayal,3,11850,7945,3.55
boynton,3,0,0,2.65
fantastically,3,21906,22015,3.02
eradication,3,13328,14988,3.12
epa,3,17852,0,3.9
e.e.,3,0,0,2.4
ron,3,4844,0,4.22
renown,3,20473,18742,3.11
sprightly,3,21596,26423,2.49
jocund,3,0,0,1.37
indecision,3,14734,17586,2.77
devon,3,4783,0,3.84
jefferson,3,16556,0,4.0
pore,3,8140,11559,3.28
wilton,3,13062,0,3.04
maisy,3,0,0,1.97
alfonso,3,17540,0,3.19
unprecedented,3,6047,4401,3.82
unknowingly,3,20091,18509,3.11
decomposer,3,0,0,1.32
adaption,3,33546,35869,2.73
calmness,3,20772,21340,2.89
preambulatory,3,0,0,0.0
lure,3,8556,5288,3.67
marianne,3,13181,0,3.38
overpower,3,13782,12285,2.85
afflict,3,11138,9633,2.43
pantaloon,3,0,0,1.54
systematically,3,6991,7537,3.52
auctioneer,3,12366,17709,3.15
feverish,3,15536,14591,2.82
pup,3,12591,9257,3.64
itch,3,14086,11994,3.36
zig,3,45211,34335,3.05
marty,3,25632,0,3.64
lengthy,3,4985,6031,3.85
silkroad,3,0,0,1.75
hsr,3,0,0,2.45
lender,3,5899,6278,3.64
creditworthy,3,44670,31912,1.77
non-cash,3,0,0,4.77
undertaking,3,4193,9442,3.72
christa,3,43530,0,2.76
terrain,3,7806,4492,3.94
industrialisation,3,13034,0,2.7
monotonous,3,13743,16805,2.95
regularity,3,9892,12202,3.03
inevitably,3,2664,4649,3.9
redouble,3,21148,20043,2.26
velocity,3,5887,6557,3.92
deceleration,3,26519,23140,2.73
wandering,3,18757,16302,3.8
celestial,3,15138,8813,3.53
vanuatu,3,30330,0,2.78
p79,3,0,0,1.4
singlish,3,0,0,1.73
rou,3,0,0,2.35
guru,3,15665,8024,3.82
jamaican,3,16294,13100,3.57
jailer,3,25748,20518,2.61
panorama,3,13930,13033,3.39
woz,3,0,0,2.27
typography,3,24476,31502,3.01
shelly,3,42485,0,3.31
hunza,3,0,0,1.83
bounty,3,14817,9150,3.74
zones,3,0,0,4.12
plaque,3,7687,7009,3.69
gonzalez,3,27489,0,3.48
tracker,3,25385,16135,3.63
sleek,3,12390,7014,3.34
terrier,3,12179,15534,3.24
miserably,3,11954,14018,3.17
intentionally,3,13684,7745,3.82
neurosurgeon,3,38535,17879,2.8
unreasonable,3,5581,9239,3.75
polysemy,3,0,44873,1.58
attenborough,3,21086,0,2.87
keltner,3,0,0,1.67
globalise,3,0,0,0.0
endearing,3,19104,15909,3.13
serbian,3,6316,7283,3.53
mel,3,12527,0,3.8
superhuman,3,20062,18506,3.11
unnecessarily,3,8444,12661,3.42
rigorous,3,7073,6606,3.68
ph.d.,3,0,0,3.91
steamship,3,26563,22090,3.07
nag,3,12260,13685,3.18
whomever,3,34968,15288,3.12
supplier,3,2615,4352,3.84
miraculously,3,11785,11686,3.19
o'brien,3,0,0,3.85
spaceflight,3,0,24726,2.76
duster,3,20381,18572,2.78
augment,3,8589,9113,3.19
curricula,3,0,0,3.04
x15,3,0,0,2.17
affectation,3,22237,23010,2.29
essays,3,0,0,4.08
flashy,3,18870,10814,3.25
inexperienced,3,8557,10631,3.5
panicky,3,20303,18908,2.63
scribble,3,10182,9854,2.73
therapist,3,6273,3916,3.97
erik,3,16846,0,3.68
radiocarbon,3,18130,27669,2.81
bluestone,3,0,35342,2.47
trilithon,3,0,0,1.02
solstice,3,35146,18725,3.1
nessie,3,31010,0,2.38
crete,3,13000,0,3.2
pushkin,3,35768,0,2.72
schubert,3,22320,0,2.95
ecstasy,3,8057,9422,3.48
prologue,3,15608,19104,3.23
synthesizer,3,34157,16622,2.81
overcrowded,3,11101,13141,3.09
debatable,3,14144,16978,3.13
lund,3,24969,0,3.18
imaging,3,13055,6902,3.93
eyelash,3,15746,13195,2.84
rudely,3,18843,18837,2.89
rincon,3,0,0,2.48
alpine,3,9045,8239,3.62
frantically,3,10030,8758,3.18
curved,3,6538,8329,3.83
undying,3,23335,24245,2.91
compulsion,3,9770,12079,3.1
uncomprehending,3,22703,24178,1.67
w-,3,0,0,5.21
wordless,3,25561,19928,2.57
suitably,3,6896,18372,3.13
infrastructural,3,27253,29407,2.56
manmade,3,36575,0,2.72
hydraulic,3,11938,10564,3.72
barge,3,8945,9954,3.5
ferryboat,3,0,34064,2.02
pawnshop,3,39975,24487,2.2
reign,3,3868,7626,4.07
lacquerware,3,0,0,1.66
faithless,3,25261,27369,2.69
oath,3,7058,6353,3.96
bearded,3,11716,9708,3.34
shoeshine,3,0,30442,2.03
hamilton,3,4406,0,4.31
nambucca,3,0,0,1.49
bougainville,3,31078,0,2.35
arnhem,3,34194,0,2.75
a-f,3,0,0,5.08
seth,3,13426,0,3.92
kendall,3,13278,0,3.6
plume,3,12604,9461,3.19
duvet,3,12450,26843,2.99
aztec,3,32875,16548,3.1
freshen,3,22723,18379,2.85
wri,3,0,0,2.16
mayan,3,36782,15922,3.11
glonass,3,0,0,2.01
nigerian,3,16527,11044,4.06
fatten,3,15231,15932,2.5
elizabethan,3,12077,19013,3.03
borneo,3,17309,0,3.09
maoris,3,35341,0,1.86
sexe,3,0,0,1.94
commuter,3,8778,6849,3.44
stylish,3,8883,8712,3.7
qipao,3,0,0,1.46
birdlife,3,40661,42531,2.31
dreamcatcher,3,0,46847,2.27
harding,3,14979,0,3.46
motorize,3,0,0,0.0
oates,3,26160,0,3.01
halve,3,7024,10095,2.6
digitize,3,0,17645,2.28
puzzlement,3,16213,18575,2.19
forbes,3,12899,0,3.81
despicable,3,19533,16350,3.46
gru,3,0,0,2.75
unnatural,3,8550,9663,3.48
fields,3,26688,0,4.6
charley,3,17885,0,3.26
friedrich,3,20825,0,3.34
engels,3,0,0,2.88
ifelt,3,0,0,1.02
bulwer,3,0,0,2.27
lytton,3,27928,0,2.62
wrath,3,11278,9893,3.7
irving,3,15670,0,3.71
langmuir,3,0,0,2.2
feynman,3,48192,0,2.68
devoid,3,9605,9749,3.42
oklahoma,3,23987,0,4.27
doormat,3,20280,24418,2.65
sibylla,3,0,0,1.82
dorothea,3,13485,0,2.74
cassius,3,39288,0,2.95
kubrick,3,39235,0,2.88
shere,3,0,0,2.38
digitally,3,33872,16090,3.45
neel,3,0,0,2.64
sethi,3,0,0,2.5
hooper,3,13109,0,3.33
geoffrey,3,3989,0,3.64
helena,3,12913,0,3.63
skilfully,3,11343,0,2.5
cross-country,3,0,0,4.88
heinlein,3,0,0,2.53
togetherness,3,22298,19454,2.8
papercutting,3,0,0,0.0
xiu,3,0,0,2.4
copperfield,3,36884,0,2.61
marlowe,3,17215,0,3.03
faustus,3,30591,0,2.41
uneducated,3,19009,15694,3.24
canine,3,16247,15736,3.33
quarterback,3,28399,3302,3.95
finalist,3,12938,10177,3.45
preparatory,3,9706,13044,3.44
remy,3,38143,0,3.27
amadeus,3,36153,0,2.68
fab,3,22059,17732,3.39
beatlemania,3,0,0,1.99
simonides,3,0,0,1.81
moulin,3,38257,0,2.72
familiarize,3,24566,17746,2.79
seasoning,3,13370,9078,3.28
twisted,3,8695,8013,3.98
avignon,3,24425,0,2.73
patron,3,5058,4665,3.73
antiquity,3,8064,8706,3.43
trod,3,0,0,2.54
banff,3,27547,0,2.9
siberia,3,10626,0,3.45
morocco,3,9130,0,3.8
cloudless,3,21199,18957,2.46
absorber,3,33422,20508,2.71
speculation,3,3649,4431,3.99
brunei,3,24507,0,3.19
newcomen,3,31091,0,1.93
bam,3,40168,0,3.64
relocate,3,10256,6928,3.44
projection,3,5368,4755,3.79
jointly,3,5404,8902,3.78
melvin,3,25697,0,3.34
seti,3,0,0,2.61
saliva,3,15518,11532,3.35
papyri,3,0,0,2.33
bingham,3,13044,0,3.12
magnificence,3,19025,21679,2.79
bernbach,3,0,0,1.57
mayer,3,17024,0,3.59
eugene,3,15548,0,3.8
o'neill,3,0,0,3.68
personalize,3,33883,13434,2.69
prix,3,26983,0,3.76
ennis,3,45005,0,3.11
yog,3,0,0,2.24
charlton,3,7450,0,3.25
osler,3,0,0,2.24
inventive,3,13901,12247,3.26
inclined,3,4683,5609,3.87
influencer,3,0,0,2.95
pedro,3,16443,0,3.75
melissa,3,5921,0,3.84
praiseworthy,3,23305,26736,2.46
uil,3,0,0,2.1
heartstring,3,48580,0,1.48
dweck,3,0,0,1.94
osti,3,0,0,1.4
starchy,3,33244,22229,2.57
wholesome,3,14284,12893,3.51
suf,3,0,0,1.88
lyricism,3,27773,25133,2.63
p122,3,0,0,0.96
ush,3,0,0,1.97
spout,3,18842,15431,3.11
seascape,3,32728,23586,2.35
bodied,3,35215,0,3.48
ada,3,16511,0,3.71
victorious,3,11407,11574,3.57
horsemanship,3,41166,32535,2.4
brook,3,10248,22189,3.74
comprehending,3,0,0,2.61
antecedent,3,16104,16403,2.6
dumple,3,0,0,0.0
yalu,3,0,0,2.05
plaza,3,15676,7095,3.91
solidity,3,18513,19688,2.63
milford,3,21127,0,3.34
roomful,3,36466,19861,2.26
roses,3,0,0,4.01
el,3,5125,0,4.56
clari,3,0,0,1.59
recede,3,8649,7675,2.71
hemp,3,21272,15017,3.42
inhabitable,3,0,39354,2.07
heilig,3,0,0,1.5
hmd,3,0,0,2.39
enviroment,3,0,0,2.1
raccoon,3,46819,12300,3.27
allusion,3,11817,11191,2.94
ueno,3,0,0,2.37
consciously,3,7810,8107,3.5
plea,3,4363,4894,3.95
slaughter,3,8774,8340,3.84
transgress,3,19327,20882,2.34
discouragement,3,21194,22982,2.53
rubble,3,9739,7549,3.44
disperse,3,5981,7421,3.3
swifter,3,0,0,2.23
ji.,3,0,0,3.89
concubine,3,24019,23102,2.82
garland,3,12807,13545,3.46
marital,3,6890,6246,3.59
elimination,3,7987,7330,3.93
projectile,3,25237,15825,3.26
adaptive,3,13104,8259,3.61
untangle,3,32632,18840,2.54
valentine's,3,0,0,3.78
life-saving,3,0,0,4.57
activities,3,0,0,4.91
day!,3,0,0,5.95
time!,3,0,0,6.29
drums,3,0,0,3.93
overslept,3,39567,0,2.43
america's,3,0,0,4.19
china's,3,0,0,3.9
breaks,3,0,0,4.46
tabei,3,0,0,0.0
toilets,3,0,0,3.67
equipped,3,0,0,4.28
bits,3,0,0,4.18
"in,",3,0,0,7.27
jot,3,15632,13743,2.86
chances,3,0,0,4.51
oldest,3,0,0,4.24
letterbox,3,21441,43469,2.53
puts,3,0,0,4.53
statistician,3,15925,17983,2.87
passerby,3,0,0,2.55
absolve,3,14557,17031,2.83
packed,3,7564,8324,4.31
quarterly,3,9787,11417,3.99
cleanly,3,18522,16267,3.02
possessor,3,18789,24323,2.58
untie,3,24901,14160,2.51
aftermath,3,6944,5655,3.9
authorise,3,5775,0,2.79
battalion,3,7237,8735,3.81
biotechnology,3,13260,9499,3.42
bitch,3,5873,5650,4.76
broker,3,5375,4073,3.89
buckle,3,11791,8961,3.5
cornerstone,3,13995,9822,3.39
cosmos,3,15121,8156,3.51
dime,3,33999,7518,3.66
fuck,3,5222,5040,5.39
invariably,3,4099,7099,3.44
gaol,3,12250,34762,2.84
know-how,3,0,0,5.86
loophole,3,14372,9628,3.24
medicare,3,28290,0,3.94
middle-class,3,0,0,4.96
nude,3,12124,7575,4.0
payroll,3,10169,5345,3.76
shit,3,3766,3178,5.48
statute,3,3358,4153,3.83
take-off,3,0,0,5.62
vendor,3,3171,4625,3.79
beholder,3,22391,17707,2.81
brimful,3,44684,45769,1.71
coma,3,12065,9163,3.74
crunch,3,11397,7540,3.66
droop,3,16562,15135,2.51
entice,3,11110,9712,3.15
filthy,3,7085,8696,3.8
futurology,3,0,0,1.89
improvise,3,11922,8778,3.02
inescapable,3,13767,12878,2.96
inhospitable,3,19343,18654,2.76
inquisitive,3,14648,17122,2.98
intestine,3,9135,11678,3.23
rivalry,3,7075,6597,3.8
secretive,3,11537,11436,3.26
stupefied,3,49369,35480,2.14
twitch,3,9136,9281,3.76
warden,3,5539,9327,3.63
wariness,3,22744,20816,2.21
whisker,3,11959,13794,2.56
caregiver,3,0,6120,3.11
congregate,3,14146,12537,2.92
disadvantaged,3,8816,8915,3.49
finalise,3,10303,0,2.45
focused,3,19134,10625,4.65
grower,3,10518,5968,3.02
newborn,3,14042,7759,3.78
outgrow,3,18632,13665,2.67
reset,3,15213,12795,3.83
retiree,3,43556,7235,2.81
round-trip,3,0,0,4.7
showy,3,22398,17832,2.79
stately,3,9774,11435,3.13
subscription,3,5444,8304,4.06
universally,3,7856,8939,3.63
volatile,3,8693,6603,3.72
chairmen,3,0,0,3.14
saleswomen,3,0,0,1.37
swore,3,0,0,3.53
swelled,3,0,0,3.04
unreliable,3,8419,10731,3.53
spotless,3,19332,16294,3.12
simple-minded,3,0,0,4.1
forbade,3,0,0,3.03
believer,3,7599,5362,3.67
real-life,3,0,0,5.42
landfall,3,24770,18236,3.07
pointed,3,8466,9035,4.46
appointed,3,8470,12818,4.59
modern-day,3,0,0,5.02
approving,3,35461,31380,3.34
disapproving,3,15928,18450,2.73
finishing,3,7621,9946,4.3
shaky,3,8423,7947,3.45
pressing,3,6871,7156,4.08
ruined,3,10136,11774,4.26
foresaw,3,0,0,2.72
foreseen,3,0,0,2.96
paper-cutting,3,0,0,4.48
salesmen,3,0,0,2.97
ably,3,19504,21469,2.67
adequately,3,5277,6089,3.64
affordably,3,0,34309,2.11
alarmed,3,8463,13818,3.48
apologetic,3,14252,14720,2.99
assuming,3,0,0,4.23
attached,3,11661,14684,4.52
blacken,3,14881,15212,2.25
bridal,3,16335,14769,3.5
brilliantly,3,8462,10358,3.46
charger,3,20257,16169,3.64
coincident,3,26378,33816,2.53
coldly,3,8298,14634,2.69
coughing,3,33885,20281,3.46
deserving,3,11308,11349,3.57
discouraging,3,18639,14782,3.22
downy,3,23604,24891,2.6
enhanced,3,6222,7610,4.08
established,3,3570,5309,4.9
ex-,3,0,0,4.81
expected,3,3402,4302,4.96
hard-wired,3,0,0,3.79
industrialise,3,36171,0,1.42
inefficient,3,7777,9644,3.46
infected,3,9070,8099,4.13
innocently,3,12117,15413,2.88
justified,3,11340,15074,4.02
mindful,3,13756,10818,3.49
northerner,3,21315,21240,2.34
noway,3,0,0,1.91
outsource,3,0,13752,2.92
predictable,3,5964,5738,3.76
preoccupied,3,7767,8846,3.26
recognised,3,6154,46323,4.07
refreshed,3,33399,29017,3.25
richly,3,9668,11125,3.27
roadworks,3,0,0,2.45
shadowy,3,9891,9710,3.24
sincerity,3,11290,10928,3.34
solely,3,3992,4671,4.2
stimulation,3,6566,7974,3.7
stony,3,11697,11616,3.3
sufficiency,3,19239,24932,3.03
talker,3,20294,15610,2.96
uncritically,3,20547,24150,2.35
winding,3,7761,10105,3.71
wired,3,34225,17421,3.8
wrongly,3,7537,11321,3.46
customize,3,45556,11372,3.27
amphibian,3,17256,16433,2.72
antipollution,3,0,0,0.0
cardiovascular,3,17592,7967,3.68
coffin,3,4194,6258,3.8
colonial,3,4415,3321,4.17
dazzle,3,13863,12418,3.02
disagreeable,3,14167,19879,2.73
disorderly,3,15111,17274,3.15
globalize,3,0,24911,1.63
hitech,3,0,0,1.94
illiteracy,3,20661,16517,2.86
imposing,3,8432,9070,3.73
legitimate,3,4329,3195,4.22
litterbin,3,0,0,0.0
mob,3,6467,5707,4.03
multimedia,3,6325,7362,3.56
pajamas,3,0,8984,3.31
poke,3,6486,4702,3.6
self-assessment,3,0,0,4.39
sensational,3,8618,9888,3.52
shortsighted,3,32694,0,2.61
smuggle,3,9577,8668,3.11
stereo,3,8025,6158,3.77
storekeeper,3,36621,26560,2.35
transformer,3,13088,17547,3.37
wade,3,11499,7622,3.98
birthright,3,21081,18539,3.02
chaotic,3,8576,7411,3.67
complementary,3,6673,8490,3.56
specialisation,3,12629,0,2.58
instinctive,3,8715,14454,3.04
canny,3,18523,19263,2.89
steamy,3,19810,12594,3.09
manipulation,3,5744,5754,3.85
blunt,3,8413,7053,3.9
erroneous,3,14695,12587,3.22
sanity,3,11977,11021,3.49
default,3,5836,7415,4.29
designate,3,5390,5240,3.37
specification,3,3458,7835,3.75
liability,3,1908,4121,4.16
arrogant,3,7752,7597,3.74
prone,3,6346,6224,3.93
indulge,3,5543,6841,3.54
abdicate,3,18884,19114,2.66
abound,3,8645,7676,3.27
redundant,3,4968,12969,3.59
terminate,3,5291,7189,3.65
scorn,3,11677,11935,3.13
warrant,3,5321,5999,4.24
shrewd,3,8648,11036,3.11
reactor,3,4912,6317,3.83
offspring,3,5729,6511,3.77
authoritative,3,7691,9152,3.4
decelerate,3,34913,22875,2.28
articulate,3,6482,4865,3.54
scholarly,3,8910,6310,3.6
instantaneous,3,14344,14192,3.14
contravene,3,14613,24626,2.3
torment,3,12113,12020,3.36
repress,3,14291,13023,2.82
preceding,3,6220,7079,3.74
predecessor,3,4183,5256,3.82
successor,3,3569,5433,3.99
devalue,3,10033,13869,2.65
negligible,3,8612,12050,3.39
conversely,3,6671,8066,3.53
prospective,3,4764,5420,3.87
conspicuous,3,6526,9384,3.35
preclude,3,7006,8092,3.03
detain,3,6059,7558,3.21
bankruptcy,3,5401,4171,4.11
reclaim,3,8480,7452,3.44
confession,3,5983,4818,3.88
prevalent,3,8828,6987,3.78
legislation,3,1365,2017,4.55
amend,3,4585,7371,3.55
bewilder,3,34058,30215,1.74
doctrine,3,3606,3746,3.98
evade,3,8471,9545,3.39
feminine,3,6558,5815,3.91
indicative,3,8955,9866,3.57
inherent,3,4850,4924,3.83
instrumental,3,6161,5653,3.99
intersection,3,11897,5760,3.88
inverse,3,15867,16580,3.42
marxist,3,5201,10077,3.6
modernization,3,13130,8383,3.36
monetary,3,2863,5077,4.1
neutron,3,9392,10155,3.44
novelty,3,7558,7961,3.66
optical,3,6151,5497,4.07
orthodox,3,5046,5340,3.93
pant,3,10453,2690,3.18
prototype,3,6557,6270,3.83
redeem,3,8505,9250,3.53
repel,3,11198,11198,3.2
republican,3,4062,594,4.7
retrospect,3,9533,8344,3.29
revolt,3,6556,8955,3.73
saddle,3,6599,6217,3.73
salvation,3,5297,5519,3.95
shilling,3,5693,23182,3.17
siren,3,9836,6750,3.46
soluble,3,12780,18497,3.44
stalk,3,10135,6634,3.46
superfluous,3,13701,16195,3.0
tempo,3,10260,9998,3.74
transcend,3,10296,6661,3.1
voltage,3,5896,9759,4.02
archive,3,4821,6515,3.98
mediate,3,6739,7370,3.13
yen,3,9329,10461,3.73
doctor's,3,0,0,3.71
groups,3,0,0,5.12
up?,3,0,0,6.39
heartache,3,20525,16260,3.2
pretence,3,8669,37692,2.73
tax-free,3,0,0,5.02
earthworm,3,17721,21017,2.42
fermentation,3,17107,19326,3.3
graft,3,14199,14077,3.47
grout,3,29915,23290,2.83
inherently,3,9911,7670,3.59
upmarket,3,18901,0,2.64
windshield,3,40023,6995,3.41
lagoon,3,12549,9872,3.43
reduced,3,4606,6034,4.64
degrees,3,0,0,4.54
face-to-face,3,0,0,5.15
seems,3,0,0,5.24
points,3,0,0,5.23
?,3,0,0,0.0
home-made,3,0,0,5.56
phew,3,20625,28909,3.14
tummy,3,10550,13953,3.43
up!,3,0,0,6.39
telly,3,6251,25229,3.2
cardigan,3,12562,16083,3.21
is.,3,0,0,7.07
inflexible,3,13797,17102,2.89
tolerable,3,13784,15726,3.11
aggress,3,0,37951,1.53
forgettable,3,34087,21932,2.87
dynamics,3,8075,4071,4.08
attracted,3,34273,27896,4.31
theeravit,3,0,0,0.0
basil's,3,0,0,2.13
tchamani,3,0,0,0.0
aurumque,3,0,0,0.0
buñol,3,0,0,1.03
wenhai,3,0,0,0.0
ob-gyn,3,0,0,2.6
comprised,3,0,0,3.82
braised,3,44685,19739,2.72
brillat-savarin,3,0,0,1.17
gardens,3,0,0,4.27
jean-philippe,3,0,0,3.49
bondone,3,0,0,0.0
tadpoles,3,0,0,2.54
cowboy's,3,0,0,2.14
blackborow,3,0,0,0.0
orde-lees,3,0,0,2.23
sonnets,3,0,0,2.88
claffern,3,0,0,0.0
three-body,3,0,0,5.25
duck-billed,3,0,0,3.5
drawers,3,0,0,3.42
walks,3,0,0,4.32
fail-safe,3,0,0,4.48
fine-tune,3,0,0,4.23
state-of-the-art,3,0,0,5.16
blooming,3,17480,17603,3.33
crises,3,0,0,3.57
piles,3,0,0,3.59
standardize,3,20509,13182,2.72
applied,3,5670,6455,4.67
attacker,3,6197,8701,3.59
delegation,3,3893,5697,3.92
short-term,3,0,0,4.98
jan.,3,0,0,4.51
feb.,3,0,0,4.38
aug.,3,0,0,4.33
sept.,3,0,0,4.35
nov.,3,0,0,4.37
dec.,3,0,0,4.29
efforts,3,0,0,4.77
steps,3,0,0,4.73
appearances,3,0,0,4.09
achilles',3,0,0,3.47
north-east,3,0,0,4.94
raised,3,6386,7366,4.84
modified,3,7988,6921,4.24
intervals,3,0,0,3.69
charts,3,0,0,4.16
bony,3,12812,9500,3.25
watering,3,14513,12555,3.57
watching,3,19805,26506,5.02
younger,3,16417,0,4.69
shorter,3,0,0,4.22
heavier,3,0,0,3.85
'n',3,0,0,5.15
jesus,3,1718,0,4.99
forgiven,3,0,0,3.66
opening-up,3,0,0,4.92
homelessness,3,12136,11319,3.43
remarry,3,14660,10958,2.66
english-speaking,3,0,0,4.73
name?,3,0,0,5.61
welcome!,3,0,0,4.99
metres,3,0,0,4.17
tall.,3,0,0,4.52
problem.,3,0,0,5.4
so.,3,0,0,6.52
going?,3,0,0,5.94
maddy,3,0,0,2.97
blown,3,20499,17827,4.21
wishes,3,0,0,4.35
well.,3,0,0,6.03
dropped,3,19382,21850,4.73
peppers,3,0,0,3.66
fruits,3,0,0,4.07
cookies,3,0,0,4.12
ballroom,3,11761,9032,3.52
motorist,3,6207,9411,3.07
ex-husband,3,0,0,4.59
students,3,0,0,5.25
bachelor's,3,0,0,3.52
master's,3,0,0,3.79
intensify,3,6475,5921,3.16
knew,3,0,0,5.2
aimed,3,0,0,4.25
exams,3,0,0,4.0
mediator,3,12425,9087,3.29
immobile,3,14573,16603,2.93
operable,3,41566,28987,2.65
negligence,3,4843,11719,3.65
surmount,3,11982,16610,2.21
optic,3,16357,14580,3.65
incapable,3,6335,7779,3.72
inhuman,3,14182,15508,3.27
incite,3,15494,11352,3.12
underscore,3,19615,5841,2.97
postwar,3,9300,5928,3.41
insider,3,5487,5334,3.77
accentuate,3,9738,10880,2.76
diversify,3,9746,8552,3.16
illiberal,3,39692,27259,2.45
dependable,3,19000,12873,3.25
emigrant,3,15967,15516,2.63
communal,3,6943,6398,3.68
misquote,3,33273,25941,2.02
illegible,3,20791,24257,2.55
stepbrother,3,34910,27986,2.46
supplant,3,14209,12090,2.56
fishery,3,6265,5973,3.22
vibrant,3,11472,6697,3.67
dignify,3,34575,25877,2.34
rotary,3,12122,12580,3.61
tutorial,3,8172,15959,3.8
auditor,3,3914,7264,3.48
prepay,3,0,33639,2.23
displease,3,21416,19965,2.2
especial,3,18694,28397,2.73
exclusion,3,4041,6233,3.68
ooh,3,1986,8968,3.76
not?,3,0,0,6.69
weren't,3,0,0,4.68
wasn't,3,0,0,5.28
sweets,3,0,0,3.62
here's,3,0,0,4.91
sights,3,0,0,3.84
sodium,3,6256,3783,3.87
double-decker,3,0,0,3.41
landowner,3,5423,7830,3.11
shawl,3,12685,11627,3.17
cat's,3,0,0,3.35
stand-by,3,0,0,5.13
mirror-like,3,0,0,4.47
hunched,3,23629,23128,2.8
code-name,3,0,0,4.97
ammunition,3,7653,6837,3.91
ceramics,3,0,8006,3.44
megadrought,3,0,0,0.0
simulated,3,14676,11094,3.49
this?,3,0,0,6.82
meals,3,0,0,4.19
disregard,3,7532,9174,3.66
lamppost,3,33866,21321,2.34
boots,3,8957,0,4.33
mistook,3,0,0,3.07
evening.,3,0,0,4.86
again!,3,0,0,5.7
today?,3,0,0,5.55
slippers,3,0,0,3.37
sneakers,3,0,7127,3.53
"no,",3,0,0,6.35
sank,3,0,0,3.7
sunk,3,28323,31837,3.74
arose,3,0,0,3.73
arisen,3,0,0,3.2
windows,3,0,0,4.72
rebuilt,3,18939,18966,3.62
ridded,3,0,0,0.0
sewed,3,0,0,2.89
shrunk,3,0,0,3.18
programs,3,0,0,4.9
sounds,3,0,0,4.97
you've,3,0,0,5.13
sorry.,3,0,0,5.18
personalization,3,0,26888,2.57
veal,3,21553,12617,3.08
ose,2,0,0,2.31
1st-31st,2,0,0,2.54
a-,2,0,0,7.36
whats,2,0,0,3.88
gina.,2,0,0,3.58
-t,2,0,0,5.43
7e,2,0,0,2.19
blue.,2,0,0,5.13
mmm.,2,0,0,3.55
ai[manual],2,0,0,3.97
ks,2,0,0,3.52
lst,2,0,0,2.89
101st,2,0,0,0.55
iiii,2,0,0,2.14
hott,2,0,0,2.03
ns,2,23843,0,3.48
davids,2,45516,0,2.69
inferring,2,0,0,2.57
gif,2,0,0,3.9
er.,2,0,0,4.24
yun.,2,0,0,3.35
dk,2,30719,0,3.34
een,2,0,0,2.92
dramas,2,0,0,3.55
noting,2,0,0,4.0
dizi,2,0,0,1.22
colombian,2,17207,10203,3.57
reviewing[manual],2,0,0,3.77
recogn,2,0,0,1.2
ering,2,0,0,1.43
sharks,2,0,0,3.96
ough,2,0,0,1.9
create-,2,0,0,5.02
shyest,2,0,0,1.56
thinly,2,9827,7720,3.27
gaby,2,42785,0,2.86
aww,2,0,28230,3.67
j.k,2,0,0,3.02
brough,2,23255,0,2.69
lef,2,0,0,2.17
none.,2,0,0,4.93
freshest,2,0,0,2.76
quietest,2,0,0,2.6
hefei,2,0,0,1.98
greenville,2,0,0,3.28
sna,2,30555,0,2.57
hel,2,0,0,2.95
sai,2,0,0,3.27
sam.,2,0,0,4.64
potatoe,2,0,0,2.06
eat.,2,0,0,5.13
oink,2,0,41910,2.3
piggy,2,16699,19434,3.3
countrie,2,0,0,1.53
ipa,2,0,0,3.31
t.b.,2,0,0,2.23
kid.,2,0,0,4.99
ii.,2,0,0,5.02
motorcyclist,2,23188,25130,2.74
1890s,2,0,0,1.98
dwarfs,2,0,0,3.17
ill.,2,0,0,4.72
swish,2,19841,15385,2.89
preventing,2,0,0,4.12
wu.,2,0,0,3.81
tipping,2,34736,0,3.56
mon.,2,0,0,3.86
-japanese,2,0,0,4.81
zhi,2,0,0,2.6
ten.,2,0,0,5.05
celebrations,2,0,0,3.85
hugged[manual],2,0,0,3.38
cat.,2,0,0,4.78
jim.,2,0,0,4.62
chao,2,43747,0,3.06
5c,2,0,0,3.07
renewal,2,5366,6501,3.84
nosed,2,0,0,3.14
rower,2,27019,22889,3.11
push-,2,0,0,4.82
englishmen,2,0,0,2.87
u.n.,2,0,0,3.49
buse,2,49550,0,1.79
-wow,2,0,0,4.96
p-e,2,0,0,4.9
alex.,2,0,0,4.62
apples.,2,0,0,3.96
greenall,2,29069,0,1.41
kevin.,2,0,0,4.56
hump,2,14914,13883,3.36
eniac,2,0,0,1.78
am.,2,0,0,5.78
t1,2,0,0,3.31
e2,2,0,0,3.03
sketches[manual],2,0,0,3.61
neva,2,0,0,2.68
trinity,2,10076,22080,3.9
china.,2,0,0,5.1
transkei,2,30508,0,2.14
flies,2,0,0,4.09
jingwei,2,0,0,1.11
nwa,2,0,0,2.75
inthe,2,0,0,2.58
horrid,2,14986,17286,3.28
cos,2,609,25587,4.05
eng,2,25699,0,3.66
lish,2,0,0,2.06
pro-gramme,2,0,0,1.64
dio,2,0,0,3.11
cen,2,0,0,2.69
deborah,2,8141,0,3.61
derivative,2,9140,10778,3.65
yury,2,47819,0,2.22
mcalister,2,0,0,2.42
don',2,0,0,4.6
carlson,2,27990,0,3.4
sorbonne,2,23429,0,2.62
thatched,2,14311,19473,2.86
haidian,2,0,0,1.48
ia,2,38150,0,3.7
pietri,2,0,0,1.31
logie,2,37593,0,2.59
baird,2,20604,0,3.36
businesspeople,2,42289,0,2.61
commonwealth,2,3891,14121,4.34
yd,2,28521,0,3.01
elm,2,12055,14120,3.36
sportswomen,2,0,0,1.87
ous,2,0,0,2.22
socalled,2,0,0,1.7
lushan,2,0,0,1.68
zhiyun,2,0,0,1.03
maxwell,2,4861,0,3.77
eavis,2,0,0,1.52
harper,2,8185,0,4.04
kong.,2,0,0,4.49
bohai,2,0,0,1.75
capitol,2,21065,13070,4.0
one.,2,0,0,6.47
marwell,2,0,0,1.5
bactrian,2,0,42712,1.97
motorcar,2,32768,28495,2.22
dinah,2,13549,0,3.13
chesley,2,0,0,2.07
sullenberger,2,0,0,1.8
yokohama,2,35137,0,3.05
neverland,2,0,0,2.79
hygiene,2,6492,10817,3.79
composite,2,8078,6741,3.94
spaceships,2,0,0,2.75
nezha,2,0,0,1.77
bluto,2,0,0,1.82
milly,2,29769,0,3.05
newsroom,2,25090,11182,3.15
baylis,2,0,0,2.08
sun.,2,0,0,4.97
pot.,2,0,0,4.4
here.,2,0,0,5.97
auburn,2,25053,16356,3.72
jeannie,2,39818,0,2.84
her.,2,0,0,6.3
jinan,2,0,0,2.33
mannered,2,19451,25883,3.04
bicycling,2,0,33296,2.7
whales,2,0,0,3.77
irritation,2,7007,9155,3.42
unfashionable,2,18509,24710,2.44
barton,2,8188,0,3.61
handedness,2,30167,32542,2.55
leftie,2,0,0,2.32
h-e,2,0,0,4.85
henrey,2,0,0,1.02
uptown,2,39830,15276,3.31
wer,2,46780,0,2.87
heartwarming,2,36389,21395,3.05
shoelace,2,33110,20679,2.35
polio,2,22052,12207,3.27
-worker,2,0,0,4.43
scented,2,15129,16809,3.3
haven,2,6866,5699,4.13
glasse,2,0,0,1.62
trees.,2,0,0,4.69
nun,2,5745,5688,3.64
hellen,2,0,0,2.2
aloe,2,36094,20381,3.06
uncooked,2,26237,17365,2.69
rashly,2,21372,32329,2.34
apes,2,0,0,3.45
ta,2,6757,12563,4.02
tchen,2,0,0,1.5
cheering,2,32710,22716,3.83
ri,2,24818,0,3.69
erator,2,0,0,1.1
cup.,2,0,0,5.11
pic,2,16547,22130,4.2
preacher,2,7852,5732,3.68
pp45,2,0,0,0.0
pp56,2,0,0,0.0
friederike,2,0,0,1.48
lovable,2,18566,15271,3.23
cutest,2,0,0,3.33
goodnight,2,8328,18180,3.64
harvesting,2,33095,18340,3.53
types,2,0,0,4.85
macaroni,2,34758,12829,3.11
ruddy,2,16588,16676,3.01
iha,2,0,0,2.07
cafeterias,2,0,0,2.43
rearranging[manual],2,0,0,2.75
terri,2,29822,0,3.22
candyfloss,2,41625,0,1.75
damian,2,9387,0,3.39
curtis,2,7374,0,3.94
carlingford,2,0,0,2.14
nsw,2,37566,0,3.81
huston,2,27307,0,2.97
portland,2,12234,0,4.18
laughable,2,19229,16571,3.18
sergeant,2,2857,6639,4.11
spa,2,9139,7397,3.96
stilt,2,20868,17133,2.37
adobe,2,17875,14939,3.53
igloo,2,38058,24830,2.64
majestic,2,11701,10534,3.57
morn,2,33569,22418,3.05
baggy,2,12058,10872,3.16
scotsmen,2,46439,0,2.05
fluff,2,20458,17394,3.2
fann,2,0,0,1.7
fiercest,2,0,0,2.87
bailey,2,6103,0,4.06
gadgetry,2,32642,26226,2.05
hp,2,5514,0,4.13
pseudo,2,24260,26875,3.61
pseudonym,2,19395,15984,3.1
stephenson,2,10481,0,3.31
glider,2,8343,16453,3.09
nutbush,2,0,0,1.47
contour,2,8799,7917,3.37
sneer,2,12448,12717,2.7
michele,2,13406,0,3.48
packs,2,0,0,3.94
cheep,2,49203,40532,2.47
accommodations,2,0,0,3.48
scoring,2,7288,6707,4.36
tingle,2,16130,14576,2.86
wrench,2,10564,10376,3.37
seizure,2,8959,7373,3.74
ivv,2,0,0,1.19
oss,2,38906,0,2.98
underpay,2,34343,20556,1.72
hocky,2,0,0,0.0
...nor,2,0,0,4.78
concessive,2,0,0,0.0
packing,2,8535,10288,4.06
artemis,2,13534,0,3.05
halicarnassus,2,0,0,1.77
rhodes,2,9063,0,3.69
opium,2,15226,11885,3.46
wok,2,38328,18705,2.79
potala,2,0,0,1.73
heathrow,2,7788,0,3.37
fulltime,2,35164,0,2.85
dramatize,2,24925,12771,2.3
forgiving,2,18673,10930,3.49
nodding,2,33733,31219,3.19
shoreline,2,14918,9279,3.31
erce,2,0,0,0.0
certi,2,0,0,1.65
cate,2,45196,0,3.09
pp17,2,0,0,0.45
newspapermen,2,0,0,1.89
maui,2,0,0,3.35
aotearoa,2,0,0,2.15
lambert,2,7338,0,3.73
wilmut,2,0,0,1.06
hydroelectric,2,26081,16163,3.11
spatula,2,33783,13422,2.86
heatproof,2,0,30906,1.72
glucose,2,8317,11666,3.75
petri,2,29861,21284,2.98
launderette,2,19685,45855,1.93
alight,2,11463,17190,3.0
tablespoon,2,13259,2391,3.15
grammatically,2,24491,28869,2.7
webber,2,16372,0,3.35
ve-minute,2,0,0,4.42
othello,2,17784,0,2.99
shrill,2,12653,12017,2.88
apricot,2,16007,10300,2.98
sheave,2,0,0,1.61
pheasant,2,12192,13771,3.03
corp,2,1774,0,4.27
hobart,2,24531,0,3.43
identi,2,0,0,1.55
piglet,2,21984,23326,2.82
eeyore,2,0,0,2.32
tigger,2,0,0,2.6
kanga,2,49871,0,2.16
roo,2,0,29912,3.1
shepard,2,43710,0,3.46
ashdown,2,8327,0,2.55
templeton,2,13460,0,3.0
zuckerman,2,41391,0,2.61
christina,2,7488,0,3.82
grandest,2,0,0,2.76
sidney,2,10083,0,3.7
ferraris,2,0,0,2.65
liaoning,2,0,0,2.51
a.c.,2,0,0,3.09
trivia,2,19325,13495,3.47
casino,2,14416,4325,4.16
christophe,2,40157,0,3.0
morhange,2,0,0,1.22
remake,2,20128,10609,3.79
enchanting,2,14960,17378,3.15
vulnerability,2,7848,5951,3.7
lalala,2,0,0,1.88
fuwa,2,0,0,1.73
muffin,2,25069,8567,3.35
gask,2,0,0,1.45
bland,2,8654,10017,3.5
taipei,2,27892,0,3.32
peter.,2,0,0,4.88
yep,2,4916,8486,4.39
wut,2,0,0,3.01
gr8,2,0,0,2.17
lol,2,0,0,5.05
saviour,2,11213,0,3.33
features,2,0,0,4.94
monsoon,2,20876,16516,3.33
spitting,2,23107,26920,3.47
mee,2,41218,0,3.02
scandinavia,2,10145,0,3.26
madagascar,2,21548,0,3.39
henri,2,12480,0,3.52
ish,2,43182,0,3.72
snowboard,2,0,17064,3.01
bonjour,2,40545,0,2.76
compiler,2,9357,20822,3.37
rudy,2,28535,0,3.62
jerk,2,5897,5703,4.0
astrology,2,16235,21372,3.38
tilting,2,37088,31792,3.12
raindrop,2,22757,16687,2.32
non-,2,0,0,5.29
mandate,2,7252,3724,3.97
foxy,2,27396,22188,3.0
grid,2,4694,5479,4.18
mattie,2,31374,0,2.79
obsessed,2,7529,6440,4.08
kings,2,10069,0,4.41
princes,2,22310,0,3.69
armouries,2,0,0,1.8
nell,2,10886,0,3.14
mendelssohn,2,26765,0,2.72
presley,2,16682,0,3.27
chuck,2,7259,8786,4.17
viola,2,13441,18470,3.54
tuba,2,28234,20453,2.84
cymbal,2,25137,22870,2.59
xylophone,2,38792,28390,2.37
harmonica,2,33924,16925,2.97
re.,2,0,0,5.23
hydrant,2,37268,19742,2.71
stubb,2,0,0,1.94
impede,2,9652,8791,3.14
uid,2,0,0,2.21
handcraft,2,49153,25816,2.01
de-bugging,2,0,0,3.14
frenchmen,2,0,0,2.8
air-,2,0,0,5.37
lled,2,0,0,1.38
armoury,2,13778,0,2.73
hosepipe,2,22599,0,1.77
lub,2,0,0,2.12
eo,2,29927,0,3.1
nna,2,0,0,2.01
.z,2,0,0,4.47
nale,2,0,0,1.65
soune,2,0,0,0.0
rt,2,26677,0,4.04
ox1,2,0,0,1.12
aee,2,0,0,2.0
eadi,2,0,0,0.0
lujiazui,2,0,0,1.24
yoyo,2,0,0,2.59
qr,2,0,0,3.09
rance,2,30326,0,2.63
.odal,2,0,0,1.03
ome,2,0,0,2.56
apr,2,13218,13532,4.02
mar,2,8460,8573,4.19
feb,2,2803,0,4.38
'k,2,0,0,4.91
ug,2,0,0,2.97
reopen,2,8626,6671,3.42
illy,2,0,0,2.25
3he,2,0,0,1.61
shennong,2,0,0,1.1
groundwater,2,13397,8970,3.44
jul,2,29943,0,3.64
sep,2,17826,0,3.94
verses,2,0,0,3.82
a5,2,0,0,3.07
mi,2,26102,0,4.3
sace,2,0,0,1.69
wiz,2,43274,26422,3.13
gr,2,27687,0,3.52
daodejing,2,0,0,1.11
'os,2,0,0,4.1
tsz,2,0,0,1.54
trouser,2,0,0,2.85
mccann,2,17761,0,3.29
calaveras,2,0,0,2.25
smiley,2,38255,21495,3.4
runaway,2,14041,9955,3.54
theworld,2,0,0,1.87
aster,2,42579,20232,2.81
italicized,2,0,37740,2.34
cout,2,0,0,2.02
schools,2,0,0,5.05
saddest,2,0,0,3.24
rogg,2,0,0,1.26
landy,2,0,0,2.44
horsehair,2,34562,27778,2.14
harmonic,2,13270,14496,3.33
violoncello,2,0,0,2.07
gaper,2,0,0,1.21
xiaolan,2,0,0,1.04
parthenon,2,34160,0,2.66
unstress,2,0,0,0.0
sharper,2,0,0,3.25
-heading,2,0,0,4.48
itis,2,0,0,2.7
jhe,2,0,0,1.39
dis-,2,0,0,3.73
mayfield,2,34823,0,3.08
ily,2,0,0,2.42
robbie,2,6321,0,3.84
ultra-smart,2,0,0,4.13
supersmart,2,0,0,1.15
zed,2,0,0,3.02
wha,2,11046,0,3.3
av,2,13469,0,3.63
shanshan,2,0,0,1.67
ke.,2,0,0,3.5
foo,2,0,29597,3.34
ook,2,0,0,2.36
alk,2,0,0,2.41
mantou,2,0,0,1.34
b4,2,0,0,3.02
iz,2,0,0,2.91
mk,2,17520,0,3.58
superdog,2,0,0,1.38
e-pet,2,0,0,4.39
sms,2,0,0,3.66
signs,2,0,0,4.71
liveliness,2,23034,27955,2.28
poe,2,25430,0,3.55
agatha,2,16773,0,3.16
christie,2,5173,0,3.7
yiming,2,0,0,1.02
gregson,2,29064,0,2.61
lu.,2,0,0,3.64
rn,2,24114,0,3.71
bel,2,23825,28224,3.42
mv,2,25155,0,3.5
videodisc,2,30949,32334,1.43
bnd,2,0,0,2.24
3k,2,0,0,3.16
uninterested,2,18575,16987,3.02
ohio,2,15446,0,4.61
slimmer,2,23207,30364,2.9
scissor,2,41534,35098,2.91
-ist,2,0,0,3.35
9c,2,0,0,2.41
dafeng,2,0,0,1.04
reorganize,2,15865,10863,2.8
ma.,2,0,0,4.63
mandeep,2,0,0,1.81
describing,2,0,0,4.23
steed,2,26372,0,2.95
yea,2,22626,18650,4.26
counselor,2,0,2973,3.79
suns,2,0,0,3.59
nu,2,17004,0,3.55
wenzhou,2,0,0,2.27
mid-20th,2,0,0,3.62
stopped[manual],2,0,0,4.2
barth,2,17922,0,2.87
liveliest,2,0,0,2.09
marino,2,24745,0,3.23
-p,2,0,0,5.13
bla,2,47249,0,3.01
soccer.,2,0,0,4.48
coolest,2,0,0,3.62
igh,2,0,0,2.06
kn,2,47424,0,3.01
wr,2,37291,0,3.66
nk,2,45179,0,3.46
oi,2,10880,23768,3.71
pr,2,8046,0,4.19
a.m,2,0,0,4.35
karsts,2,0,0,1.12
lakeside,2,17312,21179,3.1
cheerleading,2,0,27767,3.16
shanty,2,19887,18013,2.75
saadi,2,0,0,2.28
1500s,2,0,0,0.45
ost,2,0,0,3.23
fraser,2,5843,0,3.82
e-sport,2,0,0,4.62
e-sports,2,0,0,4.78
kayla,2,0,0,3.11
planes,2,0,0,4.16
20xx,2,0,0,0.86
tectonic,2,17558,19531,3.13
rui,2,0,0,2.86
haus,2,0,0,2.77
freshmen,2,0,0,3.39
ohs,2,0,0,2.39
goodlooking,2,0,0,1.84
asha,2,0,0,2.88
frieder,2,0,0,1.5
farmhouse,2,6553,8393,3.42
luxor,2,27380,0,2.68
colosseum,2,28100,0,2.84
springtime,2,18977,14237,3.05
mung,2,0,0,2.37
raisin,2,16817,8989,3.01
compassionate,2,13833,7812,3.55
milkman,2,14691,26794,2.53
awarding,2,35460,26572,3.4
thankfulness,2,37089,35375,2.39
zigong,2,0,0,1.13
n.o.,2,0,0,2.22
puerto,2,15944,0,4.04
orbiter,2,0,16860,2.94
taiyuan,2,0,0,2.01
decorator,2,14596,13646,2.95
bellboy,2,0,29225,1.99
doorman,2,24070,14744,2.79
obon,2,0,0,1.57
bonhomme,2,0,0,1.76
husky,2,17150,14361,3.29
cervantes,2,49764,0,2.8
jacques,2,5813,0,3.71
tullius,2,0,0,2.31
80s,2,0,0,2.53
benevolence,2,19593,18646,2.78
kapa,2,0,0,2.03
waiata,2,0,0,1.17
moko,2,0,0,2.08
tereshkova,2,0,0,1.73
zubrin,2,0,0,1.57
unreadable,2,20390,19604,2.62
audition,2,12593,10280,3.77
wink,2,10631,7901,3.5
kisse,2,0,0,1.44
son-in,2,0,0,5.28
havre,2,26907,0,2.75
moan,2,6537,7649,3.37
monsieur,2,7429,0,3.39
polysyllabic,2,43665,41202,1.78
whisperers,2,0,0,2.08
temples,2,0,0,3.7
basil,2,7346,7391,3.65
protector,2,9863,9650,3.68
clouds,2,0,0,4.16
wic,2,0,0,2.66
achilles,2,20605,0,3.47
mian,2,0,0,2.48
traditions,2,0,0,4.1
pipa,2,0,0,2.25
inexperience,2,13868,17408,2.97
co-found,2,0,0,5.08
co-founder,2,0,0,4.39
lillian,2,25609,0,3.26
longmen,2,0,0,1.26
nanhai,2,0,0,1.38
wat,2,34842,39465,3.44
strangest,2,0,0,3.25
dropping,2,14075,15347,4.33
iot,2,0,0,3.51
app.,2,0,0,4.86
touchscreen,2,0,34023,3.1
gothic,2,5148,9860,3.65
restorer,2,22025,24127,2.46
tutankhamun,2,28331,0,2.27
cleo,2,11016,0,3.01
skywalker,2,0,0,3.13
inception,2,11421,10325,3.65
ag,2,0,0,3.95
disn,2,0,0,1.07
awarded,2,0,0,4.35
nanshan,2,0,0,1.42
isaacson,2,0,0,2.33
oslo,2,16031,0,3.51
yuhui,2,0,0,1.01
leaping,2,33361,25651,3.23
estimation,2,10164,10340,3.46
unanswered,2,13700,9901,3.31
questionaire,2,0,0,1.49
frantic,2,7684,7445,3.33
somatic,2,28081,14487,2.93
lense,2,8753,0,2.28
spinal,2,10320,7983,3.85
bita,2,0,0,1.74
overdevelopment,2,0,0,1.74
lancang,2,0,0,1.12
snelling,2,49245,0,2.48
growl,2,8237,8745,3.14
blass,2,0,0,2.24
israeli,2,4446,2085,4.4
richfield,2,0,0,2.42
overspending,2,40734,45775,2.4
fielding,2,12887,0,3.49
anomaly,2,7902,8881,3.47
summarising,2,0,0,2.32
hussey,2,17619,0,2.84
unbroke,2,0,0,0.0
bower,2,25266,23367,3.0
nibble,2,12156,11244,2.85
carlos,2,8284,0,4.09
awakening,2,14325,12071,3.72
magistrate,2,2844,11049,3.71
playtime,2,33052,25977,3.0
narrower,2,0,0,3.29
teenaged,2,39454,18449,2.74
plateaus,2,0,0,2.66
insignificant,2,8473,8884,3.53
taizhou,2,0,0,1.46
embankment,2,10271,14695,3.15
defens,2,0,0,1.15
yueyang,2,0,0,1.5
mako,2,0,34495,2.97
tract,2,6081,6133,3.71
milton,2,4400,0,3.84
pope,2,3594,5413,4.38
grander,2,0,0,2.82
draught,2,8748,25481,3.08
gladness,2,33747,29623,2.48
steakhouse,2,0,23070,2.9
leopold,2,10911,0,3.21
stella,2,6779,0,3.7
tso,2,0,0,2.51
appetiser,2,42293,0,1.61
familiarise,2,19670,0,2.23
bravest,2,0,0,3.0
woodworker,2,29724,24750,2.18
wealthiest,2,0,0,3.29
robson,2,7415,0,3.23
regina,2,23475,0,3.61
baffin,2,0,0,2.31
streak,2,7739,4552,4.06
parasailing,2,0,0,1.99
thousandth,2,22148,25366,2.55
setup,2,17383,5868,4.09
ruy,2,0,0,2.05
lightweight,2,8908,8396,3.78
propeller,2,15591,12524,3.33
braun,2,26068,0,3.35
beings,2,0,0,4.19
oberg,2,0,0,1.9
connecticut,2,16053,0,4.11
fresher,2,37130,0,3.02
panisse,2,0,0,1.88
crest,2,6978,7472,3.65
oakes,2,28289,0,2.71
echoing,2,20200,18952,3.37
sate,2,32828,22965,2.58
snug,2,15144,11967,3.1
ration,2,8465,11504,3.17
fury,2,5137,6574,3.91
medic,2,16377,11677,3.42
handrail,2,22251,23486,2.35
zealous,2,19238,15938,2.99
guaranteed,2,7651,9074,4.29
envie,2,0,0,1.67
unrelated,2,7781,7569,3.8
publicise,2,10043,0,2.38
r2,2,0,0,3.55
beep,2,25769,13285,3.45
petting,2,42983,27862,3.05
emus,2,0,0,2.33
reorder,2,23880,21748,2.36
bazaar,2,12205,15634,3.37
aranda,2,0,0,2.12
logging,2,13294,9027,3.76
overfish,2,45889,0,0.0
ieee,2,0,0,3.52
mahatma,2,37228,0,3.06
cybersecurity,2,0,0,3.35
uninvited,2,21705,18978,2.85
onboard,2,35809,0,3.55
securely,2,9820,12442,3.28
herbert,2,5073,0,3.85
nebula,2,29269,8201,3.23
breezy,2,21421,15479,3.12
nolan,2,13144,0,3.64
thorne,2,12755,0,3.3
whisk,2,9969,6314,3.11
rusty,2,9674,9614,3.61
budgerigar,2,36758,0,1.47
cicada,2,26014,17252,2.49
babbage,2,42329,0,2.27
mythical,2,13726,10983,3.44
deepsea,2,0,0,2.02
decompose,2,19254,15704,2.75
boyan,2,0,0,1.69
flung,2,0,0,3.33
gull,2,9078,12178,3.0
helplessness,2,14257,12746,2.91
indescribable,2,20141,21007,2.9
advocacy,2,10533,5074,3.9
glaze,2,13775,9176,3.28
repression,2,7300,7683,3.51
specialised,2,6219,41188,3.45
albeit,2,4587,6086,3.91
rooting,2,44839,32582,3.55
blanks,2,0,0,3.26
disrespectful,2,23267,16085,3.64
patricia,2,8967,0,3.76
ruble,2,0,0,2.62
snowdrift,2,40725,23999,1.9
brownish,2,25425,20941,3.13
pinyin,2,0,0,2.29
incise,2,33868,25389,1.59
ideograph,2,0,46090,1.07
enlightened,2,8804,10398,3.49
observance,2,12033,13271,3.13
hume,2,12690,0,3.34
appreciator,2,0,38063,1.46
kou,2,0,0,2.43
lickin,2,0,0,2.06
va,2,23293,0,4.26
forsake,2,18423,14525,2.91
regroup,2,19517,14053,3.06
oppressive,2,8659,9660,3.45
hydrate,2,46865,20682,3.03
miscommunication,2,0,23891,2.7
trauma,2,7569,4824,4.14
herald,2,7050,12546,3.95
shortterm,2,0,0,1.46
len,2,9131,0,3.43
goody,2,13848,26150,3.04
coherence,2,10272,11502,3.09
centrally,2,7770,14505,3.33
directive,2,3257,7595,3.71
lou,2,8277,0,3.94
gehrig,2,0,0,2.44
unwelcome,2,8638,12012,3.14
align,2,7857,5939,3.63
atwood,2,45359,0,3.04
franco,2,5907,0,3.73
thunderclap,2,43288,26929,2.5
knutsen,2,0,0,1.56
pitiful,2,14592,12810,3.24
grownup,2,44628,0,2.59
divine,2,4739,4052,4.24
rarest,2,0,0,3.07
unchangeable,2,34597,27994,2.41
morell,2,0,0,2.55
taihang,2,0,0,1.16
childcare,2,12978,0,3.4
cm.,2,0,0,4.27
focusing,2,34765,31788,4.25
anagnos,2,0,0,1.01
immeasurable,2,32614,22767,2.85
ketty,2,0,0,1.42
xiaohua,2,0,0,1.09
odes,2,0,0,2.54
rite,2,7121,6510,3.63
frugality,2,37757,23149,2.52
theodore,2,16435,0,3.67
mc,2,12431,0,4.0
iwould,2,0,0,1.73
ithink,2,0,0,2.07
photocopier,2,15046,29405,2.14
browser,2,25100,9689,3.89
steyer,2,0,0,2.17
problematic,2,7323,5561,3.87
crops,2,0,0,4.05
equitable,2,8215,9927,3.36
stubbornly,2,14761,13316,2.92
planter,2,16545,11642,3.1
yuck,2,41201,21884,3.06
classifying,2,0,0,2.95
inter,2,14320,19198,4.16
interrelate,2,23927,0,1.67
debut,2,4249,4455,4.52
stoddard,2,11058,0,2.75
leash,2,16925,10882,3.47
moviemaking,2,0,0,1.86
novels,2,0,0,4.1
libya,2,7416,0,3.82
acknowledgment,2,19902,9911,3.11
shattered,2,9672,10190,3.75
fyodor,2,0,0,2.55
yonkers,2,0,0,2.92
semi-autobiographical,2,0,0,3.12
horace,2,12318,0,3.52
conveyor,2,18499,13937,3.28
apprentice,2,6050,8593,3.7
adversary,2,9853,7244,3.29
doub,2,0,0,1.74
yutang,2,0,0,1.43
augustine,2,12624,0,3.51
paulo,2,16937,0,3.76
croft,2,16822,41728,3.17
oceanic,2,13204,13541,3.39
wuyi,2,0,0,1.47
mellow,2,14871,13523,3.32
roasting,2,20393,12682,3.34
ostracize,2,39917,18362,1.79
globalized,2,0,20792,2.57
researching,2,0,0,3.63
commenting,2,0,0,3.83
perspiration,2,16014,14005,2.68
tulsi,2,0,0,2.65
inborn,2,23742,23783,2.43
pleasurable,2,11542,14379,3.09
disharmony,2,22729,26405,2.34
mekong,2,41078,0,2.83
freak,2,13904,8971,4.08
bradley,2,10188,0,4.01
forcefully,2,13768,10569,3.26
humanize,2,38642,18160,2.45
elrond,2,0,0,2.22
circlet,2,33589,33478,2.02
bushy,2,18947,15683,2.98
barclay,2,15523,0,3.19
connectivity,2,29052,18177,3.56
specifics,2,0,0,3.52
frederik,2,41637,0,2.61
pohl,2,0,0,2.43
jr.,2,0,0,4.55
lagash,2,0,0,1.34
stellar,2,24124,7902,3.76
hazlitt,2,28174,0,2.43
ruling,2,3354,4026,4.29
brotherly,2,18970,20842,2.92
unspecified,2,11581,13801,3.3
vers,2,0,0,2.67
displeasure,2,14384,14542,3.14
yangming,2,0,0,1.04
biophysics,2,0,35001,2.58
modelling,2,6661,29592,3.7
genes,2,0,0,4.14
bock,2,0,0,2.8
planck,2,29132,0,3.02
heckel,2,0,0,1.72
integration,2,3170,3575,4.22
biofilm,2,0,30686,2.47
bacterial,2,8310,8586,3.73
diagnostic,2,7399,6657,3.83
alkaline,2,13049,19857,3.25
arable,2,10562,21874,2.96
montaigne,2,37455,0,2.56
compulsive,2,14830,11963,3.29
reassess,2,13984,14122,2.8
dependency,2,6214,7839,3.52
restlessness,2,19169,17178,2.8
shopaholic,2,0,43568,2.09
bullfighter,2,0,31031,2.24
mindfulness,2,0,24598,3.41
craze,2,15398,13958,3.35
qinghua,2,0,0,1.46
gentler,2,0,0,2.87
dissatisfaction,2,7755,8530,3.32
athenians,2,0,0,2.72
accuser,2,23013,12584,2.99
numbness,2,21440,16390,2.89
valve,2,5127,5952,4.13
stirr,2,0,0,1.24
reinventing,2,0,0,2.84
sava,2,0,0,2.39
xiaoming,2,0,0,1.77
schooler,2,0,0,2.72
twirl,2,20580,10782,2.69
pluck,2,7624,6870,3.13
transcribe,2,11892,9467,2.69
mtv,2,28026,0,3.87
shootout,2,39670,13840,3.51
tens,2,0,0,3.89
calve,2,27823,26130,1.96
recharge,2,15059,13845,3.4
internally,2,7769,8800,3.75
willis,2,9146,0,3.69
imagining,2,20721,20374,3.65
borning,2,0,0,1.23
scoreboard,2,24582,15637,3.21
interdependent,2,15535,14814,2.64
multi,2,16015,21867,4.54
upland,2,7376,13478,3.07
lowlands,2,0,0,2.91
highlands,2,0,0,3.65
landform,2,18162,27178,2.03
infertile,2,20963,17816,2.86
ningxia,2,0,0,2.02
eurasia,2,39152,0,3.01
horsemen,2,0,0,3.21
openness,2,8722,7321,3.4
inclusiveness,2,0,21051,2.61
xiaodong,2,0,0,1.51
roadmap,2,0,27190,3.16
empathetic,2,34377,17215,2.94
pedicab,2,0,40974,1.79
cadence,2,21748,12193,3.12
reshape,2,14290,9382,2.87
abab,2,0,0,1.41
metrical,2,27522,31272,2.43
bonnie,2,16340,0,3.66
philosophic,2,23689,19302,2.44
flourishing,2,13769,15396,3.29
immortalize,2,36217,17923,2.06
exult,2,21160,20109,1.8
printmaker,2,45687,25862,2.11
copybook,2,39502,39976,1.76
plutarch,2,28917,0,2.71
gracefulness,2,0,38586,1.66
structuring,2,16158,19164,2.98
secular,2,5841,4219,3.95
typeset,2,44241,0,2.21
wordy,2,33817,31692,2.56
pu,2,30864,0,3.44
abolitionist,2,17978,17150,2.74
formalize,2,16126,17424,2.47
wrongdoer,2,33128,25798,1.93
lawmaker,2,34834,4685,3.07
breathalyzer,2,0,31277,2.39
deviation,2,6723,6460,3.4
dreamy,2,19529,12473,3.23
correlation,2,3912,3502,3.86
poetess,2,37982,37868,2.01
myers,2,20853,0,3.73
osborne,2,10498,0,3.6
45th,2,0,0,3.39
diego,2,10658,0,4.36
doubtfully,2,17014,25146,1.84
eli,2,27332,0,3.74
silverman,2,35699,0,3.07
waterhole,2,39008,36580,2.27
domesticate,2,37335,26128,2.09
handler,2,15064,8873,3.5
craftspeople,2,40758,0,2.17
skywalk,2,0,45815,2.1
igloos,2,0,0,2.04
understatement,2,14115,13139,3.36
thestreet,2,0,0,1.72
biographical,2,10542,13287,3.38
treate,2,0,0,1.14
schopenhauer,2,30636,0,2.54
quill,2,21041,18789,3.11
nichols,2,16772,0,3.58
adair,2,27769,0,2.83
ican,2,0,0,2.32
easygoing,2,35240,14293,2.65
winchester,2,6687,0,3.56
schindler,2,0,0,2.69
chronicle,2,7920,8992,3.7
btp,2,0,0,1.99
turandot,2,0,0,1.91
giacomo,2,38997,0,2.79
puccini,2,38403,0,2.61
dal,2,17964,25861,3.25
ireally,2,0,0,1.2
tracey,2,8292,0,3.31
emin,2,0,0,2.57
heatstroke,2,0,33027,2.31
haiphong,2,0,0,1.83
comprehensively,2,13787,21055,2.96
anchorage,2,16425,21356,3.42
temperatures,2,0,0,4.33
bahamas,2,15946,0,3.53
lilies,2,0,0,3.15
uffizi,2,44147,0,2.17
summertime,2,21397,12031,3.25
flodden,2,48245,0,1.89
wearer,2,19005,16475,3.08
stukeley,2,31013,0,1.66
amidst,2,8672,9845,3.56
monochrome,2,21074,18726,3.04
uniqueness,2,14418,11887,3.21
ladle,2,26293,17083,2.66
ursa,2,0,0,2.62
renmin,2,0,0,2.21
footwork,2,21097,21687,3.12
yangshuo,2,0,0,1.3
crosstalk,2,0,14765,2.37
ahigh,2,0,0,1.06
unprepared,2,13693,10843,3.27
paddington,2,11724,0,3.11
thermopolis,2,0,0,1.72
pirie,2,46948,0,2.46
brooke,2,8117,0,3.76
collins,2,5392,0,4.15
man-eating,2,0,0,4.81
cove,2,12298,12127,3.64
camerawoman,2,0,0,1.5
non-recyclable,2,0,0,2.67
imbalance,2,7792,8131,3.46
longtime,2,33518,3536,3.73
reinterpret,2,34548,24936,2.26
claudius,2,27075,0,2.93
scholars,2,0,0,4.12
illogical,2,13799,18157,3.09
fauna,2,9188,12609,3.52
1910s,2,0,0,2.15
trudge,2,12256,10705,2.4
tint,2,18719,15007,3.22
wuthering,2,0,0,2.53
agnes,2,6292,0,3.57
mobility,2,4407,5701,4.05
shooter,2,23710,6706,4.05
gretzky,2,0,0,2.8
nhl,2,0,0,4.02
yelena,2,0,0,2.43
isinbayeva,2,0,0,1.41
dell,2,13287,21091,3.67
diro,2,0,0,1.45
monaco,2,16876,0,3.65
nominee,2,12006,4081,3.96
usain,2,0,0,2.95
steeliest,2,0,0,0.0
hamm,2,47371,0,2.9
hague,2,8304,0,3.65
mam,2,9355,27236,3.23
surrey,2,4190,40729,3.77
nautilus,2,0,26809,2.87
evolutionary,2,5490,5393,3.82
isabela,2,0,0,2.37
poplar,2,15027,14967,3.07
fungi,2,0,0,3.48
xining,2,0,0,1.33
southall,2,16885,0,2.44
taihu,2,0,0,1.45
spiderman,2,0,0,3.2
scriptwriter,2,24543,30245,2.37
uninhabited,2,18836,19593,3.01
macedonia,2,13435,0,3.37
venetian,2,10398,11937,3.3
nonfinite,2,0,0,1.09
extended,2,4500,4083,4.64
wotton,2,41301,0,2.26
sybil,2,13388,0,2.91
anton,2,12847,0,3.59
pavlovich,2,0,0,1.93
chekhov,2,33878,0,2.73
unremitting,2,18973,25055,2.23
johannes,2,47228,0,3.19
brahms,2,17438,0,2.9
bancroft,2,36673,0,2.99
innovator,2,15575,13500,3.01
vengeful,2,20123,18155,3.0
allies,2,0,0,4.27
uprising,2,10350,7738,3.74
morale,2,5631,7507,3.66
romantically,2,19297,18493,3.09
zha,2,0,0,1.92
jingyu,2,0,0,1.49
martyr,2,8636,8377,3.46
shakey,2,0,0,2.24
nanorobots,2,0,0,1.3
foreshadow,2,18942,15685,2.39
chuckle,2,8251,6334,3.52
pearce,2,8258,0,3.45
dou,2,0,0,2.64
impotent,2,13692,15525,3.04
freelance,2,11320,8780,3.68
lining,2,7666,9435,3.88
ballads,2,0,0,3.16
papers,2,0,0,4.61
macfarlane,2,27726,0,2.95
bluebell,2,22259,35502,2.53
contamination,2,8108,6525,3.7
ebb,2,13680,14957,3.04
cummings,2,24664,0,3.46
a.a.,2,0,0,2.77
modernise,2,12559,0,2.52
comely,2,25290,24705,2.36
personage,2,19224,19862,2.38
countenance,2,14013,18208,2.91
doctoral,2,24041,7920,3.55
metamorphosis,2,19821,14465,3.03
paralysis,2,13729,9996,3.48
antoni,2,43537,0,2.89
gaud,2,0,0,1.85
aquatics,2,0,0,2.57
lofty,2,11649,9596,3.34
forenoon,2,43027,0,1.76
impel,2,18896,16966,2.36
woodchopper,2,0,0,1.13
innisfree,2,0,0,2.08
mun,2,0,0,3.01
doubting,2,35068,35251,3.31
bethany,2,0,0,3.32
ups',2,0,0,4.41
spender,2,20167,18898,2.76
khloe,2,0,0,2.91
kare,2,0,0,2.39
peale,2,0,0,2.47
hub,2,9909,6564,4.08
dictionaries,2,0,0,3.18
sans,2,20787,0,3.58
sierra,2,8107,0,4.06
leone,2,17573,0,3.64
pascal,2,16800,0,3.39
cpc,2,37462,0,3.16
abolition,2,5158,13737,3.51
ideological,2,4059,4216,3.77
aral,2,0,0,2.39
fertilise,2,23467,0,1.93
clouded,2,36598,31311,3.06
hedgehog,2,10435,22598,3.25
unheard,2,13738,11640,3.37
harmoniously,2,22094,25314,2.56
icu,2,0,13571,3.25
signatory,2,10479,17290,2.92
operative,2,11393,10270,3.86
temperamental,2,18556,18395,2.75
timidity,2,32617,22528,2.34
prudent,2,8554,8823,3.41
affliction,2,18812,13678,3.11
voluntarily,2,8592,7341,3.72
exertion,2,14183,12337,2.9
forbearance,2,22490,22860,2.48
oakley,2,16354,0,3.27
contemptuous,2,14671,16734,2.64
bidder,2,8203,11394,3.48
indistinct,2,19624,17925,3.02
clatter,2,12567,13632,2.65
benevolent,2,9977,11475,3.34
bawl,2,15760,17618,2.32
torrent,2,11348,11727,3.43
densely,2,11498,11786,3.42
crashing,2,19058,16055,3.84
wedge,2,8502,6257,3.62
nausea,2,12346,9312,3.54
plans,2,0,0,5.01
weiqi,2,0,0,1.3
bali,2,23214,0,3.69
congressional,2,9334,2309,4.19
decisionmaking,2,0,0,2.11
josie,2,13462,0,3.18
belgian,2,6974,10401,3.82
happinesses,2,0,0,1.3
cramm,2,0,0,1.07
tyl,2,0,0,1.95
cellist,2,34889,20324,2.71
fondness,2,14931,13090,3.14
q1,2,0,0,3.21
bulgarian,2,12968,20036,3.81
murong,2,0,0,1.95
memories,2,0,0,4.5
bonding,2,12577,9745,3.68
barcode,2,0,0,2.89
rediscovery,2,22712,21981,2.51
scaly,2,22479,20772,2.81
tunisia,2,15711,0,3.57
fiery,2,8727,7833,3.57
re-enter,2,0,0,4.67
breathtakingly,2,34009,26007,2.49
humphry,2,39820,0,2.26
compartment,2,6120,6561,3.64
tolstoy,2,16891,0,3.0
astern,2,27526,28202,2.52
ramm,2,0,0,1.79
malignancy,2,25224,18816,2.65
homemaker,2,39481,13643,2.8
limelight,2,14373,13746,3.11
mademoiselle,2,17490,0,2.98
surmise,2,18427,13492,2.67
notary,2,27268,25416,3.11
yawning,2,19088,20477,3.04
dresser,2,12261,8499,3.36
castor,2,21910,24827,3.18
flicker,2,7339,8044,3.1
coelacanth,2,0,46410,1.75
champ,2,16979,7815,3.9
sacrificial,2,18876,15804,3.08
reining,2,0,0,2.37
xing,2,0,0,2.73
untamed,2,22966,21786,2.75
abyss,2,14950,11847,3.4
gravitational,2,8363,9340,3.49
outstretch,2,0,0,0.0
travelogue,2,33310,25368,2.46
hol,2,33679,0,2.79
sistine,2,35226,22991,2.64
kathleen,2,7419,0,3.6
endlessly,2,9645,8760,3.46
whereby,2,3568,8497,3.74
affix,2,21256,13876,2.63
kaufmann,2,0,0,2.75
pajama,2,0,0,2.81
underclothing,2,0,45517,1.37
jockey,2,5884,9512,3.57
macintosh,2,7490,0,3.1
wheatley,2,23531,0,2.92
anti-malarial,2,0,0,2.35
warmest,2,0,0,3.2
caucasus,2,22934,0,3.35
cochrane,2,17381,0,3.11
timer,2,12427,11074,3.68
ricardo,2,16655,0,3.41
vidal,2,26977,0,3.19
dds,2,0,0,2.82
mayo,2,16719,21530,3.72
brushing,2,24318,28428,3.5
parkinson,2,9189,0,3.21
footage,2,14681,5899,4.31
kings',2,0,0,4.41
sub-topics,2,0,0,4.12
superdome,2,0,0,2.32
popularise,2,20270,0,2.07
rebound,2,18845,5885,3.53
muggle,2,0,0,2.54
unwisely,2,20462,28623,2.39
flipper,2,25713,18376,2.8
lithium,2,24711,15717,3.56
unlearn,2,35612,28378,2.45
parental,2,4846,4103,3.78
cleanliness,2,11509,15059,3.26
helplessly,2,10403,12476,2.8
wordie,2,0,0,1.02
objectivity,2,9160,10485,3.1
q.,2,0,0,4.56
intimacy,2,7930,5670,3.64
individualise,2,37384,0,1.21
zoid,2,0,0,1.7
privateness,2,0,0,0.0
marshalling,2,25552,0,2.42
sloth,2,22340,19039,3.1
pruning,2,12963,15888,3.05
confute,2,0,0,1.07
distil,2,14338,17042,2.04
subtile,2,0,0,1.55
unskilled,2,8991,14484,3.05
apa,2,0,0,3.32
moderately,2,9744,8132,3.56
fireside,2,19556,22071,2.73
minoan,2,13583,42037,2.45
villainy,2,33549,30981,2.6
pre-qin,2,0,0,3.05
conservancy,2,22060,26028,3.05
deject,2,0,0,1.11
heinrich,2,16627,0,3.3
naught,2,24405,19606,2.96
der,2,12110,0,4.16
lieder,2,47961,0,2.19
hither,2,21659,25331,2.79
thither,2,22705,33917,2.52
anguish,2,7720,8411,3.37
verge,2,6843,6637,3.67
mystic,2,13113,14288,3.6
personalised,2,15028,0,3.17
microprocessor,2,10933,12718,2.92
amyotrophic,2,0,33412,2.37
undy,2,0,0,1.14
wilkins,2,16649,0,3.32
jenkins,2,6676,0,3.84
lera,2,0,0,1.63
mri,2,0,16362,3.56
jonas,2,44992,0,3.74
flammable,2,25367,18206,3.17
mapp,2,0,0,2.38
drc,2,0,0,2.97
anthem,2,10216,9491,3.91
museums,2,0,0,3.89
savour,2,9959,40287,2.78
stalwart,2,18702,17482,2.91
gubernatorial,2,30543,13439,3.23
langhorne,2,0,0,2.26
heiner,2,0,0,2.03
roles,2,45310,0,4.44
assistive,2,0,18455,2.58
physiological,2,8196,8058,3.54
disengage,2,19496,13810,2.9
generalisation,2,12216,0,2.47
hirohito,2,47784,0,2.22
economise,2,21387,0,1.6
overdraft,2,9950,25476,2.84
subzone,2,0,0,1.65
scarcity,2,15257,9799,3.37
cowrie,2,0,28706,1.76
psychologically,2,11413,9081,3.35
forgo,2,18571,12568,2.99
mid-1800s,2,0,0,1.29
casting,2,9808,7940,4.15
malacca,2,0,0,2.84
decency,2,9570,10391,3.5
approaching,2,12094,12934,4.17
ploughboy,2,0,0,1.1
parting,2,9707,13652,3.37
satchel,2,26309,16862,2.9
pard,2,0,0,1.96
zhen,2,0,0,2.69
eople,2,0,0,1.39
reborn,2,20474,15513,3.39
prole,2,48966,42730,1.79
wakatipu,2,0,0,1.59
expo.,2,0,0,3.64
naan,2,0,37481,2.58
tandoor,2,0,0,1.79
messiest,2,0,40258,1.78
downton,2,41255,0,2.93
jigsaw,2,11215,15739,3.15
arcade,2,8921,12052,3.73
ite,2,0,0,2.7
lagos,2,23807,0,3.64
hutchins,2,36880,0,2.89
guglielmo,2,0,0,2.09
marconi,2,21575,0,2.73
chicle,2,0,43998,1.51
quess,2,0,0,1.54
edem,2,0,0,1.74
fels,2,0,0,2.13
rubens,2,23856,0,2.83
skinned,2,32827,24342,3.54
suntan,2,21851,23214,2.28
a-c,2,0,0,5.33
nema,2,0,0,2.42
overpriced,2,24387,17331,3.12
parisian,2,14515,13432,3.28
rowing,2,10192,13556,3.39
meek,2,15472,14061,3.32
holidaymaker,2,15078,0,1.65
luca,2,25583,0,3.38
jed,2,11013,0,3.14
outback,2,24588,21877,3.21
jez,2,30608,0,2.52
neon,2,12646,7977,3.64
smithsonian,2,26100,0,3.4
categorize,2,15349,7985,2.92
romero,2,27064,0,3.34
liautaud,2,0,0,1.32
bowers,2,25296,0,3.11
patten,2,6310,0,2.89
hawthorne,2,25433,0,3.25
ukraine,2,6297,0,4.32
coakley,2,0,0,2.38
kearney,2,43810,0,3.1
sharma,2,42729,0,3.48
sioux,2,40476,13460,3.44
svp,2,0,0,2.72
dillon,2,24177,0,3.47
elvington,2,0,0,1.25
dagmar,2,0,0,2.21
katrin,2,45184,0,2.34
contrastive,2,44138,38892,2.04
ishould,2,0,0,1.21
johanna,2,28964,0,3.09
sweetest,2,0,0,3.41
roberta,2,23567,0,3.16
danke,2,0,0,2.22
satir,2,0,0,1.58
overmuch,2,32992,40202,1.71
tran,2,26152,0,3.09
andron,2,0,0,1.31
haiyan,2,0,0,2.17
ofthe,2,0,0,3.33
glassy,2,16151,15665,2.78
unspeakable,2,20334,14026,3.12
steinbeck,2,41878,0,2.67
tomlinson,2,16315,0,3.22
earthy,2,18776,12783,3.02
dina,2,39224,0,3.09
unimagined,2,37242,30163,1.84
unregulated,2,20464,13363,3.07
fairview,2,0,0,2.87
dakotas,2,0,0,2.43
fled,2,0,0,4.05
obsolete,2,11255,8876,3.65
medicinal,2,12545,11688,3.53
imperfectly,2,19250,22507,2.37
dubb,2,0,0,1.57
ang,2,43828,0,3.52
yates,2,15598,0,3.48
curran,2,17475,0,3.04
redone,2,46349,0,2.86
suzuki,2,24077,0,3.43
nadim,2,0,0,2.01
cents,2,0,0,4.36
ouyang,2,0,0,2.16
truman,2,13285,0,3.56
capote,2,0,0,2.59
gasher,2,0,0,0.0
hardwick,2,0,0,2.92
iwonder,2,0,0,1.11
doggie,2,41123,22080,3.0
hind,2,11882,11869,3.5
truckload,2,36982,16632,2.68
oregon,2,21562,0,4.3
milkshake,2,0,24118,3.03
howe,2,9064,0,3.52
jarvis,2,13180,0,3.37
prelude,2,9954,11839,3.3
olden,2,24982,24123,2.84
cosette,2,0,0,2.21
quickness,2,33316,15700,2.83
insecurity,2,9474,8267,3.56
sf,2,17395,0,3.88
broadest,2,0,0,2.97
burner,2,14264,8217,3.54
overfill,2,0,0,1.77
ratatouille,2,43762,32594,2.52
camilla,2,17816,0,3.24
yanjun,2,0,0,1.2
duncan,2,4414,0,4.02
becker,2,12778,0,3.48
shenandoah,2,0,0,2.85
cantata,2,28520,28749,2.44
unmistakable,2,10175,9884,3.08
shakira,2,0,0,2.96
gazelle,2,24492,22494,2.87
conqueror,2,11626,16027,3.21
rijksmuseum,2,0,0,2.2
yixing,2,0,0,1.9
caged,2,20773,19757,3.06
uninformed,2,18889,17626,2.99
cathay,2,26530,0,2.78
ethiopian,2,13112,10499,3.51
yodelling,2,0,0,1.81
sandstone,2,9096,12256,3.57
backdrop,2,8605,6700,3.58
salzburg,2,13324,0,3.0
defective,2,7186,10995,3.57
disinterested,2,14234,15175,2.91
confide,2,7864,7928,2.9
redefine,2,11844,7563,3.09
fantastical,2,32746,23152,2.96
refinement,2,8664,10637,3.2
emphase,2,0,0,0.0
parks,2,0,0,4.33
xuhui,2,0,0,1.04
jing'an,2,0,0,1.02
marrakesh,2,0,0,2.52
merzouga,2,0,0,1.09
amboseli,2,0,0,1.85
irwin,2,13078,0,3.57
spacewalking,2,0,0,1.3
warriner,2,0,0,1.98
quartermaster,2,33606,28571,3.04
concerted,2,11111,11285,3.27
irreparable,2,20563,20436,2.91
borobudur,2,0,0,1.92
kyrgyzstan,2,0,0,3.14
groundbreaking,2,0,14532,3.46
railing,2,9933,7653,3.26
stent,2,31811,20962,2.82
greyish,2,23192,0,2.65
uncontrollable,2,14049,13161,3.16
brim,2,15159,12307,3.06
hiram,2,44995,0,2.95
shaper,2,36943,26327,2.59
newsworthy,2,22160,19310,2.79
honore,2,0,0,2.23
accessibility,2,12242,10407,3.51
unstoppable,2,18467,16065,3.48
nicole,2,17742,0,3.99
midfield,2,6825,24807,3.62
eugenio,2,0,0,2.51
mid-1950s,2,0,0,2.47
undoubted,2,11250,32626,2.61
uav,2,0,0,2.93
celine,2,0,0,3.16
vr.,2,0,0,3.83
misinformation,2,22994,14822,3.27
kwon,2,0,0,3.07
jameson,2,22430,0,3.19
nanometre,2,0,0,1.5
x.,2,0,0,5.2
resourceful,2,18468,14594,3.08
unlit,2,20741,19976,2.44
patrolman,2,47415,18748,2.59
excell,2,0,0,2.0
grandad,2,12916,36537,2.99
fundamentally,2,6126,5593,3.77
disinterest,2,23045,21258,2.56
punctuality,2,21572,26459,2.73
kissing,2,14976,13070,3.97
unwritten,2,15468,16814,3.05
saunder,2,0,0,1.35
navajo,2,36477,7701,3.25
cad,2,12971,25720,3.41
birkbeck,2,27895,0,2.29
unambiguous,2,11976,15946,2.89
smartglass,2,0,0,1.41
overly,2,13829,6079,3.83
mag,2,16063,19418,3.71
quanti,2,0,0,1.35
crackle,2,15844,11427,2.78
asker,2,0,0,2.08
speical,2,0,0,1.21
barbarian,2,12139,14613,3.28
strengths,2,0,0,3.83
hotspot,2,39777,27685,3.17
abusive,2,11729,7131,3.87
swoop,2,10134,9667,3.2
nished,2,0,0,1.02
lark,2,11966,18477,3.14
motherly,2,23389,20565,2.72
boldness,2,18931,17474,2.9
venn,2,42296,0,2.75
promoter,2,4893,8429,3.56
bygone,2,19260,17359,2.83
classi,2,0,0,1.7
delimit,2,23695,24542,2.02
manifold,2,19661,21492,3.32
mourner,2,15189,12726,2.25
duanwu,2,0,0,1.01
boatman,2,16965,26945,2.5
agra,2,28355,0,2.93
roleplay,2,0,0,2.82
bern,2,29303,0,3.14
neutrality,2,9055,12204,3.67
inheritance,2,4765,7658,3.8
fiordland,2,0,0,1.8
trekking,2,49569,34766,3.02
satirical,2,14869,16899,3.36
beidler,2,0,0,1.11
spades,2,0,0,3.14
rustle,2,15551,12778,2.72
ahora,2,0,0,2.31
camino,2,0,0,2.93
ock,2,0,0,2.33
plainclothes,2,0,22800,2.39
buoyancy,2,15508,19259,2.95
workmanship,2,14448,19592,3.09
tribespeople,2,49029,0,1.68
maximise,2,7248,0,3.1
scour,2,11212,9501,2.97
exempli,2,0,0,1.23
avenger,2,23906,22887,3.09
myron,2,0,0,2.88
krueger,2,0,0,2.86
disconnection,2,23722,23515,2.66
touchable,2,0,35163,1.81
ifr,2,0,0,2.5
acronym,2,19145,13493,3.38
handover,2,20526,23295,2.96
yimou,2,0,0,1.74
pointer,2,7872,10648,3.62
lowell,2,17895,0,3.44
queerness,2,0,45901,2.14
beekeeper,2,44173,22118,2.54
tribesmen,2,0,0,2.83
embark,2,4496,6575,3.4
tubman,2,0,0,2.55
accumulation,2,5822,8460,3.59
herculean,2,33301,22524,2.52
matchless,2,32807,31177,2.45
weightlessness,2,37075,22320,2.43
cumulus,2,33678,27229,2.57
smoothness,2,18682,18492,2.85
easiness,2,46407,41444,1.97
pheidippides,2,0,0,1.39
logos,2,0,0,3.53
friendliest,2,0,0,2.71
subdivide,2,14799,17117,2.27
dab,2,16096,13779,3.32
farce,2,11224,13948,3.33
embarrassingly,2,19310,21827,2.77
rudeness,2,19928,20293,2.91
boutonniere,2,0,43667,1.68
altar,2,5800,5661,3.8
filipino,2,26574,13229,3.68
addison,2,17115,0,3.47
massively,2,11778,16584,3.51
muzzle,2,16440,12452,3.31
thickest,2,0,0,2.62
inhumane,2,23087,19515,3.14
colonise,2,15908,0,2.27
revitalise,2,15435,0,2.24
jargon,2,8660,12425,3.24
euphemism,2,18533,15077,2.92
fort,2,7202,7497,4.45
pictographic,2,0,40286,1.69
ideographic,2,0,41817,1.71
pictogram,2,45040,38953,1.8
vicinity,2,7578,9483,3.8
spin-off,2,0,0,4.37
cards,2,0,0,4.76
replica,2,8571,9266,3.67
sister-in-law,2,0,0,4.83
fateful,2,14139,12405,3.06
sheltered,2,7692,13256,3.48
unplanned,2,19467,17355,3.14
drumbeat,2,37848,19131,2.35
after-class,2,0,0,5.29
infrequent,2,11244,14702,2.99
j.k.rowling,2,0,0,0.0
baths,2,0,0,3.67
skis,2,0,0,3.19
loaves,2,0,0,2.92
abide,2,9496,8457,3.59
confined,2,14037,20015,3.82
drafted,2,0,37010,3.91
whispers,2,0,0,3.57
fours,2,39487,0,3.24
eyebrows,2,0,0,3.75
limits,2,0,0,4.47
eldest,2,5582,9528,3.69
erg,2,0,36024,2.58
duple,2,0,0,1.69
distinguishable,2,14333,20103,2.87
append,2,15216,21575,2.64
wrest,2,18675,15051,2.63
pre-,2,0,0,4.95
aide,2,9020,3035,3.69
homo,2,24304,20144,3.61
mechanize,2,35927,25544,1.59
mechanise,2,0,0,1.07
accomplished,2,11383,8941,4.15
added,2,4299,4550,5.16
catering,2,5735,15380,3.64
earthen,2,33909,17960,2.84
forbidding,2,11423,13550,3.07
likable,2,0,14642,2.96
open-ended,2,0,0,4.81
ostensibly,2,9743,9156,3.35
paintball,2,0,30864,3.03
raspberry,2,12399,8821,3.5
tamer,2,47135,33101,2.74
treasury,2,2900,9660,4.24
businesswomen,2,0,0,2.25
chairwomen,2,0,0,0.0
housewives,2,0,0,3.4
spokeswomen,2,0,0,1.23
stateswomen,2,0,0,0.0
midterm,2,0,14367,3.31
playgoer,2,0,39108,0.0
sceptic,2,12024,45147,2.5
skeptic,2,0,8771,2.89
high-speed,2,0,0,4.93
knowing,2,14767,12589,4.76
finder,2,21719,13102,3.28
dietary,2,7418,6366,3.7
trusting,2,14540,14694,3.72
buried,2,14772,13069,4.4
unsatisfied,2,19644,21308,2.98
see-saw,2,0,0,5.27
taster,2,22214,21858,2.71
space-age,2,0,0,4.97
proven,2,8687,7713,4.33
capitalism,2,3758,5107,3.97
admiring,2,14187,15911,3.3
ar,2,18187,0,4.06
augmented,2,36262,32052,3.5
turnover,2,2796,6125,3.78
intolerable,2,8495,12516,3.17
supermodel,2,29126,17789,3.1
self-respect,2,0,0,4.83
finalize,2,22073,12467,2.89
shotgun,2,9088,5379,3.81
earner,2,9887,13935,2.94
transparency,2,11856,8532,3.9
rolling,2,5279,4298,4.47
forecasted,2,0,44292,2.67
duty-free,2,0,0,4.66
rightful,2,11388,13054,3.38
occurred,2,0,0,4.57
passers-by,2,0,0,2.85
spokesmen,2,0,0,2.7
handkerchiefs,2,0,0,2.55
handkerchieves,2,0,0,0.0
adopted,2,11917,10543,4.51
allowable,2,16005,16708,2.97
alternatively,2,4030,10494,3.81
belted,2,27588,28386,2.8
betting,2,12238,16416,4.0
breathlessly,2,17554,18358,2.42
capitalised,2,0,0,2.43
carefulness,2,43224,43513,1.61
challenged,2,0,25967,4.09
coincidental,2,19109,18156,2.95
colorfully,2,0,24655,2.07
colourfully,2,35950,0,1.73
commercialization,2,35213,15905,2.98
considerately,2,41618,40035,1.66
continued,2,3423,3268,4.96
contractor,2,4160,3745,4.08
controlled,2,5572,7349,4.59
diarrhea,2,0,10522,3.55
difficultly,2,0,0,1.97
discoverer,2,22552,21973,2.7
domination,2,6158,7356,3.7
dreadfully,2,15546,24065,2.7
educationalist,2,16408,0,1.72
energetically,2,18656,18803,2.76
feathered,2,20528,16019,3.05
flagship,2,12170,11371,3.75
flavouring,2,23930,0,2.36
focussed,2,37919,42895,3.13
folding,2,15032,10138,3.7
humanism,2,16804,15197,2.99
insulting,2,9997,12529,3.7
labor-saving,2,0,0,4.37
marcher,2,16390,17486,1.95
materially,2,14256,17329,3.36
memorisation,2,0,0,1.63
microblogging,2,0,0,2.04
mounting,2,13842,13081,3.86
ordered,2,11381,16328,4.74
painless,2,18649,13959,3.16
passively,2,14067,15929,3.01
preferred,2,5286,5900,4.35
purposely,2,18445,12353,3.44
resolved,2,45127,31135,4.1
satisfactorily,2,8446,17786,2.83
selfishly,2,32906,27041,2.64
sexually,2,5579,4046,4.13
spiritually,2,14336,10856,3.29
spoilt,2,21132,0,3.1
stimulating,2,7608,10078,3.54
straightforwardly,2,22100,27052,2.31
striped,2,8658,8125,3.54
structured,2,6182,8384,3.82
stupidly,2,20048,19195,2.98
swelling,2,14561,9722,3.68
symbolically,2,14606,12511,2.97
toughly,2,0,43614,1.27
truthfully,2,14850,14396,3.23
unfairness,2,15688,17657,2.81
usefully,2,9532,21126,2.58
variously,2,9819,13051,3.19
competency,2,21574,7316,3.27
alumni,2,25813,0,3.89
appetizer,2,0,9260,2.86
cactus,2,20358,9315,3.4
courteous,2,11608,14858,3.2
decathlon,2,42688,26334,2.57
deceptive,2,13758,11485,3.34
den,2,9595,6303,4.01
deterioration,2,7119,8990,3.43
distressing,2,9584,13936,3.2
disuse,2,18962,25336,2.59
dominance,2,5432,6288,3.83
elevated,2,11830,7668,4.03
cetera,2,0,0,2.96
fend,2,11131,9011,3.21
fleeting,2,10002,10517,3.32
funfair,2,34086,0,2.2
grumble,2,8731,8559,2.8
gutted,2,22382,24119,3.4
habitant,2,0,0,1.37
inertia,2,11341,12961,3.17
inlet,2,12339,13676,3.45
malfunction,2,19854,14802,3.29
merciless,2,19050,16892,3.04
optimal,2,7434,7002,3.94
orchid,2,10152,9332,3.3
raging,2,14436,11166,3.65
ransom,2,11756,11907,3.68
schoolhouse,2,34498,14735,2.92
shovel,2,11858,7249,3.5
stammer,2,16868,14314,2.49
stance,2,3715,4447,4.05
urbanization,2,23737,13960,3.04
vigilant,2,14346,11523,3.34
vodcast,2,0,0,0.0
voiced,2,35292,32757,3.76
watchman,2,16530,17150,3.01
conceivable,2,9614,10412,3.17
hasty,2,11493,12658,3.29
sovereignty,2,5195,4852,3.86
unhelpful,2,11437,22565,2.99
blunder,2,12081,13190,3.13
contrive,2,9718,15323,2.18
indecent,2,10322,16264,3.21
commonsense,2,11759,21690,2.65
alteration,2,4349,9007,3.33
responsive,2,7740,6912,3.7
plight,2,6906,7410,3.46
superstitious,2,14759,14286,3.14
unqualified,2,11500,14210,3.19
compensation,2,2611,3796,4.33
premium,2,3744,4801,4.33
extravagance,2,13942,17144,2.81
renovation,2,12063,7265,3.74
formidable,2,5358,6229,3.65
radicalism,2,12731,16531,2.89
adjoin,2,11337,17562,1.97
edict,2,18967,15238,3.1
simultaneously,2,3788,3662,4.17
resentment,2,5323,5813,3.61
cultivated,2,11695,13324,3.6
feeble,2,9622,12083,3.21
prestige,2,5659,6691,3.75
hamper,2,8427,9044,3.26
paragon,2,18984,19134,3.05
fabricate,2,14422,10365,2.89
unveil,2,6190,6721,3.2
monopoly,2,3446,5686,3.84
monopolize,2,23741,17391,2.47
monopolise,2,19820,0,1.84
glowing,2,8747,7437,3.75
analogue,2,13033,19447,3.28
hoist,2,9877,9437,3.12
permeate,2,11301,9622,2.63
scrutiny,2,5038,4964,3.74
plead,2,3778,3525,3.63
sophisticate,2,37736,28011,1.77
tactic,2,3824,3288,3.71
retribution,2,11728,11613,3.38
exsert,2,0,0,0.0
insertion,2,9116,14660,3.36
aggressor,2,15445,13396,3.01
digress,2,19688,24122,2.76
procreate,2,44852,29588,2.54
tact,2,13954,17499,3.08
counterbalance,2,18862,17725,2.74
countermand,2,27870,34472,1.8
contort,2,20536,17409,2.03
extort,2,20836,19443,2.82
ancestry,2,14094,10801,3.5
undervalue,2,14849,17921,2.35
educationist,2,24687,42949,1.95
eminent,2,8632,11109,3.56
stroll,2,10056,5880,3.54
futile,2,9535,9374,3.39
ascribe,2,7963,10907,2.75
transient,2,10341,10735,3.37
dismissal,2,3990,8931,3.72
submissive,2,19364,17954,3.25
permissive,2,15236,18103,2.77
declaim,2,21390,25530,1.57
identifiable,2,7742,10546,3.37
defection,2,15083,13837,2.91
multitude,2,8452,8435,3.59
infuse,2,15117,8860,2.82
predominant,2,10173,11628,3.28
insulate,2,11805,10264,2.83
bribery,2,13909,13292,3.4
adjacent,2,5391,6649,4.12
adverse,2,5120,6307,3.89
alloy,2,10493,11808,3.61
analytic,2,15952,12062,3.31
assassinate,2,11958,8844,3.2
audit,2,3172,5503,4.04
avert,2,7737,7555,3.14
benign,2,8679,6988,3.51
coalition,2,2996,2241,4.23
commend,2,7594,10548,3.25
connexion,2,21942,40915,2.46
conspiracy,2,5072,4229,4.26
constituent,2,4050,5746,3.58
cordial,2,19234,14433,3.1
corrode,2,20384,19273,2.4
credential,2,0,6165,2.75
deduct,2,7941,11281,3.09
denote,2,6148,9748,3.29
desolate,2,11752,12016,3.17
deviate,2,11974,13796,3.06
dilute,2,7662,9506,3.18
dividend,2,3056,5827,3.82
endow,2,8684,9907,2.43
envisage,2,3832,16510,2.7
epoch,2,15275,12794,3.19
exempt,2,8874,9520,3.78
formulae,2,0,0,2.77
gauge,2,6448,6046,4.02
henceforth,2,11925,17401,3.08
heroin,2,5879,5859,3.92
ideology,2,3078,3644,4.02
impetus,2,6984,9359,3.27
inaugurate,2,12168,11908,2.57
incur,2,4012,8042,3.3
inhibit,2,5110,7404,3.34
intimidate,2,9564,6635,3.31
inventory,2,7219,3967,4.14
irrespective,2,0,14501,3.41
lad,2,2455,9364,3.9
lapse,2,9458,9939,3.49
latent,2,7284,11997,3.27
levy,2,7232,13303,3.85
malignant,2,10474,12287,3.33
mobilize,2,12647,6235,3.18
mosaic,2,5213,10103,3.58
nostalgic,2,11416,10502,3.45
opaque,2,11427,9310,3.37
optimum,2,7895,11020,3.54
overhaul,2,12280,11001,3.59
overlap,2,6707,8870,3.7
persecute,2,13795,12900,2.79
premise,2,2136,4556,3.82
psychiatry,2,15501,9951,3.56
quantitative,2,6277,7662,3.73
quart,2,23170,0,3.01
rake,2,10098,8861,3.38
reflexion,2,0,0,1.81
refute,2,11177,11103,3.14
rein,2,6977,8629,3.37
resolute,2,14211,14975,3.12
royalty,2,6037,6908,3.8
salient,2,12243,9408,3.12
saturate,2,13741,11157,2.57
seam,2,7180,8135,3.44
shear,2,10041,9594,3.4
shorthand,2,11285,14434,3.16
slack,2,11676,6983,3.71
sober,2,7671,7423,3.94
spectrum,2,3581,3893,4.26
stagger,2,7013,7724,2.82
stairway,2,14777,10157,3.15
strenuous,2,11142,12644,3.12
suffice,2,6983,9294,3.46
sulfur,2,0,9550,3.43
symposium,2,12608,11312,3.61
turmoil,2,7668,6502,3.52
unanimous,2,8721,8826,3.68
void,2,8457,6815,4.01
withhold,2,7039,6650,3.28
zeal,2,11139,10184,3.28
aggregate,2,5505,12841,3.94
algorithm,2,6819,8230,4.02
brevity,2,18458,20046,2.85
convene,2,8878,7816,3.04
cumulative,2,7270,8447,3.55
deploy,2,9843,4495,3.7
deter,2,5976,6645,3.48
elicit,2,7717,6680,3.1
imminent,2,6410,6712,3.67
invoke,2,5725,5414,3.33
paradigm,2,7401,5201,3.61
resilient,2,13884,10634,3.5
variance,2,7319,5027,3.45
warranty,2,6306,9608,3.73
beeper,2,0,16329,2.14
one-way,2,0,0,5.88
left-wing,2,0,0,4.57
right-wing,2,0,0,4.59
smoke-free,2,0,0,4.63
adventuress,2,0,43846,1.82
jaw-dropping,2,0,0,3.82
decker,2,20411,40365,3.42
dustman,2,21414,0,1.71
strategist,2,16456,6786,3.26
strategical,2,0,44193,2.12
strategically,2,11342,10245,3.45
multifunction,2,0,0,2.34
multifunctional,2,40497,30879,2.47
ground-breaking,2,0,0,4.6
broken-hearted,2,0,0,3.74
service-charge,2,0,0,4.89
shortwave,2,43137,23600,2.51
appraise,2,11554,13123,2.54
recordholder,2,0,0,0.0
manatee,2,0,17073,2.74
pimple,2,25618,18075,2.83
named,2,10174,12864,4.95
supplied,2,37640,34083,4.24
separated,2,11126,11444,4.3
settled,2,11281,16274,4.44
hopes,2,0,0,4.4
demands,2,0,0,4.41
requirements,2,0,0,4.64
else's,2,0,0,4.0
house-warming,2,0,0,4.04
help!,2,0,0,5.75
"hip,",2,0,0,4.46
hamster,2,16865,19151,3.31
down.,2,0,0,5.88
chewing,2,19561,15873,3.63
auntie,2,7392,25073,3.3
night.,2,0,0,5.61
weightless,2,24285,17859,2.65
heartless,2,18709,17904,3.33
trying,2,18590,16334,5.47
mattress,2,7193,6001,3.67
included,2,20762,19507,5.03
abruptly,2,5144,5243,3.56
attainable,2,18781,17650,3.1
gratify,2,18941,17764,2.28
respecting,2,19223,14543,3.6
11,2,0,0,5.32
shacklton,2,0,0,0.0
touches,2,0,0,3.98
fingertips,2,0,0,3.27
glued,2,47965,37665,3.41
volumes,2,0,0,4.2
goalposts,2,0,0,2.59
strikes,2,0,0,4.25
lengths,2,0,0,3.92
weeds,2,0,0,3.52
bases,2,0,0,4.18
roofs,2,0,0,3.58
mouses,2,0,0,1.81
apr.,2,0,0,4.02
relays,2,0,0,3.19
matters,2,0,0,4.72
obstetrics,2,24035,19511,3.04
gynecology,2,0,23335,2.84
cardiopulmonary,2,0,26679,2.49
resuscitation,2,20245,20336,2.93
weight-loss,2,0,0,4.74
bigfoot,2,0,26267,3.16
shennongjia,2,0,0,0.0
white-water,2,0,0,5.21
high-class,2,0,0,5.21
true-to-life,2,0,0,5.27
airfield,2,6643,12723,3.29
tricks,2,0,0,4.15
anti-smoking,2,0,0,4.4
3-d,2,0,0,5.33
built-in,2,0,0,5.07
powder-free,2,0,0,4.23
white-flag,2,0,0,4.53
low-carbon,2,0,0,4.48
stand-up,2,0,0,5.12
little-known,2,0,0,5.23
deep-breathing,2,0,0,4.21
foolishness,2,20794,15573,3.06
official-looking,2,0,0,5.0
empty-handed,2,0,0,4.2
someone's,2,0,0,4.32
horse-drawn,2,0,0,4.33
user-friendly,2,0,0,4.36
newsflash,2,39248,0,2.59
condemned,2,15299,15018,3.97
top-ranking,2,0,0,4.17
full-length,2,0,0,4.7
elf,2,7462,11795,3.65
problem-solving,2,0,0,3.97
hiv,2,4254,0,4.17
over-the-counter,2,0,0,4.55
correctional,2,42548,12306,3.43
downsize,2,30930,10592,2.65
unbeatable,2,19361,20703,3.18
pane,2,11995,10912,3.09
providing,2,11103,17587,4.72
sub-zero,2,0,0,4.34
amounts,2,0,0,4.41
plants,2,0,0,4.71
twenty-fifth,2,0,0,4.41
jumped,2,0,0,4.25
listened,2,0,0,4.21
careful!,2,0,0,4.59
toys,2,0,0,4.25
collecting,2,14790,15658,4.18
we'll,2,0,0,4.89
twenty-third,2,0,0,4.57
thinner,2,45114,0,3.56
spellbind,2,46802,0,0.0
catfish,2,17855,8597,3.35
rapids,2,0,0,3.64
farmyard,2,15390,28234,2.41
nationalism,2,5868,5625,3.83
anti-black,2,0,0,4.88
amber,2,12120,13764,3.97
czar,2,34480,10679,3.0
pda,2,0,16692,2.95
millipede,2,42714,33251,1.88
choral,2,12871,10675,3.22
karaoke,2,24951,16662,3.43
rosebud,2,25565,24897,2.76
magpie,2,15963,26656,2.9
stir-fry,2,0,0,3.62
rickets,2,37252,31549,2.41
fathom,2,19252,13445,3.25
weightlessly,2,0,0,1.12
quaker,2,13064,15379,3.15
unspoken,2,11613,10743,3.17
modelled,2,0,0,3.25
joust,2,36213,27479,2.47
co-operative,2,0,0,3.84
char,2,19315,15921,3.47
ointment,2,20036,16710,2.98
mosquitoes,2,0,0,3.43
mosquitos,2,0,0,2.76
film-maker,2,0,0,4.18
pity!,2,0,0,3.98
kimono,2,26225,16111,2.95
"washington,",2,0,0,5.08
later.,2,0,0,5.49
he?,2,0,0,6.69
she?,2,0,0,6.26
ok?,2,0,0,5.14
job!,2,0,0,5.5
there?,2,0,0,6.31
luck!,2,0,0,4.91
countries,2,0,0,5.13
done.,2,0,0,5.58
work!,2,0,0,5.96
lied,2,0,0,4.21
makes,2,0,0,5.46
zeke,2,0,0,3.19
please!,2,0,0,5.66
crossing.,2,0,0,4.33
blocks,2,0,0,4.43
praises,2,0,0,3.51
frisbee,2,37842,30486,2.96
self-confidence,2,0,0,4.55
mammoth,2,14069,11025,3.4
whodunit,2,0,28380,2.23
symmetrical,2,11820,13664,3.28
happened,2,0,0,5.2
hamburgers,2,0,0,2.99
mushrooms,2,0,0,3.71
onions,2,0,0,3.78
carrots,2,0,0,3.63
sweatpants,2,0,0,2.82
skid,2,15184,10313,3.28
juggler,2,32771,21781,2.55
helped,2,35062,22143,4.88
talked,2,0,0,4.62
tallest,2,0,0,3.5
shortest,2,0,0,3.57
smallest,2,0,0,4.01
longest,2,13733,0,4.22
mitten,2,35425,16533,2.48
incorporated,2,22083,24339,4.2
shame!,2,0,0,4.55
parlour,2,7817,0,3.14
mini-skirt,2,0,0,3.84
there.,2,0,0,6.31
breakdance,2,0,0,1.98
tango,2,23656,12132,3.58
mane,2,15840,12988,3.33
present-day,2,0,0,5.11
over-fishing,2,0,0,4.46
snowrafting,2,0,0,0.0
g.k.chesterton,2,0,0,0.0
groceries,2,0,0,3.67
paparazzi,2,36632,15368,3.21
self-employed,2,0,0,4.36
multi-cultural,2,0,0,4.33
ashtray,2,12651,12033,2.72
vitae,2,23167,0,2.8
2-dimensional,2,0,0,4.03
booze,2,12284,11048,3.65
triathlete,2,0,0,2.46
bio-technology,2,0,0,4.03
janitor,2,40302,11334,3.2
resilience,2,14063,10578,3.58
omega,2,22650,23100,3.78
high-definition,2,0,0,4.55
instructions,2,0,0,4.37
surrounded,2,0,43016,4.36
required,2,3534,4463,5.02
resources,2,0,0,4.91
boiled,2,10054,13015,3.68
course.,2,0,0,5.44
longsighted,2,0,0,0.0
secrete,2,12207,15024,2.72
consummate,2,20284,14545,3.04
inset,2,9246,15912,2.85
unsettle,2,11289,9564,2.27
impute,2,21023,23721,1.92
requisite,2,11947,12141,3.24
enact,2,6524,4710,3.43
maltreat,2,37045,36572,1.28
habilitate,2,0,0,0.0
lax,2,13744,13008,3.54
dispense,2,6379,8334,3.11
proximity,2,6927,6588,3.88
mishap,2,14438,14062,3.0
artful,2,23445,15505,2.88
sonic,2,17093,13305,3.93
resonant,2,15224,14025,3.13
optician,2,19065,29296,2.41
optics,2,20417,9313,3.58
coordinator,2,9260,4215,3.91
closure,2,3074,5773,4.11
dissimilar,2,11683,16241,3.01
verisimilar,2,0,0,0.0
retrogress,2,0,0,0.0
disquiet,2,14444,27148,2.5
liquidate,2,19027,16502,2.8
denture,2,24311,39243,2.54
untouchable,2,22698,18243,3.11
puncture,2,13811,14757,3.23
enumerate,2,19861,15043,2.4
abase,2,41733,41704,1.56
administrate,2,46634,36644,1.95
distend,2,33649,28761,1.45
misguide,2,0,0,1.66
miscalculate,2,32722,21305,1.68
retract,2,14289,13910,3.03
unroll,2,34660,24145,2.26
unfasten,2,26835,24905,1.68
outflow,2,12931,16465,3.01
overcharge,2,23884,21113,2.49
innocuous,2,14051,14079,3.06
immerge,2,0,0,0.0
inflow,2,16307,15695,2.89
ingest,2,21569,14304,2.83
introvert,2,32674,26529,2.91
forefather,2,20275,18671,2.01
interchange,2,10027,13656,3.49
postmodern,2,17902,8055,3.08
superstructure,2,15590,21466,2.89
cohere,2,34418,28478,1.99
dehydrate,2,24344,17223,2.29
deforest,2,0,0,2.12
obtrude,2,35421,40698,1.03
excise,2,7269,17506,3.26
ex-wife,2,0,0,4.67
abrogate,2,22524,21800,2.08
financier,2,11767,13127,3.01
absentee,2,14623,13021,3.17
canned,2,14807,7006,3.62
provocation,2,9996,12608,3.19
mirth,2,15358,21285,2.62
tardy,2,34603,24629,2.69
delinquency,2,16379,12122,2.92
meditative,2,22247,17787,2.86
sedate,2,19013,19371,2.76
illegitimate,2,9724,11989,3.43
remonstrate,2,19682,31022,1.81
pervade,2,11414,12043,2.17
impassive,2,16787,18936,2.32
neutralize,2,18792,10512,3.12
incompetent,2,9501,9777,3.65
mercantile,2,16685,19718,3.21
tack,2,9765,10013,3.37
ornate,2,11678,10610,3.19
insanity,2,14784,9821,3.72
replenish,2,14117,12129,3.04
volition,2,20159,19937,2.83
placid,2,14747,12548,3.01
diffident,2,19312,27587,2.1
parlor,2,0,6423,3.34
pandemic,2,43313,14231,3.68
autism,2,45761,9199,3.97
patriot,2,11834,10621,3.73
circumspect,2,20116,20608,2.46
curtail,2,8521,9041,2.98
baseborn,2,0,0,0.0
captious,2,0,0,1.19
deport,2,12472,10824,3.18
discontent,2,7004,9678,3.37
destructible,2,0,0,1.96
banal,2,15021,16209,2.88
constrict,2,19255,15930,2.33
despond,2,0,0,1.47
phonograph,2,48226,20733,2.74
censure,2,14791,15287,2.94
quotative,2,0,0,0.0
belittle,2,18553,15936,2.86
illapse,2,0,0,0.0
irrevocable,2,19076,19624,2.76
synchronous,2,27296,20967,3.0
subtropics,2,0,44716,1.79
subsidiary,2,3904,7513,3.92
antibody,2,4257,8806,3.46
vice-chairman,2,0,0,4.45
vice-manager,2,0,0,4.52
byproduct,2,35174,0,3.03
bywork,2,0,0,0.0
stepchild,2,0,0,2.19
suffuse,2,19330,17080,1.46
rainproof,2,0,0,1.25
liberality,2,36638,36472,1.97
manhood,2,14957,11813,3.16
lucid,2,14330,15228,3.27
implicate,2,7909,7696,2.84
indignity,2,14276,16237,2.6
voracious,2,20904,16557,2.77
perturb,2,18847,21889,1.9
vibrator,2,26965,23744,3.11
psychic,2,8960,7820,3.8
psychal,2,0,0,0.0
parasol,2,20708,21682,2.63
inflammable,2,23391,42557,2.14
inflame,2,18453,13961,2.58
impure,2,22807,23085,2.95
juror,2,16094,4070,3.13
concord,2,26925,25113,3.47
audible,2,11571,10350,3.45
inaudible,2,21657,6808,2.79
equable,2,33533,43969,1.63
bilateral,2,6801,6869,3.72
multilateral,2,13225,9356,3.1
annals,2,0,0,3.37
annuity,2,17018,12850,3.35
biannual,2,38074,28633,2.46
aesthetics,2,12306,9286,3.59
phobia,2,19742,15469,3.1
vivacious,2,20892,21526,2.68
biweekly,2,0,21180,2.66
twofold,2,18952,17550,2.84
tripod,2,16252,11681,3.18
extraneous,2,21230,17572,2.79
malevolent,2,16112,16691,2.92
circumference,2,15114,15774,3.18
microworld,2,0,44001,1.37
geomagnetic,2,31271,34347,2.5
ingenuous,2,33365,29301,1.92
advantageous,2,10044,14081,3.33
filmdom,2,0,0,1.02
mayoress,2,26617,0,1.96
audio-visual,2,0,0,4.18
b.s.,2,0,0,3.32
enlargement,2,12305,13723,3.2
hovercraft,2,27337,30629,2.54
townsman,2,25515,34128,1.99
airliner,2,15969,11899,3.07
cocoon,2,20154,14249,3.08
doughnut,2,19687,9451,3.17
duel,2,14103,12498,3.65
fertilization,2,27842,13121,3.05
hobbyist,2,29719,21337,2.57
incomparable,2,19249,18700,2.99
materialism,2,12735,12791,3.05
uppermost,2,13869,21247,2.7
uranium,2,9327,7797,3.85
aah,2,17447,27720,2.81
you'll,2,0,0,5.22
watches,2,0,0,4.1
stories,2,0,0,4.95
couldn't,2,0,0,5.09
painted,2,7117,6503,4.35
tied,2,15009,25004,4.47
dear!,2,0,0,4.77
didn't,2,0,0,5.68
wouldn't,2,0,0,5.18
haven't,2,0,0,5.11
hasn't,2,0,0,4.71
studied,2,19220,15971,4.49
incorrectly,2,11293,11146,3.57
potassium,2,10661,12184,3.58
magnesium,2,16350,12167,3.49
zinc,2,10458,10443,3.65
crucible,2,21329,19317,3.23
tongs,2,0,15320,2.8
cannabis,2,10541,21229,4.03
shoplifting,2,21311,17711,2.98
cosmonaut,2,43988,22874,2.51
fiancé,2,0,0,3.47
rotating,2,19874,14647,3.77
sutra,2,0,30534,2.91
hydro-electric,2,0,0,3.6
spaceport,2,0,25406,2.52
salaam,2,29694,40473,3.11
bioinformatician,2,0,0,1.12
pathologist,2,12554,11711,3.15
firearm,2,9028,6598,3.69
borough,2,3150,11872,3.83
confiscate,2,11552,10551,2.93
ibis,2,40075,25024,2.83
fingers,2,0,0,4.5
lips,2,0,0,4.35
ships,2,0,0,4.55
goldbach's,2,0,0,1.07
heart's,2,0,0,3.25
boxes,2,0,0,4.34
strains,2,0,0,3.72
expectations,2,0,0,4.44
solutions,2,0,0,4.5
reunited,2,35568,26515,3.72
ice-skating,2,0,0,3.81
footnote,2,10295,10131,3.17
easterner,2,0,38991,1.77
airsickness,2,0,45524,1.22
bust,2,9832,6688,4.04
windmill,2,11762,12809,3.16
unsatisfactory,2,6399,14865,3.05
gatherer,2,24108,23791,2.77
canopy,2,8009,7041,3.52
bellow,2,10691,12281,2.79
unwrap,2,23876,17368,2.56
telecommunication,2,4896,0,3.16
woolly,2,11597,16278,3.05
soloist,2,12909,14603,3.0
milligram,2,26596,0,2.45
glorify,2,18869,13582,3.05
miser,2,25280,27117,2.56
proceeding,2,2107,0,3.66
stimulant,2,18953,14629,3.06
yacht,2,4621,7495,3.82
crook,2,8580,8651,3.41
metabolism,2,9303,9561,3.78
mistrust,2,14068,13844,3.06
scorch,2,15434,14072,2.73
sideline,2,11315,7272,3.32
soothe,2,10177,8996,3.18
boiling,2,7730,7674,3.75
evenly,2,6879,5601,3.65
firefly,2,23570,16424,3.13
first-rate,2,0,0,5.1
foreword,2,15723,20134,3.13
gravel,2,4805,5620,3.7
laden,2,19525,11041,3.74
maize,2,12455,13829,3.34
mustn't,2,0,0,2.86
neigh,2,38821,34014,2.49
ramble,2,19122,16774,2.85
sapling,2,21214,15669,2.48
sash,2,15168,14607,3.23
shrunken,2,22190,20066,2.63
shudder,2,6762,7900,3.11
there's,2,0,0,5.54
we're,2,0,0,5.4
chromosome,2,6813,9960,3.48
twenty-eight,2,0,0,4.5
smiling,2,7083,6438,4.15
me!,2,0,0,6.48
articular,2,0,33269,2.5
cockney,2,14186,36391,2.77
textiles,2,0,0,3.49
goodbye!,2,0,0,4.3
look!,2,0,0,5.81
ha!,2,0,0,4.58
hello!,2,0,0,4.72
idea!,2,0,0,5.36
tomorrow.,2,0,0,5.02
wept,2,0,0,3.24
feelings,2,0,0,4.71
answering,2,9596,6851,4.07
come?,2,0,0,5.78
e-pal,2,0,0,3.97
jumps,2,0,0,3.86
runs,2,0,0,4.84
dances,2,0,0,3.79
stones,2,0,0,4.31
cooks,2,0,0,3.65
washes,2,0,0,3.3
draws,2,0,0,4.1
writes,2,0,0,4.36
surfs,2,0,0,2.22
brt,2,0,0,2.63
watered,2,42385,39940,3.34
emails,2,0,0,4.24
animals,2,0,0,4.84
stores,2,0,0,4.63
organizational,2,6286,4468,3.83
awoken,2,0,0,2.72
bitten,2,9800,0,3.49
forgave,2,0,0,3.04
shaved,2,35977,18370,3.66
shaven,2,21463,24819,2.88
shrank,2,0,0,2.9
sowed,2,0,0,2.59
sown,2,0,0,2.95
undertook,2,0,0,3.44
undertaken,2,0,0,3.85
south-east,2,0,0,4.96
fancied,2,24923,41606,3.13
slid,2,0,0,3.55
taishan,2,0,0,1.72
pencil-case,2,0,0,3.94
teacher's,2,0,0,3.42
biblical,2,6564,5176,3.92
sham,2,13965,12391,3.45
octopus,2,16224,15455,3.46
ladies,2,0,0,4.64
rusia,2,0,0,1.55
behavious,2,0,0,0.0
hur,2,42936,0,2.95
souvenirs,2,0,0,3.18
woo,2,9768,8645,3.87
4d,1,0,0,3.17
j-,1,0,0,5.0
sherman,1,13327,0,3.85
writ,1,7184,18491,3.3
wheres,1,0,0,2.67
questions.,1,0,0,5.15
omas,1,0,0,1.38
lif,1,0,0,2.58
ird,1,0,0,2.18
mikes,1,0,0,2.61
ne-dining,1,0,0,3.79
writt,1,0,0,1.18
putt,1,10905,8752,3.15
gri,1,0,0,2.37
liszt,1,29723,0,2.68
sheridan,1,16608,0,3.47
hoi,1,0,37463,2.89
chiu,1,0,0,2.91
soh,1,0,0,2.25
yoshioka,1,0,0,2.05
villiers[manual],1,0,0,3.05
vicker,1,0,0,1.52
infi,1,0,0,1.45
ara,1,29125,0,3.21
isnt,1,0,0,3.89
dannys,1,0,0,1.26
shes,1,0,0,3.59
howdy,1,0,19375,3.08
hokey,1,0,38543,2.62
pokey,1,0,31664,2.54
aaah,1,46638,36733,2.71
eyes.,1,0,0,5.21
dislikes,1,0,0,3.23
doo,1,9398,0,3.62
brrrr,1,0,0,1.76
brrr,1,0,0,2.16
mei.,1,0,0,3.39
-speaking,1,0,0,4.91
malta,1,8247,0,3.54
fiji,1,13196,0,3.61
showing,1,9884,9949,4.88
ink.,1,0,0,4.07
zhongguo,1,0,0,1.93
bye.,1,0,0,4.39
baoli,1,0,0,1.15
else.,1,0,0,5.38
ni,1,9353,0,3.93
dic,1,0,0,2.67
-tion,1,0,0,2.79
-der-stand,1,0,0,4.12
ex-cel-lent,1,0,0,2.74
grades,1,0,0,4.28
placing,1,9677,21070,4.17
dewey,1,17615,0,3.44
smoke[manual],1,0,0,4.16
doctor.,1,0,0,4.9
cici,1,0,0,2.12
scalding,1,33982,29134,2.61
hoom,1,0,0,1.31
waterslide,1,0,0,2.2
humm,1,0,0,2.04
groupmates[manual],1,0,0,1.18
costumes,1,0,0,3.89
chronicles,1,0,0,3.64
she.,1,0,0,6.26
poor.,1,0,0,5.09
bradshaws,1,0,0,1.27
tuberculosis,1,10548,9082,3.58
peggy,1,8099,0,3.57
stak,1,0,0,1.44
miss.,1,0,0,5.22
icing,1,6794,14723,3.49
stopping,1,21309,45790,4.29
puck,1,27432,15145,3.63
yuhua,1,0,0,1.54
yearbook[manual],1,0,0,3.39
fiftyone,1,0,0,1.02
1760s,1,0,0,1.02
wheels,1,0,0,4.25
pedalled[manual],1,0,0,1.65
nota,1,0,0,2.53
celina,1,0,0,2.4
natalie,1,22609,0,3.8
liason,1,0,0,1.92
warmer,1,44805,0,3.76
blossoming,1,33970,29786,2.9
24c,1,0,0,2.22
20c,1,0,0,2.22
zzzzzz,1,0,0,1.37
picnicking[manual],1,0,0,2.34
regrowth,1,35496,26367,2.64
abs,1,27446,9730,3.86
sugarcane,1,0,17041,2.96
carnivore,1,17313,15028,2.68
ferret,1,9375,20690,3.01
eared,1,0,41060,2.84
weee,1,0,0,2.12
eared[manual],1,0,0,2.83
sumatran,1,49505,33353,2.48
malayan,1,37615,41849,2.6
indochinese,1,0,35844,2.08
waddle,1,21207,17765,2.58
homepage,1,0,32615,3.45
warmhearted,1,0,0,1.81
-mail,1,0,0,4.72
ads,1,0,0,4.32
classroom[manual],1,0,0,3.93
wenjun,1,0,0,1.2
silken,1,16576,17768,2.62
laumann,1,0,0,1.32
-up,1,0,0,6.39
undisputed,1,14969,15748,3.26
everest,1,12607,0,3.43
steering,1,6921,6341,3.93
dis,1,27130,0,3.73
zhong.,1,0,0,2.68
zhou.,1,0,0,3.38
c-l-a-s-s-r-o,1,0,0,4.58
d-e-s,1,0,0,5.0
-k,1,0,0,4.91
declarative,1,37336,23222,2.63
emma.,1,0,0,4.23
dog.,1,0,0,5.1
eggs.,1,0,0,4.5
bananas.,1,0,0,3.7
bob.,1,0,0,4.63
loor,1,0,0,1.28
transferring[manual],1,0,0,3.64
blackie,1,36723,0,2.7
guten,1,0,0,2.08
green.,1,0,0,5.13
tsar,1,8347,24138,3.16
hermitage,1,17576,22937,2.92
coleman,1,6295,0,3.77
feifei,1,0,0,1.36
lulu,1,34907,0,3.33
bed.,1,0,0,5.07
zhengzhou,1,0,0,2.21
nextweek,1,0,0,1.02
butin,1,0,0,1.41
thankyou,1,36915,0,3.29
allright,1,0,0,2.3
excuseme,1,0,0,1.17
listentothis,1,0,0,1.39
waltzes[manual],1,0,0,2.39
likethe,1,0,0,1.14
girl.,1,0,0,5.38
acar,1,0,0,1.78
butit,1,0,0,1.26
andhe,1,0,0,1.2
brightman,1,38233,0,2.11
go-e,1,0,0,5.21
sum-mer,1,0,0,3.25
sy,1,47936,0,3.17
hap-,1,0,0,3.04
hap,1,0,25385,3.04
friedland,1,0,0,2.26
east.,1,0,0,5.16
88th,1,0,0,3.11
t27,1,0,0,1.99
marv.,1,0,0,2.87
can',1,0,0,6.46
weiwei,1,0,0,2.21
ul,1,0,0,3.54
110m,1,0,0,1.72
it',1,0,0,6.95
who',1,0,0,6.34
us.,1,0,0,6.04
lunchbox,1,49128,27527,2.72
-ity,1,0,0,2.19
-ible,1,0,0,1.37
eatable,1,44648,0,1.82
10a,1,0,0,2.41
11a,1,0,0,2.41
12b,1,0,0,2.22
lin.,1,0,0,3.8
wei.,1,0,0,3.46
horseback,1,14162,9316,3.39
picnic.,1,0,0,3.8
john.,1,0,0,5.38
ca737,1,0,0,0.0
kate.,1,0,0,4.34
exam.,1,0,0,4.26
xintiandi,1,0,0,1.11
buon,1,0,0,2.2
served,1,0,0,4.81
ny,1,21993,0,4.43
april.,1,0,0,5.19
america.,1,0,0,5.22
sand.,1,0,0,4.44
earth.,1,0,0,5.06
finney,1,26348,0,2.91
ve-,1,0,0,4.56
zamenhof,1,0,0,1.17
esperanto,1,42621,0,2.62
sea.,1,0,0,5.06
joy.,1,0,0,4.55
steve.,1,0,0,4.71
romeo.,1,0,0,3.71
stupidest,1,0,26219,3.17
careful.,1,0,0,4.59
traff,1,0,0,1.33
wettest[manual],1,0,0,2.76
either.,1,0,0,5.33
kolkata,1,0,0,3.29
lima,1,13336,0,3.58
tomalin,1,0,0,1.48
train.,1,0,0,4.96
cnsa,1,0,0,1.11
ache.,1,0,0,3.43
best.,1,0,0,5.84
newsreader,1,21929,42422,2.6
phone-in,1,0,0,5.29
thu.,1,0,0,3.14
spring.,1,0,0,4.92
june.,1,0,0,5.21
11c,1,0,0,2.46
ltaly,1,0,0,1.72
sugar.,1,0,0,4.68
salt.,1,0,0,4.6
juggling,1,34501,27874,3.23
minnesota,1,16718,0,4.31
dishes.,1,0,0,4.13
ordering,1,9813,13424,4.02
untill,1,0,0,2.97
waterskiing[manual],1,0,0,2.02
abb,1,36972,0,2.76
aaa,1,26942,0,3.77
aba,1,29882,0,3.32
c211,1,0,0,0.44
g21,1,0,0,1.82
g1,1,0,0,3.12
z19,1,0,0,1.6
t107,1,0,0,0.62
xiaogang,1,0,0,1.59
hasn,1,0,0,2.25
idon,1,0,0,1.12
isn,1,0,0,3.05
ahh,1,39104,17966,3.86
aren,1,0,0,2.81
com.,1,0,0,4.22
fang.,1,0,0,3.34
buzzes[manual],1,0,0,2.41
picnicking,1,40590,0,2.35
lmmigration,1,0,0,1.18
jiaotong,1,0,0,1.69
milking,1,15978,20464,3.19
-d,1,0,0,5.46
coretta,1,0,0,2.36
lotd,1,0,0,1.48
edma,1,0,0,1.14
nar,1,0,0,2.78
koto,1,0,0,2.46
icebreaker[manual],1,0,0,2.81
icebreakers,1,0,0,2.29
hhhh,1,0,0,1.43
hungrily,1,22928,22013,2.15
dressy,1,40629,26161,2.43
dresse,1,0,0,1.17
dunant.,1,0,0,1.5
cross.,1,0,0,5.0
oldtown,1,0,0,2.06
sleepwell,1,0,0,1.3
adamson,1,26106,0,2.88
jenson,1,0,0,2.73
steig,1,0,0,1.59
newell,1,24321,0,3.01
nondepressed,1,0,0,0.0
pleasantville,1,0,0,2.23
seligman,1,0,0,2.42
pharmacist,1,15866,10343,3.34
consoling,1,23899,23781,2.62
p-a,1,0,0,5.13
next.,1,0,0,5.7
mixer,1,12301,8987,3.5
day.,1,0,0,5.95
interent,1,0,0,1.22
dah,1,0,35062,3.12
asyou,1,0,0,1.21
devina,1,0,0,1.27
spears,1,0,0,3.66
taxis,1,0,0,3.44
ick,1,0,0,2.54
ctor,1,0,0,1.4
kinder,1,40226,0,3.3
bove,1,0,0,2.03
wom,1,0,0,2.37
0n,1,0,0,2.24
nny,1,0,0,1.63
ello,1,0,0,2.56
lnternet,1,0,0,1.6
ltalian,1,0,0,1.86
fastly,1,0,0,1.73
pp12,1,0,0,0.45
pp23,1,0,0,0.21
pp34,1,0,0,0.06
pp78,1,0,0,0.0
pp90,1,0,0,0.0
friends[manual],1,0,0,4.29
whitworth,1,28036,0,2.65
montana,1,23161,0,4.05
snip,1,16204,14389,2.84
copier,1,23366,18883,2.67
rutland,1,16767,0,2.97
pik,1,47884,0,2.37
haystack,1,21605,19464,2.81
ti,1,17958,0,3.85
apex,1,11192,13391,3.71
o-,1,0,0,5.12
ch-,1,0,0,3.95
bootmaker,1,49213,0,1.68
plop,1,24295,11571,2.61
juanita,1,47365,0,2.9
majoring[manual],1,0,0,2.94
kidding,1,34692,15688,4.2
greens,1,0,0,3.86
veg,1,16672,31853,3.3
capitals,1,0,0,3.6
schiphol,1,0,0,2.36
maud,1,10863,0,3.04
padding,1,14226,13608,3.18
footie,1,42546,0,2.21
footy,1,0,0,3.15
footer,1,37201,35576,3.1
mp4,1,0,0,3.08
unnoticeable,1,40555,33200,2.11
hice,1,0,0,1.71
gauzy,1,43468,20206,2.16
lyse,1,0,0,2.08
monte,1,10325,30503,3.69
napoleone,1,0,0,1.37
emi,1,10859,0,3.11
silvia,1,18174,0,2.97
inn.,1,0,0,4.07
...download,1,0,0,4.68
mtb,1,0,0,2.81
trunks,1,0,0,3.43
lenore,1,0,0,2.61
thermo-,1,0,0,2.85
0c,1,0,0,1.96
housewive,1,0,0,0.0
hostelling,1,0,0,1.52
propositional,1,38104,28270,2.44
ds,1,17003,0,3.76
rolf,1,24937,0,3.24
wess,1,0,0,1.92
nik,1,41372,0,3.04
lamm,1,0,0,2.24
sid,1,10457,0,3.57
carn,1,28909,0,2.16
ernie,1,16339,0,3.45
gen,1,4454,24055,4.33
kittens[manual],1,0,0,3.41
boo,1,19732,12713,3.92
hoo,1,28768,0,3.38
quell,1,14026,12955,3.0
baa,1,26750,0,2.92
aux.,1,0,0,3.44
pp14,1,0,0,0.45
pp25,1,0,0,0.21
pp42,1,0,0,0.0
pp71,1,0,0,0.0
pp84,1,0,0,0.0
pp97,1,0,0,0.0
ma'am,1,0,5765,4.6
jacobs,1,16394,0,3.74
greystanes,1,0,0,1.12
lucinda,1,17952,0,2.89
epping,1,25408,0,2.66
brunswick,1,21036,0,3.61
carven,1,0,0,1.8
lt,1,9242,0,4.15
yds,1,0,0,2.92
hampton,1,12733,0,3.65
yarra,1,0,0,2.81
punt,1,16093,12484,3.48
seasons,1,0,0,4.52
deli,1,26984,10576,3.35
hob,1,16500,35459,2.76
flask,1,10066,14030,3.2
hearth,1,8936,10697,3.1
derby,1,4857,14262,4.1
warp,1,16380,14074,3.63
houseboat,1,36317,19750,2.67
mole,1,6198,8789,3.67
xl,1,28014,0,3.68
volga,1,28788,0,2.76
fujiyama,1,0,0,1.71
urals,1,0,0,2.53
adidas,1,0,0,3.57
nilt,1,0,0,0.0
breathable,1,28033,19404,2.75
rue,1,16264,22011,3.56
grume,1,0,0,0.0
perk,1,11720,9621,3.19
cur,1,43352,28712,2.92
rotor,1,9366,12358,3.42
stator,1,31957,33370,2.65
cadre,1,16183,10547,3.04
meagre,1,9500,38175,2.86
heigh,1,0,0,2.03
breaker,1,13834,11781,3.6
breakable,1,39424,31555,2.42
copycat,1,37512,19280,2.92
clotheshorse,1,0,41775,1.22
panther,1,15378,14654,3.65
mj,1,39441,0,3.41
hp.,1,0,0,4.13
honours,1,0,0,3.65
underpaid,1,37309,30557,2.85
'one,1,0,0,6.47
ghastly,1,9722,14128,3.07
communiqu,1,0,0,0.0
twitchet,1,0,0,0.0
ike,1,38993,0,3.42
tier,1,7616,8726,4.16
streetcar,1,0,15745,3.04
melanie,1,7461,0,3.53
dumbo,1,45277,34529,2.73
tron,1,49240,0,3.07
burma,1,9218,0,3.57
disneyworld,1,0,0,2.06
budge,1,14408,11139,3.23
geary,1,0,0,2.71
matchmaker,1,34621,21603,2.79
franks,1,10856,0,3.23
plunk,1,0,14936,2.11
wrack,1,23271,18410,2.21
bad.,1,0,0,5.53
crche,1,0,0,0.0
pneumonic,1,0,44925,2.07
gnarl,1,0,0,1.23
clowns,1,0,0,3.5
z1,1,0,0,2.5
g3,1,0,0,3.05
t4,1,0,0,3.0
pp18,1,0,0,0.45
pp35,1,0,0,0.06
pp50,1,0,0,0.0
pp80,1,0,0,0.0
summery,1,33937,28309,2.52
yeoh,1,0,0,2.07
khufu,1,0,0,1.89
nebuchadnezzar,1,0,0,2.49
ephesus,1,27148,0,2.71
goths,1,0,0,2.76
phidias,1,0,0,1.64
mausolus,1,0,0,1.09
caria,1,0,0,1.73
colossus,1,22388,20646,3.06
helios,1,0,0,2.65
pharos,1,0,0,2.13
ramp,1,7762,6097,3.83
ector,1,0,0,2.07
harbour[manual],1,0,0,3.82
hilaire,1,26831,0,2.25
belloc,1,40127,0,2.09
poyang,1,0,0,1.18
taklamakan,1,0,0,1.34
zhuan,1,0,0,1.43
pamirs,1,0,0,1.56
xiaoqing,1,0,0,1.2
thatch,1,19178,20118,2.71
boggler,1,0,0,1.19
renminbi,1,0,40063,2.17
gatwick,1,12336,0,2.91
tec,1,13471,0,3.01
signed,1,11527,13866,4.85
hosting,1,0,36864,4.16
knelt[manual],1,0,0,2.79
myspace,1,0,0,3.31
digitus,1,0,0,1.16
hindus,1,0,0,3.58
5e,1,0,0,2.66
21u,1,0,0,1.04
joshua,1,10581,0,3.92
pretzel,1,0,15785,2.98
pret,1,0,0,2.42
zel,1,0,0,1.97
hoku,1,0,0,1.42
upturned,1,14896,17744,2.65
whirlwind,1,14449,12458,3.24
notional,1,14814,32055,2.61
plugged[manual],1,0,0,3.39
epicentre,1,34707,0,2.44
hurricanes,1,0,0,3.58
honduras,1,17368,0,3.6
pp31,1,0,0,0.06
pp49,1,0,0,0.0
pp62,1,0,0,0.0
pp76,1,0,0,0.0
politically,1,4008,2838,4.06
kanata,1,0,0,2.43
reef.,1,0,0,3.83
sq,1,21490,0,3.83
trickery,1,20669,21193,2.95
outwitted[manual],1,0,0,2.25
hawaiki,1,0,0,1.23
sandburg,1,0,0,2.28
foxe,1,0,0,2.1
catalyst,1,8852,7915,3.76
conduction,1,24494,22834,2.98
jose,1,10812,0,4.21
stems,1,0,0,3.83
straighter,1,0,0,2.68
esh-,1,0,0,2.28
photosynthesize,1,0,43682,1.63
ethanol,1,10997,8391,3.46
toddle,1,33044,26245,1.89
pelican,1,18790,19846,3.07
ghg,1,0,0,2.63
furnishings,1,0,8603,3.32
niger,1,27324,0,3.45
...as,1,0,0,6.77
ado,1,19993,22859,3.2
wheelbarrow,1,15913,16826,2.66
denotes,1,0,0,3.42
primrose,1,16043,24845,2.91
daises[manual],1,0,0,1.19
fleecy,1,37584,0,1.8
posie,1,0,0,1.65
gillyflower,1,0,0,1.03
sussex,1,3575,0,3.76
unharmed,1,18904,18182,3.12
wwdc,1,0,0,2.42
newsgathering,1,0,0,1.76
trout,1,7309,5046,3.78
washerwomen,1,0,0,1.45
d.h.,1,0,0,2.44
cunning[manual],1,0,0,3.39
disjoint,1,0,44300,2.48
lumbering,1,19757,17919,2.69
pp15,1,0,0,0.45
pp29,1,0,0,0.21
pp60,1,0,0,0.0
pp74,1,0,0,0.0
pp87,1,0,0,0.0
oz,1,6318,0,4.01
wor,1,0,0,2.83
dicaprio,1,0,0,3.16
cordelia,1,35785,0,2.91
spying,1,22397,16336,3.65
cargoes,1,0,0,2.65
amphetamine,1,22463,18794,2.93
counseling,1,0,3399,3.89
hallucination,1,15755,12535,2.89
unlawful,1,6194,14207,3.72
purer,1,0,0,2.53
stricter,1,0,0,3.23
yed,1,0,0,1.57
rossetti,1,35767,0,2.65
hobble,1,14802,11703,2.41
bavaria,1,16036,0,3.18
triomphe,1,35728,0,2.47
marseille,1,17618,0,3.24
modernity,1,10808,8291,3.25
referring[manual],1,0,0,4.03
fresco,1,10861,12076,3.09
hast,1,24338,0,3.15
popu,1,0,0,1.76
lous,1,0,0,1.94
hertfordshire,1,8762,0,3.2
hugh,1,3452,0,4.01
micky,1,13165,0,2.91
seven-ish,1,0,0,3.7
r-o-w,1,0,0,4.74
dreamworks,1,0,0,2.95
royale,1,33892,0,3.38
pg,1,23491,0,3.88
wheeler,1,9183,0,3.77
baptiste,1,29274,0,2.98
maxence,1,0,0,1.66
perrin,1,28007,0,2.83
violette,1,31377,0,2.35
nightingales,1,0,0,2.23
dif-,1,0,0,2.7
downright,1,14301,10579,3.38
gallic,1,19857,24223,2.76
mcallister,1,7504,0,3.01
detention,1,6134,6676,3.96
enfant,1,48827,0,2.53
religiously,1,20003,12088,3.24
semi-serious,1,0,0,4.41
gerard,1,9138,0,3.68
mousy,1,39268,29371,2.01
supremely,1,14926,16984,3.04
kristy,1,0,0,2.74
rhinos,1,0,0,3.18
kilpatrick,1,30158,0,2.63
lalalala,1,0,0,1.55
valentine,1,12356,17861,3.77
thanksgivings,1,0,0,2.02
lanterns,1,0,0,3.2
disjunctive,1,43477,32034,1.97
windsurf,1,0,44058,1.66
ags,1,0,0,2.64
looker,1,38735,28701,2.55
dribbling,1,48409,40825,2.92
scor,1,0,0,2.06
foothold,1,13992,14102,3.07
sumo,1,34787,26302,3.06
hitchhiking,1,0,40177,2.64
eggcup,1,0,0,0.0
waffle,1,22433,13320,3.3
non-vegetarian,1,0,0,3.77
cauli,1,0,0,1.42
kfc,1,0,0,3.28
awhile,1,21991,7422,3.89
shhh,1,0,0,3.08
berton,1,0,0,1.82
nothin,1,0,0,3.69
doin,1,0,0,3.8
idk,1,0,0,4.17
tmrw,1,0,0,1.76
def,1,38888,0,3.91
purest,1,0,0,3.21
41st,1,0,0,2.43
welsh,1,45403,11996,4.15
leek,1,16499,12748,2.87
hk,1,39744,0,3.54
icecap,1,0,34831,1.74
misson,1,0,0,1.69
candlelight,1,16305,11750,3.01
muf,1,0,0,1.71
waf,1,0,0,2.02
pp36,1,0,0,0.06
pp52,1,0,0,0.0
car.,1,0,0,5.45
dover,1,8709,0,3.57
calais,1,14521,0,3.31
dockland,1,22809,0,1.42
footbridge,1,20398,25661,2.63
150c,1,0,0,0.82
110c,1,0,0,0.82
89c,1,0,0,1.68
58c,1,0,0,1.87
ident,1,0,0,2.44
orion,1,15983,0,3.44
aileen,1,29938,0,2.67
grimm,1,17606,0,3.35
baba,1,27880,27168,3.58
penpal,1,0,0,1.81
perrault,1,0,0,2.18
gobble[manual],1,0,0,2.82
broth,1,16262,5690,3.39
imelda,1,26167,0,2.56
marcos,1,13393,0,3.47
monolingual,1,44195,32135,2.36
tate,1,7336,0,3.72
jewels[manual],1,0,0,3.52
londoners,1,0,0,2.81
spencer,1,4594,0,4.07
unlawfully,1,16502,27227,3.09
ravens,1,0,0,3.66
guang,1,0,0,2.41
asia.,1,0,0,4.65
leonard,1,5856,0,4.01
bernstein,1,16728,0,3.43
the1950s,1,0,0,0.0
haley,1,34394,0,3.48
elvis,1,10645,0,3.78
riyadh,1,26630,0,3.1
woodwind,1,26821,26580,2.46
oboe,1,17634,23840,2.69
awards,1,0,0,4.71
lute,1,26506,23381,2.87
fullmoon,1,0,0,1.27
mandolin,1,28642,23220,2.78
dulcimer,1,49920,29230,2.12
zither,1,0,35757,2.01
buick,1,40111,0,3.17
nikon,1,36313,0,3.33
pineapples,1,0,0,2.78
lightening,1,33737,25183,3.04
n't,1,0,29,3.58
stretcher,1,12397,11654,3.23
slipp,1,0,0,1.17
skinn,1,0,0,1.4
chester,1,5471,0,3.81
coaching,1,9066,5781,4.29
sprinter,1,16360,16324,3.19
sprinting,1,0,0,3.01
non-existent,1,0,0,3.5
pre-bedtime,1,0,0,3.54
pre-slumber,1,0,0,3.19
unneeded,1,42804,23935,2.64
woe,1,11736,8122,3.31
sabbath,1,12368,0,3.5
bonny,1,21028,31536,2.84
blithe,1,33385,25516,2.48
backslapping[manual],1,0,0,1.38
backslapping,1,0,0,1.38
frenchwomen,1,0,0,1.23
gust,1,15153,10137,3.1
esther,1,10653,0,3.62
craig,1,4867,0,4.18
pleasantest,1,0,0,1.32
fli,1,0,0,1.91
ack,1,0,0,2.87
sia,1,0,0,3.11
chool,1,0,0,1.65
esearch,1,0,0,1.11
ucky,1,0,0,1.11
az,1,0,0,3.68
fron,1,0,0,2.43
eaz,1,0,0,1.19
puki,1,0,0,1.01
.ath,1,0,0,2.96
iave,1,0,0,1.19
nust,1,0,0,1.77
crying,1,7990,5439,4.56
wie,1,0,0,2.92
tiere,1,0,0,1.51
anz,1,0,0,2.79
bih,1,0,0,2.46
ene,1,0,0,2.71
forn,1,0,0,1.61
tim.,1,0,0,4.51
rory,1,5915,0,3.72
soil.,1,0,0,4.42
lsland,1,0,0,2.03
yuki,1,0,0,3.05
pfl,1,0,0,1.95
saras,1,0,0,1.73
.other,1,0,0,6.16
ean,1,0,0,2.33
iddle,1,0,0,1.21
bennys,1,0,0,1.28
eeling,1,0,0,1.25
elp,1,48829,0,2.25
.aking,1,0,0,1.95
glay,1,0,0,1.65
i'eb1,1,0,0,1.02
gaint,1,0,0,1.31
tog,1,36276,0,2.41
steg,1,0,0,1.72
'z,1,0,0,4.47
anes,1,0,0,1.74
avid,1,14467,8676,3.5
t6,1,0,0,2.76
n'e,1,0,0,4.91
dany,1,0,0,2.67
gager,1,0,0,1.26
sandcastle,1,42454,38388,2.27
4he,1,0,0,1.51
millilitre,1,35763,0,1.6
splatter,1,20748,14477,2.77
che-mi-cal,1,0,0,3.31
oct,1,2368,0,4.35
dec,1,2073,0,4.29
iop,1,0,0,2.36
replies,1,0,0,3.95
zu,1,43967,0,3.2
qut,1,0,0,2.0
conna,1,0,0,1.05
wiese,1,0,0,2.35
thinh,1,0,0,1.4
freind,1,0,0,2.1
poeple,1,0,0,2.1
quan,1,0,0,2.97
breal,1,0,0,1.06
tah,1,0,0,2.57
frien,1,0,0,1.77
eci,1,0,0,2.27
worl,1,0,0,2.08
.asl,1,0,0,3.0
ase,1,0,0,2.62
lez,1,0,0,2.26
suci,1,0,0,1.65
os,1,17581,0,4.1
jn,1,0,0,2.97
cz,1,0,0,2.96
tis,1,0,0,3.6
begging,1,19675,16801,3.93
dutton,1,35706,0,3.2
ool,1,0,0,1.86
dost,1,36824,0,2.92
cannes,1,15999,0,3.5
noonday,1,45463,27179,2.15
saoirse,1,0,0,2.14
buffaloes[manual],1,0,0,2.74
1820s,1,0,0,1.44
sone,1,0,0,2.58
jt,1,36346,0,3.3
lool,1,0,0,2.1
subtopics,1,0,0,1.6
hthe,1,0,0,1.4
reen,1,0,0,1.65
tc.,1,0,0,3.52
cig,1,39198,45000,2.85
sewen,1,0,0,0.0
cack,1,0,0,1.89
coth,1,0,0,1.07
salon,1,6730,6915,3.87
browner,1,0,0,2.45
fn,1,18186,0,3.4
wisit,1,0,0,1.05
hawe,1,0,0,1.33
moon-,1,0,0,4.7
seldom.,1,0,0,3.63
newer,1,0,0,3.94
songshan,1,0,0,1.16
reat,1,0,0,1.95
unny,1,0,0,1.04
heck,1,15802,6954,4.02
hotair,1,0,0,1.25
.emory,1,0,0,3.27
aust,1,48079,0,2.92
dum,1,29627,0,3.16
vvvvvv,1,0,0,1.27
coffs,1,0,0,2.29
goulburn,1,0,0,2.71
merinos,1,0,0,1.33
fingerboard,1,18352,39197,2.26
fullsize,1,0,0,1.67
melodic,1,13308,13564,3.24
violist,1,0,35552,1.98
viol,1,44368,40850,2.28
seas,1,0,0,3.93
33rd,1,0,0,2.1
lus,1,0,0,1.91
class-,1,0,0,5.36
d2791,1,0,0,0.0
khen,1,0,0,1.45
br.,1,0,0,3.89
biro,1,16279,0,2.32
nith,1,0,0,1.86
liu.,1,0,0,3.74
ben.,1,0,0,4.69
ihave,1,0,0,2.11
tramel,1,0,0,1.18
nemer,1,0,0,1.38
mery,1,0,0,2.02
secre,1,0,0,1.78
pyra,1,0,0,1.79
meri,1,0,0,2.68
simo,1,0,0,2.22
thi,1,30640,0,3.16
heath,1,5621,24195,3.76
rong,1,0,0,2.59
water.,1,0,0,5.52
stam,1,0,0,2.39
shor,1,0,0,2.34
gla,1,0,0,2.6
fel,1,0,0,2.72
ab,1,30644,0,4.06
cj,1,17600,0,3.46
ofsome,1,0,0,1.11
buds,1,0,0,3.63
sciencefiction,1,0,0,1.09
indy,1,41054,18923,3.55
ancer,1,0,0,1.12
jee,1,0,0,2.87
elcome,1,0,0,1.1
eow,1,0,0,1.79
pes,1,0,0,3.01
tinkle,1,24003,24868,2.36
mgm,1,17359,0,3.27
gansu.,1,0,0,2.24
tep,1,0,0,2.2
persona,1,12509,7526,3.69
brazel,1,0,0,1.34
shortform,1,0,0,1.26
viruses[manual],1,0,0,3.63
ultrasmart,1,0,0,0.0
syllabic,1,30405,36112,2.34
nl,1,29008,0,3.52
xyz,1,0,0,2.86
e-dog,1,0,0,4.88
ve,1,28191,0,4.56
cs,1,34015,0,3.9
y10,1,0,0,1.03
y5,1,0,0,1.71
y2,1,0,0,2.43
y15,1,0,0,1.03
y9,1,0,0,1.34
dz,1,0,0,2.86
vz,1,0,0,2.41
mct,1,0,0,2.44
fixing,1,12171,16428,4.09
zoo.,1,0,0,4.14
umbrellas,1,0,0,3.11
ed.,1,0,0,4.79
owners,1,0,0,4.65
hobo.,1,0,0,3.08
nono,1,0,0,2.57
type-,1,0,0,5.27
dun.,1,0,0,3.33
countr,1,0,0,1.7
hotline,1,15833,13429,3.39
fei-son,1,0,0,3.18
kidnapping,1,12079,7669,3.77
incredulous,1,16217,14129,2.81
curtly,1,17511,22998,2.16
strode,1,0,0,2.88
rache,1,0,0,1.73
jerome,1,15907,0,3.66
bogues,1,0,0,1.55
flatmate,1,23041,0,2.54
jfm,1,0,0,1.42
3n,1,0,0,2.05
atsi,1,0,0,1.23
dep,1,0,0,2.94
rli,1,0,0,1.56
rbk,1,0,0,1.76
stil,1,0,0,2.57
idr,1,0,0,2.28
gad,1,44727,0,2.92
ges,1,0,0,2.35
gvn,1,0,0,1.55
armstrong[manual],1,0,0,3.76
123bb,1,0,0,0.0
e-teacher,1,0,0,4.73
r3,1,0,0,3.0
aq,1,0,0,2.99
qo,1,0,0,2.22
iest,1,0,0,1.71
slimmest,1,0,0,2.14
centre.,1,0,0,4.95
as.,1,0,0,6.77
im-,1,0,0,4.69
122-traffic,1,0,0,3.71
town.,1,0,0,5.24
clearest,1,0,0,3.04
ao,1,42257,0,3.38
rmb,1,0,0,2.91
flags,1,0,0,4.09
fathers,1,0,0,4.08
novel.,1,0,0,4.63
seil,1,0,0,1.31
kis,1,0,0,2.32
rit,1,0,0,2.66
rp,1,17661,0,3.67
dishes[manual],1,0,0,3.91
jane.,1,0,0,4.42
-f[manual],1,0,0,4.25
denny,1,17026,0,3.38
yup,1,24939,14516,4.06
beauti,1,0,0,1.7
julie.,1,0,0,4.09
lew,1,39739,0,3.27
use-,1,0,0,5.81
wenjing,1,0,0,1.01
hqn,1,0,0,1.05
tommorrow,1,0,0,1.89
p.m,1,0,0,4.44
giri,1,0,46372,2.35
leter,1,0,0,1.29
jiu,1,0,0,2.95
sensibly,1,9457,18212,2.93
closer,1,2939,3005,4.73
4b,1,0,0,2.87
wukong,1,0,0,2.22
1c.,1,0,0,2.94
badaling,1,0,0,1.2
summarizing,1,0,46358,2.87
rosa,1,6789,0,3.8
hongqiao,1,0,0,1.58
errr,1,0,0,2.38
trekking[manual],1,0,0,3.0
digraph,1,0,0,1.89
comp,1,25148,12827,3.85
ter,1,9421,0,3.26
j-a-c,1,0,0,4.83
k-i-t,1,0,0,4.79
dingding,1,0,0,1.36
blackwood,1,26656,0,2.97
beibei,1,0,0,1.47
snowing,1,0,0,3.1
3rd.,1,0,0,4.65
can.,1,0,0,6.46
cd.,1,0,0,4.36
oul,1,0,0,1.87
eigh,1,0,0,1.51
eer,1,0,0,2.02
gh,1,29333,0,3.18
mb,1,16732,0,3.78
mn,1,0,0,3.73
tw,1,46179,0,3.12
si,1,30951,0,4.17
blac,1,0,0,2.21
sto,1,0,0,2.86
bir,1,47487,0,2.68
har,1,49603,0,3.2
sk,1,47546,0,3.51
sm,1,28160,0,3.71
sn,1,38042,0,3.17
str,1,0,0,3.27
sw,1,21241,0,3.68
tuni,1,0,0,1.19
registering,1,0,0,3.46
voiceless,1,29292,23956,2.76
impressions,1,0,0,3.71
gowon,1,0,0,1.95
hobbies,1,0,0,3.57
argh,1,0,0,2.95
try-out,1,0,0,5.45
eddin,1,0,0,1.6
aldous,1,26418,0,2.65
huxley,1,16746,0,3.01
rosalia,1,0,0,2.18
castro,1,10781,0,3.73
incas',1,0,0,2.58
iking,1,0,0,1.19
mazing,1,0,0,1.99
lso,1,0,0,2.31
rch,1,0,0,2.06
cou,1,30642,0,2.61
rse,1,0,0,2.06
ift,1,0,0,2.3
ilin,1,0,0,1.36
peru.,1,0,0,3.89
aguas,1,0,0,2.19
calientes,1,0,0,1.71
fors,1,0,0,2.0
snowslide,1,0,0,0.0
resear,1,0,0,1.28
sweetmeat,1,34851,39489,1.67
sweetbread,1,0,0,1.51
quicksand,1,25690,22101,2.68
hanzi,1,0,0,1.83
login,1,0,0,3.49
capitalisation,1,23783,0,2.47
idm,1,0,0,2.34
four.,1,0,0,5.53
sheila,1,5846,0,3.56
owens,1,21032,0,3.63
facedown,1,0,17892,2.26
irl,1,0,0,3.43
nerd,1,40495,14336,3.66
seoul.,1,0,0,3.93
arno,1,40703,0,2.75
bologna,1,16671,22662,3.25
improvisatore,1,0,0,0.0
tobias,1,0,0,3.29
smollett,1,39279,0,2.4
lucien,1,13526,0,3.04
patsy,1,10930,19274,3.12
tunney,1,31226,0,2.26
willey,1,41433,0,2.56
slalom,1,17869,15050,3.11
luge,1,0,27379,2.72
chaoyang,1,0,0,1.8
inning,1,0,7703,3.83
tornadoes,1,0,0,3.27
sniffer,1,26564,27555,2.6
algeria,1,9294,0,3.62
haiti,1,17260,0,3.72
kanji,1,0,34277,3.01
bones,1,0,0,4.32
eig,1,0,0,1.88
ig,1,39885,0,3.63
poly,1,13074,20989,3.64
giuseppe,1,26367,0,3.14
1870s,1,0,0,1.82
scriptorium,1,41659,38974,1.73
mongolians,1,0,0,2.22
longan,1,0,0,1.61
simmer,1,12666,5998,3.27
morals,1,0,0,3.65
nameless,1,15339,14229,3.15
unremembered,1,46308,40326,1.69
oprah,1,48904,0,3.49
winfrey,1,0,0,3.02
lans,1,0,0,2.5
franciscans,1,0,0,2.55
bluegrass,1,0,15325,3.16
rican,1,0,0,3.43
laika,1,0,0,2.21
vehicles,1,0,0,4.62
olympus,1,24185,0,3.25
mons,1,27286,0,3.05
modality,1,23080,12761,2.81
downstair,1,0,0,1.19
bumbles,1,0,0,1.55
32c,1,0,0,2.07
dyer,1,16947,0,3.35
rousseau,1,12937,0,3.01
tranquility,1,33556,15014,3.02
gunshot,1,21227,8950,3.49
righteousness,1,15552,15299,3.48
propriety,1,14629,13670,2.79
beverly,1,16054,0,3.87
waka,1,0,0,2.76
tira,1,0,0,2.17
ringa,1,0,0,1.7
poi,1,0,0,2.83
terraform,1,0,0,1.99
christiane,1,0,0,2.63
heinicke,1,0,0,1.51
chooser,1,38069,36066,1.9
maupassant,1,0,0,2.13
marriageable,1,35929,28509,2.1
shuck,1,0,20318,2.37
discreetly,1,11394,13419,3.04
centime,1,0,0,1.53
gratefully,1,10222,14306,2.7
sylvia,1,10285,0,3.6
ization,1,0,0,1.6
lreland,1,0,0,1.5
linkage,1,8981,7678,3.14
promoting,1,38810,0,4.28
images,1,0,0,4.75
highquality,1,0,0,1.78
getty,1,17961,0,3.49
wuhu,1,0,0,1.74
surveyor,1,5119,14241,3.36
wolverine,1,0,0,3.44
whisperer,1,0,30241,2.81
waterside,1,19904,29007,2.65
trolls,1,0,0,3.62
selfy,1,0,0,1.07
garvey,1,13509,0,3.01
n.m.,1,0,0,2.65
sinew,1,20296,23614,2.33
qiao,1,0,0,2.33
seabird,1,25517,21036,2.38
grange,1,10602,0,3.29
pinata,1,0,28710,2.26
mariachi,1,0,23913,2.81
coronation,1,7863,17819,3.45
wal,1,40668,0,3.52
whi,1,48954,0,2.5
mus,1,0,0,3.02
ua,1,0,0,3.28
zhu.,1,0,0,3.12
eroica,1,0,0,1.79
sonata,1,17340,20594,3.13
kreutzer,1,0,0,1.89
horizontally,1,11924,12544,3.3
vertically,1,9720,11490,3.46
semmering,1,0,0,1.07
sicheng,1,0,0,1.24
chariot,1,12030,15795,3.29
reporting,1,5124,3882,4.54
afterlife,1,23753,14038,3.36
slowing,1,36560,26455,3.71
fairyland,1,33186,30911,2.39
antler,1,20616,12101,2.61
bedford,1,7279,0,3.6
shishou,1,0,0,1.18
austin,1,8018,0,4.36
e-library,1,0,0,4.72
twinflower,1,0,0,0.0
wildcat,1,23016,22252,3.06
blackbird,1,15646,22797,2.91
coot,1,36222,27518,2.5
futuristic,1,19100,14008,3.37
cleopatra,1,19282,0,3.18
acropolis,1,25503,26671,2.73
oneyear,1,0,0,1.22
hop.,1,0,0,4.4
chapin,1,0,0,2.74
hassle,1,11651,10953,3.57
darth,1,0,0,3.23
vader,1,0,0,3.29
gladiator,1,20832,22393,3.19
co-winner,1,0,0,4.66
passages,1,0,0,3.68
geophysics,1,0,33313,2.72
countryman,1,9572,12297,2.9
madman,1,15543,13915,3.22
i.m.,1,0,0,2.43
90s,1,0,0,2.48
drucker,1,38325,0,2.78
easier,1,4919,0,4.76
energy-e,1,0,0,4.95
paterson,1,15774,0,3.41
wyss,1,0,0,2.21
roboticist,1,0,0,1.47
frome,1,13461,0,2.65
icecream,1,36919,0,2.53
paros,1,49264,0,2.0
freefall,1,46049,0,2.56
zhuhai,1,0,0,2.04
thunderhead,1,0,25790,1.85
svetlana,1,47204,0,2.76
danxia,1,0,0,1.13
geopark,1,0,0,1.56
pigsy,1,0,0,1.05
blitz,1,11629,12387,3.57
pimm,1,38083,0,1.89
roland,1,7361,0,3.66
barthes,1,17704,0,2.25
bodies,1,0,0,4.69
powerlessness,1,19896,18652,2.53
napier,1,13219,0,3.13
uneasiness,1,21173,16215,2.51
isabella,1,10778,0,3.49
rico,1,16905,0,3.97
pollinating,1,45688,32688,2.32
italicise,1,36747,0,0.0
wfd,1,0,0,1.55
guacimo,1,0,0,0.0
constitutional,1,2677,2689,4.33
undetected,1,18643,15660,3.03
birch,1,12047,11505,3.5
shaggy,1,16386,14385,3.18
checkmate,1,41851,34254,2.98
huahua,1,0,0,1.03
fantasise,1,22452,0,1.99
gpa,1,30068,0,3.54
learn-,1,0,0,5.17
weston,1,12571,0,3.49
mid-winter,1,0,0,4.55
polynesians,1,0,0,2.21
samoans,1,0,0,2.24
staffroom,1,24517,0,1.73
sis,1,22287,26692,3.63
la-,1,0,0,5.05
necked,1,43168,0,2.87
contentedly,1,21480,19634,2.21
rejuvenating,1,0,36662,2.51
growling,1,35582,27589,2.97
purr,1,21285,15543,2.75
nuzzle,1,23388,17791,2.25
fertilising,1,0,0,1.73
irrigating,1,0,0,2.16
cottonpicking,1,0,0,0.0
herdsmen,1,0,0,2.48
dundee,1,6664,0,3.6
agritourism,1,0,0,1.44
guesswork,1,19630,20577,2.74
israel,1,2618,0,4.77
simcha,1,0,0,1.85
denie,1,0,0,1.36
hydroponic,1,0,31121,2.42
harvester,1,21225,20058,2.87
ze,1,40068,0,3.06
shaded,1,14022,13989,3.27
guqin,1,0,0,1.08
primavera,1,0,35895,2.44
sandro,1,43503,0,2.91
botticelli,1,39896,0,2.43
pote,1,0,0,1.96
virgil,1,23865,0,3.42
uncheck,1,0,31976,2.24
dizziness,1,19828,14806,3.11
skipp,1,0,0,1.73
sea-ice,1,0,0,4.73
drake,1,12926,30272,3.96
reducing,1,21492,26019,4.36
presenting,1,0,0,4.08
horrifying,1,14355,11437,3.46
reynold,1,0,0,2.25
conrad,1,10618,0,3.63
anker,1,0,0,2.54
steepness,1,33980,31753,2.09
forms,1,0,0,4.73
brownings,1,0,0,1.55
mid-tang,1,0,0,3.56
flowerful,1,0,0,0.0
swinburne,1,38019,0,2.55
aint,1,0,0,3.34
untroubled,1,19613,24386,2.33
regather,1,0,0,1.42
istic,1,0,0,1.27
ism,1,38544,33500,3.06
gibb,1,27083,0,2.72
decorating,1,15156,14078,3.36
rry,1,0,0,1.61
goliath,1,23943,41146,3.15
pieta,1,49099,33673,2.01
giorgio,1,22590,0,3.24
reliably,1,11843,11630,3.4
lobster,1,11887,6212,3.65
tidying,1,0,0,2.69
jo.,1,0,0,4.03
pleasanter,1,0,0,1.59
topography,1,15870,13053,3.28
leatherback,1,0,37232,2.06
watermill,1,36336,0,1.92
paraguay,1,24514,0,3.23
guesthouse,1,33797,23479,2.87
highlevel,1,0,0,1.13
demote,1,20150,18146,2.29
fenollosa,1,0,0,1.12
keat,1,0,0,1.82
seaward,1,21801,29540,2.48
tarry,1,36041,30701,2.43
firstaid,1,0,0,1.09
infeld,1,0,0,1.57
dge,1,0,0,1.76
ology,1,0,0,2.01
non-traditional,1,0,0,4.71
cornflour,1,29185,0,1.97
jiao,1,0,0,2.34
undeveloped,1,18510,14364,3.11
ainsworth,1,26433,0,2.76
martinez,1,27978,0,3.69
berger,1,13213,0,3.35
cory,1,38204,0,3.55
richards,1,5491,0,3.85
radmacher,1,0,0,1.16
coursework,1,17574,15879,3.0
cashless,1,0,41941,2.5
giada,1,0,0,2.16
laurentiis,1,0,0,1.98
sum-small,1,0,0,4.31
wholegrain,1,41312,0,1.88
overemphasised,1,0,0,1.23
eatery,1,37207,14915,2.78
aussie,1,12917,16493,3.55
alam,1,42330,0,3.1
skye,1,13100,0,3.35
entomologist,1,38064,15202,2.71
mcewan,1,23548,0,2.58
gob,1,27220,21768,2.7
mitchell,1,5753,0,4.24
whitehorse,1,0,0,2.36
yellowknife,1,0,0,2.35
charlottetown,1,0,0,2.45
fredericton,1,0,0,2.51
erie,1,0,0,3.57
mountaineering,1,16589,19367,2.84
gables,1,0,0,2.92
montgomery,1,8229,0,3.92
buggy,1,15325,13418,3.32
rewrote,1,32731,0,2.75
cordoba,1,40096,41002,2.78
tierra,1,37346,0,2.81
del,1,10316,0,4.32
fuego,1,37357,0,2.7
bolivia,1,13076,0,3.53
maser,1,0,30014,2.12
sheather,1,0,0,0.0
paddleboarding,1,0,0,1.79
bardugo,1,0,0,1.39
paramedics,1,46831,0,3.3
slapp,1,0,0,1.87
grabb,1,0,0,1.23
choking,1,27145,23796,3.58
sunstroke,1,36554,38835,2.12
copacabana,1,0,0,2.58
scientists,1,0,0,4.5
marshfield,1,0,0,2.46
cepheid,1,0,0,1.8
extragalactic,1,0,32911,1.98
werner,1,16529,0,3.34
niels,1,0,0,2.7
bohr,1,30799,0,2.65
degrasse,1,0,0,2.58
tyson,1,13262,0,3.63
photon,1,17697,9947,3.32
grooming,1,34373,25191,3.45
1850s,1,0,0,1.67
confirming,1,49693,0,3.67
hsk,1,0,0,1.76
destine,1,6450,6906,1.72
philadelphia,1,10154,0,4.42
sheffield,1,3462,0,3.91
ph.b.,1,0,0,1.14
teethe,1,0,0,1.01
fillet,1,15841,10721,2.97
bo.,1,0,0,4.0
thinks,1,0,0,4.78
totable,1,0,0,0.0
fad,1,15200,11194,3.26
derivation,1,15834,20388,3.04
fallsview,1,0,0,1.41
acidic,1,15489,14328,3.34
raftsman,1,0,0,0.0
shallower,1,0,0,2.76
serialise,1,37795,0,0.0
kennel,1,10833,15947,3.16
elmo,1,46680,0,3.02
shep,1,29883,0,2.96
puppyhood,1,0,0,1.35
egotistical,1,22689,23895,2.75
insular,1,19711,17801,3.03
pamper,1,15061,13298,2.78
kindred,1,20308,18790,3.15
tubbing,1,0,0,1.56
tonic,1,7921,12096,3.39
loath,1,19026,16958,2.67
francois,1,20856,0,3.37
snarl,1,10745,12288,2.62
trespasser,1,16626,24874,2.41
wail,1,9985,8887,2.9
snakebite,1,49509,29436,2.22
non-slip,1,0,0,4.24
non-government,1,0,0,5.11
ngo,1,29814,0,3.43
npo,1,0,0,2.24
defeats,1,0,0,3.71
prot,1,0,0,2.7
romer,1,41137,0,2.48
rayne,1,0,0,2.4
counselling,1,4832,23649,3.45
h.g.,1,0,0,2.62
overheating,1,18849,21576,3.1
walle,1,0,0,1.86
transformers,1,0,0,3.57
co-pilot,1,0,0,4.44
aus,1,37773,0,3.57
creatures,1,0,0,4.21
emu,1,13391,21845,3.05
levee,1,0,9918,2.79
screening,1,5804,4694,4.15
tucker,1,12794,0,3.79
attr,1,0,0,1.92
deepwater,1,0,0,2.94
launching,1,18567,14214,3.99
levenson,1,0,0,2.28
cvs,1,0,0,3.35
bumpy,1,14672,12588,3.18
gypsies,1,0,0,3.1
sera,1,17814,0,3.12
laci,1,0,0,2.09
jihan,1,0,0,1.88
observant,1,18633,16107,3.05
co-writer,1,0,0,4.58
bio-medical,1,0,0,4.04
fyi,1,0,0,3.52
1xx,1,0,0,1.24
skills,1,0,0,4.77
qualifications,1,0,0,3.88
interests,1,0,0,4.66
activitie,1,0,0,1.01
vastly,1,8443,7509,3.62
redecorate,1,18844,22227,2.35
stow,1,15825,12242,3.06
whiteness,1,15637,12736,3.0
subterranean,1,14927,14509,3.11
kip,1,22781,42030,3.04
prizing,1,0,0,1.74
grazing,1,12478,12892,3.49
ingredients,1,0,0,4.14
flightless,1,35765,29797,2.47
nocturnal,1,14227,13312,3.24
mating,1,16269,12777,3.5
colleen,1,46453,0,3.3
mccullough,1,28742,0,2.94
fleeter,1,0,0,1.12
lovebird,1,38630,32132,1.83
smallish,1,20268,20408,2.53
rosella,1,0,0,2.1
purplish,1,26273,23142,2.71
underwing,1,0,44725,1.65
galah,1,0,0,1.56
cheeky,1,10250,22931,3.51
cockatoo,1,39928,31671,2.52
kookaburras,1,0,0,1.77
goannas,1,0,0,1.58
adder,1,24778,28037,2.69
lethal,1,6941,6159,3.86
gnat,1,25092,20343,2.46
wheeling,1,40550,31319,3.21
thatcher,1,2513,0,3.47
neumann,1,28427,0,3.04
yap,1,25298,22445,2.94
sherry,1,7938,12359,3.4
slat,1,20751,15265,2.35
masefield,1,29755,0,1.99
spume,1,34669,35204,1.43
vagrant,1,16730,23961,2.76
whet,1,18573,19708,2.62
boisterous,1,18932,15945,2.86
smilingly,1,35737,33997,1.74
trackless,1,36399,30536,2.02
tinned,1,14560,33422,2.69
dimming,1,0,33253,2.62
whirling,1,24630,22200,2.73
perspex,1,19973,0,2.25
aud,1,0,0,3.16
neediest,1,0,0,1.97
unhappily,1,14601,19190,2.56
corneal,1,42674,30967,2.81
lesion,1,6820,8422,3.08
reliant,1,14225,15558,3.41
enrollment,1,0,6365,3.92
neoclassical,1,28197,15315,2.79
jetliner,1,0,18866,2.07
outpouring,1,19427,14250,2.82
comac,1,0,0,1.44
malcolm,1,3866,0,4.01
outlier,1,39258,21350,2.86
co-creator,1,0,0,4.17
simplistic,1,9998,10678,3.32
tips,1,0,0,4.58
budgeting,1,12786,0,3.25
flk,1,0,0,1.25
binder,1,12878,12699,3.32
harrow,1,12074,21636,3.08
downe,1,0,0,2.21
troubling,1,23336,7561,3.5
cecelia,1,0,0,2.33
ahern,1,0,0,2.43
miranda,1,6315,0,3.84
overprotective,1,45461,26266,2.66
inone,1,0,0,0.0
ina,1,41360,0,3.22
kazakh,1,28972,0,2.96
madagascan,1,0,0,1.76
snag,1,11441,9696,3.27
snowbird,1,0,30406,2.17
transliteration,1,0,41458,2.43
katong,1,0,0,1.57
donghua,1,0,0,1.18
eyak,1,0,0,1.12
ingroup,1,0,0,2.17
relearn,1,35828,22045,2.34
kamilaroi,1,0,0,1.15
loanblend,1,0,0,0.0
logogram,1,0,0,1.15
divination,1,34177,18486,2.89
mosses,1,0,0,2.66
pulsifer,1,0,0,1.36
treasures,1,0,0,3.7
slab,1,6115,7461,3.49
natives,1,0,0,3.72
eve.,1,0,0,4.32
cornbread,1,0,20454,2.72
socio,1,0,0,3.58
behavioural,1,5872,31578,3.32
monocultural,1,0,37057,1.59
transnational,1,10882,9739,3.18
kele,1,0,0,1.77
chevy,1,48980,0,3.53
caribe,1,0,0,2.19
simons,1,24696,0,3.09
bloodshed,1,14794,11620,3.29
preventable,1,21314,16351,3.15
nanyang,1,0,0,2.21
fishpond,1,38173,36554,1.81
ifthe,1,0,0,1.96
traumatic,1,8596,7301,3.79
tibetans,1,0,0,2.81
mongols,1,0,0,3.04
manchus,1,0,0,2.08
elders,1,0,0,3.76
stendhal,1,43373,0,2.13
brett,1,12945,0,3.86
housecleaning,1,0,31694,2.15
pinto,1,36856,20827,3.12
contreras,1,0,0,2.74
hussein,1,6293,0,3.54
norton,1,7359,0,3.75
youcan,1,0,0,1.82
managing,1,3337,4906,4.4
bewail,1,35879,35791,1.42
aright,1,33340,36327,2.21
restructure,1,8039,8138,3.01
prioritize,1,25089,13446,3.31
hayward,1,12664,0,3.36
honourary,1,0,0,1.76
examining,1,21745,0,3.87
ossipee,1,0,0,1.59
n.h.,1,0,0,2.8
consulting,1,12137,6494,4.06
wizardry,1,22020,21796,2.74
bloomsbury,1,12715,0,2.92
covey,1,0,24064,2.61
keynote,1,15534,13838,3.48
nimes,1,0,0,1.99
lyon,1,15850,0,3.8
lorraine,1,12445,0,3.46
nonfictional,1,0,0,1.41
reformulate,1,21265,21218,2.02
bah,1,42291,19704,3.12
coo,1,24894,18409,3.3
hauser,1,18031,0,2.93
vive,1,36542,0,2.93
bluest,1,0,0,2.18
decameron,1,44923,0,2.08
dolphins,1,0,0,3.88
hector,1,9273,41855,3.57
overhunt,1,0,0,0.0
overcutting,1,0,0,0.0
smuggling,1,15006,13358,3.54
furless,1,0,0,1.02
baiji,1,0,0,1.9
reintroduction,1,22329,19966,2.71
akf,1,0,0,1.51
conventionally,1,11565,15495,3.07
untaught,1,0,0,1.32
burmese,1,45915,21338,3.27
schoolmaster,1,11813,23503,2.75
mildred,1,10987,0,3.2
unconsciousness,1,19118,21438,2.69
chisholm,1,26709,0,2.88
vividness,1,32901,26267,2.09
unsatisfying,1,0,34515,2.57
mac,1,6649,24380,4.45
macs,1,0,0,3.04
mcs,1,0,0,2.95
gregory,1,5818,0,3.87
fitzpatrick,1,26432,0,3.25
kowtowing,1,0,0,2.02
brighouse,1,42444,0,1.98
piaget,1,17572,0,2.37
pearson,1,8126,0,3.73
nominating,1,49111,0,3.2
kristine,1,0,0,2.68
hansen,1,24137,0,3.61
christy,1,26939,0,3.33
haggard,1,21936,19796,2.94
spraying,1,21333,17126,3.41
oecd,1,9350,0,3.44
reallife,1,0,0,1.54
woodworking,1,27548,19267,3.06
pierson,1,0,0,3.0
afp,1,30660,0,3.35
spacial,1,0,0,2.07
navigational,1,20984,18102,2.99
imean,1,0,0,1.59
sheehan,1,39109,0,3.05
35th,1,0,0,3.5
unfelt,1,0,45110,1.11
pdf,1,0,0,3.84
mcknight,1,35265,0,2.9
bythe,1,0,0,1.98
microcontroller,1,0,36210,2.44
step2,1,0,0,1.65
agentless,1,0,0,1.11
olga,1,17388,0,3.31
csm,1,30609,0,2.73
livable,1,0,18500,2.8
storing,1,0,0,3.57
governance,1,16687,6467,4.09
ungratefulness,1,0,0,1.29
thermo,1,0,0,2.85
cando,1,0,0,1.64
dalton,1,12411,0,3.53
capably,1,39420,33665,2.13
unpolluted,1,34138,33801,1.91
meehan,1,30617,0,2.74
tertiary,1,10660,18337,3.53
handson,1,0,0,1.51
listento,1,0,0,1.38
theread,1,0,0,1.03
holt,1,12766,0,3.67
capra,1,49619,0,2.58
metz,1,34891,0,2.86
theorist,1,5883,6290,3.16
makebelieve,1,0,0,1.17
hopps,1,0,0,2.01
peyton,1,30245,0,3.58
manning,1,15861,0,3.86
ext.,1,0,0,3.13
sportsground,1,0,0,1.33
reticent,1,18407,17152,2.62
royces,1,0,0,1.84
beverley,1,10419,0,2.98
symphonies,1,0,0,2.79
promotional,1,8863,9547,3.87
grossing,1,0,0,3.13
resonate,1,21464,7855,3.19
encouragingly,1,20016,26131,2.11
marland,1,30299,0,2.13
rawle,1,0,0,1.9
homegrown,1,38059,0,3.06
grizzard,1,0,0,1.5
woolf,1,12568,0,3.15
pilaf,1,0,25769,2.17
ukrainian,1,9358,10687,4.18
meatless,1,0,26195,2.4
corned,1,24461,22482,2.63
placeholder,1,0,39522,2.82
expressively,1,36586,29271,1.95
nightmares,1,0,0,3.73
godlike,1,37840,21691,2.66
duan,1,0,0,2.39
tomake,1,0,0,1.59
herrmann,1,0,0,2.7
loomis,1,0,0,2.99
e-magazine,1,0,0,4.63
dinnertime,1,35452,19301,2.38
raskolnikov,1,0,0,2.04
saskatchewan,1,37404,0,3.45
flair,1,9654,11212,3.54
dorris,1,0,0,2.08
aloneness,1,38075,28841,1.92
overactive,1,35572,24657,2.5
uniquely,1,8640,8638,3.54
darian,1,0,0,2.39
authors,1,0,0,4.49
firmness,1,14463,19226,2.8
pip,1,10934,0,3.35
mid-18th,1,0,0,3.84
clan,1,7945,5636,3.97
mancha,1,0,0,2.32
chivalry,1,15757,22033,3.08
quixotic,1,32638,21881,2.33
grasping,1,20930,21152,3.25
tothe,1,0,0,2.18
samarra,1,0,0,2.31
asthe,1,0,0,1.47
andthe,1,0,0,2.12
avast,1,0,0,2.45
do',1,0,0,6.35
upto,1,0,0,3.21
400th,1,0,0,1.16
susanna,1,17654,0,3.06
bab,1,27981,0,3.0
toure,1,0,0,2.83
brobdingnagian,1,0,43765,1.55
yahoo,1,0,28534,3.86
zhigang,1,0,0,1.38
zhihua,1,0,0,1.02
clownfish,1,0,0,2.18
dory,1,43586,25355,3.1
noose,1,22641,14639,2.98
pixar,1,0,0,3.16
riviera,1,24145,0,3.26
cecilia,1,17072,0,3.25
goodhearted,1,0,0,1.55
idolize,1,37916,18359,2.48
30s,1,0,0,2.92
deformity,1,18804,15321,2.83
smartness,1,38518,39104,2.17
intothe,1,0,0,1.35
unblemished,1,21593,22353,2.43
exposing,1,0,0,3.78
use.,1,0,0,5.81
inheritable,1,0,37247,1.97
harmer,1,44111,0,2.33
regulating,1,46107,37958,3.55
playgroup,1,12818,37586,2.34
nguyen,1,18109,0,3.23
ngoc,1,0,0,2.02
truong,1,0,0,2.23
a7,1,0,0,2.87
marion,1,8123,0,3.8
torv,1,0,0,1.5
intergalactic,1,42045,22814,2.86
mouthed,1,0,0,3.09
jie.,1,0,0,2.73
refuel,1,15640,15247,2.84
ageless,1,33421,21199,2.69
agelessness,1,0,0,1.17
astride,1,19215,18308,2.62
hagrid,1,0,0,2.56
dursleys,1,0,0,1.52
comical,1,18500,14711,3.23
sentient,1,33396,16780,3.12
cliffhanger,1,47309,25708,2.84
seamlessly,1,33506,16660,3.1
retractable,1,35149,21351,2.94
pre-writing,1,0,0,4.71
drafting,1,12588,15236,3.66
revising,1,0,0,3.18
capitalization,1,36224,16857,3.12
anthologist,1,0,43011,1.4
anthology,1,15096,10276,3.48
prolific,1,10046,10980,3.6
spiderlike,1,0,43951,0.0
prestigious,1,7170,6451,3.86
anonymously,1,18728,14502,3.41
mediocre,1,14371,10434,3.52
disciple,1,7802,8067,3.38
humaneness,1,0,39471,1.8
trustworthiness,1,37786,21064,2.67
captivate,1,18572,12641,2.52
bowing,1,41723,30745,3.15
itall,1,0,0,1.11
wherein,1,14951,12003,3.78
tamar,1,13566,0,2.9
gendler,1,0,0,1.42
boethius,1,0,0,1.96
hobbes,1,17856,0,3.04
lovejoy,1,27760,0,2.8
dawkins,1,27149,0,3.14
berkeley,1,8189,0,3.93
marcy,1,0,0,2.96
animalistic,1,0,33216,2.32
mini-text,1,0,0,4.34
relevance,1,4018,6543,3.75
viral,1,10705,10615,4.08
toxicity,1,17242,12322,3.58
shutdown,1,22050,11685,3.62
filtration,1,10892,16074,3.31
electrically,1,14944,17986,3.19
conductive,1,28450,22392,3.06
clostridium,1,46994,37117,2.52
regress,1,21815,16913,2.63
erysipelas,1,0,0,1.66
rutgers,1,0,0,3.4
computational,1,13334,13207,3.62
crossbreed,1,0,38021,2.05
kirch,1,0,0,1.92
cornell,1,22575,0,3.69
illuminating,1,15627,17570,3.21
grenville,1,35249,0,2.71
kleiser,1,0,0,1.51
newsfeed,1,0,0,2.53
anxiousness,1,0,40795,1.95
craving,1,15783,12347,3.56
insecure,1,11089,10533,3.72
selfcontrol,1,0,0,1.47
compulsively,1,35212,21410,2.44
browsing,1,25201,20728,3.6
aholic,1,0,0,1.43
chocoholic,1,0,46034,1.66
alcoholism,1,15010,9107,3.45
workaholism,1,0,34993,1.55
bullring,1,0,38860,2.24
procrastinator,1,0,29531,2.07
gaba,1,0,0,2.84
bans,1,0,0,3.69
pre-select,1,0,0,4.33
newfound,1,33144,9694,3.14
west.,1,0,0,5.29
bernie,1,12867,0,3.99
slanderous,1,40812,32262,2.48
instill,1,34201,12013,3.0
birthrate,1,38250,21563,2.28
revealer,1,0,0,1.66
adsorb,1,38760,35418,1.86
biochemical,1,10822,14303,3.21
andso,1,0,0,1.16
biomaterial,1,0,0,1.84
instrumentation,1,16200,12089,3.46
rehabilitation,1,6184,4793,3.99
savannah,1,23520,23227,3.62
scheller,1,0,0,1.66
caton,1,49765,0,2.27
workin,1,0,0,3.25
coelho,1,0,0,2.62
viktor,1,26505,0,3.55
emil,1,27382,0,3.18
frankl,1,0,0,2.15
enriching,1,35067,20693,3.04
oceanside,1,0,0,2.67
outclass,1,23309,31094,1.89
moliere,1,0,0,1.93
populace,1,14746,11767,3.34
rightfully,1,20672,14847,3.24
governmental,1,8087,5820,3.85
governess,1,16601,23436,2.87
academics,1,0,0,3.78
goldberg,1,13331,0,3.5
big-,1,0,0,5.67
lifehack,1,0,0,1.7
berthold,1,0,0,2.34
auerbach,1,29226,0,2.62
conroy,1,26786,0,2.98
sheeran,1,0,0,3.08
jive,1,36388,28719,3.08
bossa,1,0,0,2.47
novas,1,0,0,2.1
non-western,1,0,0,4.83
violinmaker,1,0,0,0.0
vandross,1,0,0,2.2
connotation,1,9831,11350,2.94
multimodal,1,0,32364,2.54
quirt,1,0,41190,1.58
roswell,1,0,0,3.0
inductee,1,0,26212,2.33
cp,1,13358,0,3.79
clench,1,8294,8816,2.65
reroute,1,0,0,2.41
recondition,1,36206,34454,1.8
jennings,1,15862,0,3.62
conor,1,28967,0,3.51
unplugged,1,35386,18806,3.11
subodh,1,0,0,1.78
gupta,1,41190,0,3.35
ashton,1,9284,0,3.72
eaton,1,15764,0,3.42
stressor,1,0,10151,2.41
semantic,1,4913,11345,3.4
worrisome,1,46298,11637,2.88
airconditioning,1,0,0,2.07
wonderfully,1,8680,8891,3.55
anti-worry,1,0,0,4.62
fearlessly,1,32745,25729,2.68
noncompetitive,1,0,0,1.95
taxing,1,14528,16151,3.41
ex-chrysler,1,0,0,3.53
upstair,1,0,0,1.39
sparring,1,21813,21698,3.11
townsfolk,1,23105,23611,2.56
woodfired,1,0,0,1.18
co-parent,1,0,0,4.48
contrasting,1,8831,11545,3.46
mid-morning,1,0,0,4.7
diwali,1,0,0,2.91
enthuse,1,13815,17459,1.92
rummage,1,12654,11327,2.54
clink,1,25577,17639,2.62
toaster,1,20581,14966,3.33
pragmatic,1,6695,7519,3.49
palin,1,30075,0,3.29
gilbert,1,5430,0,3.9
grosvenor,1,15511,0,2.93
geo,1,39175,0,3.61
graphy,1,0,0,1.48
nevis,1,17372,0,2.83
multipurpose,1,41683,18465,2.95
utilization,1,23454,9879,3.5
monoculture,1,38245,28170,2.3
ferghana,1,0,0,1.5
hotly,1,13820,13514,2.93
mid-2020,1,0,0,4.46
karan,1,0,0,3.11
workmen,1,0,0,2.92
stagehand,1,0,28365,1.93
schoolin,1,0,0,1.37
throughthe,1,0,0,1.22
wednesdays,1,0,0,3.24
tremendously,1,11211,8855,3.41
unattended,1,14775,16293,3.18
thieve,1,40567,0,1.66
denis,1,5832,0,3.62
edg,1,0,0,2.1
lifebuoy,1,0,0,1.7
peddle,1,14997,11632,2.76
ambiguity,1,5407,7034,3.37
untrimmed,1,0,36452,1.84
monotone,1,22002,19682,2.77
abcb,1,0,0,1.05
tupac,1,0,0,2.98
shakur,1,0,0,2.69
yearning,1,15023,12302,3.24
coalesce,1,18713,12702,2.63
billow,1,15929,12401,2.12
rainer,1,28287,0,2.83
rilke,1,43084,0,2.34
masterful,1,19934,15088,3.06
extraordinaire,1,36014,0,2.65
democrat,1,2733,903,4.24
bugle,1,23643,21910,2.92
crowding,1,41843,31124,3.05
xiangtan,1,0,0,1.02
sowing,1,21310,30793,3.0
woodwork,1,11268,15187,3.21
recopy,1,0,44904,1.1
curling,1,19139,18230,3.51
bada,1,0,0,2.72
reversal,1,7892,7227,3.56
heilbrunn,1,0,0,1.37
thematic,1,10807,11588,3.33
curator,1,8230,5964,3.55
156th,1,0,0,1.66
157th,1,0,0,1.66
153rd,1,0,0,0.37
cromwell,1,10487,0,3.36
sw7,1,0,0,1.79
xinyu,1,0,0,1.63
sketching,1,23411,26355,3.01
admonition,1,21168,14319,2.51
yungang,1,0,0,1.05
datong,1,0,0,2.07
calligraphic,1,48861,29899,2.09
wendell,1,30211,0,3.24
phillips,1,5135,0,4.03
misbehaviour,1,20844,0,2.2
lawfulness,1,45799,40540,2.17
bullying,1,15068,11883,3.97
leeming,1,30384,0,1.9
volcanoes,1,0,0,3.34
speeding,1,23300,17653,3.68
violation,1,6104,2870,4.15
deviance,1,10931,23934,2.45
shred,1,11812,8713,3.32
pigeons,1,0,0,3.36
lessig,1,0,0,2.13
mead,1,12495,27859,3.43
windblown,1,39088,18963,1.98
unhealthier,1,0,0,1.4
unreality,1,19837,24037,2.24
carpooling,1,0,0,2.23
cheerfulness,1,19953,26277,2.3
overran,1,24261,0,2.71
achinese,1,0,0,0.0
factfile,1,0,0,1.32
inyour,1,0,0,1.25
memorising,1,0,0,2.02
netizen,1,0,0,2.16
g2g,1,0,0,1.71
sixe,1,0,0,1.56
ithas,1,0,0,1.1
erm,1,133,0,3.22
0s,1,0,0,2.66
40s,1,0,0,2.81
beidaihe,1,0,0,1.05
tann,1,0,0,1.94
teed,1,0,0,2.41
telephoning,1,0,0,2.2
helpfulness,1,34563,29715,2.21
cutout,1,35004,16069,2.9
staunchest,1,0,0,2.12
afriend,1,0,0,1.06
tocome,1,0,0,0.0
iguess,1,0,0,1.53
groomer,1,0,26191,2.41
magine,1,0,0,1.42
greening,1,39597,29909,2.8
lemongrass,1,0,28117,2.43
asto,1,0,0,1.28
craziness,1,35531,18067,3.1
supervolcano,1,0,0,1.85
elk,1,36587,6392,3.49
bryan,1,6750,0,3.98
hodgson,1,16429,0,3.22
burnett,1,21996,0,3.32
thefuture,1,0,0,1.14
commonest,1,0,0,2.38
capita,1,0,0,3.82
stables,1,0,0,3.4
grete,1,0,0,2.18
tenured,1,0,18510,2.77
inventions,1,0,0,3.56
kenneth,1,4225,0,3.9
bottleneck,1,19722,15429,2.97
detachment,1,7798,10804,3.46
berlin.,1,0,0,4.38
hammurabi,1,0,0,2.14
trimm,1,0,0,1.37
embroider,1,14482,13767,2.19
unmade,1,33203,26169,2.4
pausing,1,0,0,3.04
art.,1,0,0,5.29
gan.,1,0,0,3.07
c20,1,0,0,1.88
nty,1,0,0,1.71
twe,1,49504,0,2.14
tho,1,30645,0,4.41
lea,1,4074,30030,3.57
oneday,1,0,0,1.69
somali,1,13447,13041,3.53
landes,1,44988,0,2.44
forecasting,1,12594,28372,3.47
costliest,1,0,0,2.34
inventing,1,0,42909,3.27
tel.,1,0,0,3.9
yan'an,1,0,0,1.72
marmion,1,0,0,2.14
landlocked,1,36487,24247,2.76
swahili,1,28227,24880,2.87
czechoslovakia,1,5421,0,3.38
re-establish,1,0,0,4.39
350th,1,0,0,1.27
memoirs,1,0,0,3.58
contemplative,1,16782,14870,2.89
perpendicularly,1,49100,37091,2.17
delacroix,1,40010,0,2.45
alexandros,1,0,0,2.08
prow,1,22777,21145,2.3
commemoration,1,20217,15453,3.29
prominently,1,11344,9654,3.41
elaine,1,6783,0,3.6
shining,1,7656,7281,3.98
shading,1,20338,19339,3.3
modals,1,0,0,1.68
smelling,1,0,38089,3.58
fruity,1,15875,17221,3.26
maypole,1,27690,40521,2.23
ghanaian,1,37387,20986,3.14
handsfree,1,0,0,1.9
chi.,1,0,0,3.95
godot,1,0,0,2.61
infact,1,0,0,2.75
peony,1,34159,17104,2.57
leopards,1,0,0,2.91
ofthem,1,0,0,1.72
briefest,1,0,0,2.34
starr,1,25173,0,3.41
laurel,1,14374,13523,3.63
moose.,1,0,0,3.61
ringing,1,11271,10072,3.68
headwater,1,39779,42886,2.01
smog.,1,0,0,3.05
areal,1,29503,33740,2.39
tofind,1,0,0,1.31
nana,1,17488,34178,3.54
acat,1,0,0,1.47
hyperactivity,1,38350,16949,2.86
edson,1,0,0,2.59
arantes,1,0,0,1.48
nascimento,1,0,0,2.19
ottoman,1,13174,22198,3.62
rwanda,1,29642,0,3.53
grassroots,1,16593,0,3.49
tragicomedy,1,0,37164,1.92
unseemly,1,21613,20173,2.67
ithaca,1,38507,0,3.16
buchanan,1,10777,0,3.52
lutwidge,1,0,0,1.3
dodgson,1,40879,0,2.19
carroll,1,12833,0,3.8
petersen,1,35702,0,3.15
reputedly,1,14744,23139,2.58
abandonment,1,8591,9919,3.4
spartan,1,15120,21044,3.37
menelaus,1,0,0,2.37
ex-football,1,0,0,4.63
draper,1,17277,40433,3.29
landmass,1,37990,25228,2.54
algonquin,1,46288,0,2.66
easternmost,1,0,28813,2.36
beachgoer,1,0,0,0.0
sensationalist,1,34982,32487,2.46
lr,1,13528,0,3.32
pri,1,30333,0,3.09
non-defin,1,0,0,1.27
cl,1,18048,0,3.85
airwave,1,21667,0,1.75
nur,1,36911,0,2.84
crosscountry,1,0,0,2.08
nosy,1,26568,20011,2.85
vaulter,1,0,34109,2.13
scorer,1,9287,9855,3.63
basketballer,1,0,0,1.71
steeplechase,1,26028,32740,2.59
baton,1,12650,10811,3.64
xishuangbanna,1,0,0,1.2
mauritshuis,1,0,0,1.58
nighttime,1,42636,9853,3.27
manhole,1,24156,20199,2.75
flores,1,28273,0,3.3
iguanas,1,0,0,2.49
diversiform,1,0,0,0.0
waxy,1,23057,19583,2.71
huanglong,1,0,0,1.17
lhasa.,1,0,0,2.64
hoh,1,0,0,2.9
ultra-violet,1,0,0,3.69
howler,1,24391,24665,2.51
treehouse,1,0,25039,2.91
roughest,1,0,0,2.52
minning,1,0,0,1.15
alleviation,1,22740,23947,2.63
runners,1,0,0,3.97
bafta,1,41174,0,3.09
unjustly,1,19435,19257,2.93
rijn,1,0,0,1.98
macedonian,1,27850,0,3.08
unwelcoming,1,46304,0,2.18
gase,1,0,0,2.25
co-existence,1,0,0,4.46
cruz,1,9373,0,4.07
weightloss,1,0,0,2.37
ruder,1,0,0,2.13
cowardly,1,18925,15436,3.42
coarser,1,0,0,2.4
plainer,1,38467,33338,2.2
heartlessly,1,42049,45113,1.72
vanya,1,0,0,2.44
fleshy,1,15965,14840,2.99
clog,1,11478,9458,2.99
heartedly,1,0,0,2.75
fasttrack,1,0,0,1.68
chiming,1,0,41404,2.73
intricately,1,22116,16979,2.73
repairing,1,0,0,3.55
chengde,1,0,0,1.29
conscientiously,1,18697,24805,2.36
craftwork,1,36515,0,1.61
midmorning,1,0,0,1.91
stabilise,1,11908,0,2.7
prizewinning,1,0,0,1.8
rebury,1,49791,29564,1.52
encirclement,1,43474,32114,2.29
hulan,1,0,0,1.16
qiu,1,0,0,2.58
electrolux,1,0,0,2.39
trilobite,1,30828,29251,2.04
nil,1,6632,0,3.33
cancerous,1,22500,17147,3.15
hyperloop,1,0,0,2.29
outrace,1,0,41488,1.43
breakout,1,26859,15289,3.49
aircar,1,0,0,1.09
zimbabwean,1,27811,25251,2.86
lingering,1,9967,7216,3.43
tiantai,1,0,0,1.18
crh,1,0,0,2.1
aristocratic,1,8835,11815,3.23
recluse,1,21522,21060,2.92
genres,1,0,0,3.72
bumble,1,31044,23250,2.97
bobolink,1,0,0,1.71
artfully,1,32653,16725,2.67
diningroom,1,0,0,1.36
visualisation,1,26456,0,2.53
pickwick,1,24866,0,2.45
chirp,1,32990,14222,2.79
cluck,1,24895,18143,2.32
hoot,1,19268,15192,2.99
landmarks,1,0,0,3.47
infographic,1,0,0,3.07
banning,1,20643,24056,3.8
posthumously,1,23556,20913,2.87
sun-bonnet,1,0,0,3.34
daffodowndilly,1,0,0,0.0
constraint,1,2988,4643,3.28
theoriginal,1,0,0,1.03
regeneration,1,8146,13884,3.61
transfix,1,20548,13826,1.44
suarez,1,0,0,3.49
excellency,1,25147,0,3.44
augustus,1,10599,0,3.43
titus,1,24660,0,3.32
belle,1,12665,15427,3.79
alcibiades,1,0,0,2.2
ismael,1,0,0,2.52
sophy,1,31562,0,2.06
apelles,1,0,0,1.62
durer,1,0,0,1.83
trifler,1,0,0,0.0
whereof,1,34506,31763,2.45
pulcher,1,0,0,1.44
comeliness,1,0,0,1.3
dissolute,1,35450,29963,2.32
culmination,1,11208,12765,3.26
lexicographer,1,17999,39731,1.97
musketeer,1,34078,25546,2.32
moneychangers,1,0,0,1.44
compilation,1,10153,12566,3.85
unwavering,1,21355,17598,3.01
dwight,1,25700,0,3.74
34th,1,0,0,3.5
rebell,1,0,0,1.51
privation,1,20449,24072,2.16
cosmologist,1,47813,19284,1.9
flattery,1,15343,18850,2.96
fiance,1,24652,11746,3.4
catalan,1,25667,22463,3.42
membrane,1,4883,7078,3.82
amphitheatre,1,19285,0,2.84
sylvan,1,37092,22183,2.79
zephyr,1,41754,29600,2.85
lavishly,1,15014,16921,2.8
rambling,1,18456,15471,3.21
liken,1,11367,9141,2.57
stie,1,0,0,1.38
infringe,1,10252,14867,2.99
perennially,1,33142,21348,2.43
yore,1,34278,23850,2.64
nationalist,1,5881,7163,3.91
protagonist,1,11723,7533,3.67
o'er,1,0,35430,4.19
yeats,1,16766,0,2.92
wattle,1,33077,26769,2.52
glade,1,21540,19174,2.78
glimmer,1,14497,12497,3.11
linnet,1,36743,0,2.12
roadway,1,14195,10685,3.37
ntn,1,0,0,2.2
a.a,1,0,0,2.77
lectures,1,0,0,3.96
foe,1,8971,7547,3.51
some.,1,0,0,6.2
brenton,1,45739,0,2.52
spotlessly,1,34347,35713,1.67
perry,1,8922,0,4.22
unsupervised,1,21639,19787,2.92
wordplay,1,44491,25821,2.76
bags,1,0,0,4.43
watchful,1,11612,12369,3.09
jr,1,16306,0,4.55
industrialised,1,12687,0,2.66
hbd,1,0,0,1.92
doctors,1,0,0,4.55
borders,1,13025,0,4.26
epidemics,1,0,0,3.01
combate,1,0,0,1.46
argentinian,1,15896,33136,3.1
50s,1,0,0,2.72
carer,1,4071,26406,2.86
grockle,1,0,0,0.0
chow,1,28245,22831,3.43
mein,1,34045,0,3.29
suey,1,0,0,2.29
uefa,1,13520,0,3.53
authenticity,1,10267,8177,3.6
nectar,1,22358,15031,3.25
pollination,1,28784,21260,2.98
climatic,1,10440,13339,3.2
72nd,1,0,0,1.78
shard,1,22511,10720,3.0
shockingly,1,23301,17504,3.1
4get,1,0,0,1.1
40c,1,0,0,1.96
memento,1,14275,13201,2.93
preamble,1,14190,17581,2.87
ullman,1,46072,0,2.59
supple,1,14493,14678,2.87
predominance,1,16302,19486,2.55
unfailing,1,19769,26465,2.51
cynicism,1,11373,9801,3.13
effectual,1,33536,34947,2.34
coolness,1,19717,15918,2.82
imprudence,1,0,44910,1.9
wretchedness,1,35098,33025,2.0
consolation,1,7614,10267,3.54
everpresent,1,0,0,1.32
landline,1,0,31192,3.01
socialmedia,1,0,0,1.4
vomiting,1,28049,26868,3.63
hopkinson,1,44289,0,2.41
walton,1,7982,0,3.53
deliverance,1,15805,18030,3.07
dolph,1,0,0,2.82
umph,1,0,0,1.98
emmeline,1,31130,0,2.31
hideous,1,9849,10934,3.45
whimpering,1,39445,37080,2.56
adolph,1,29506,0,2.8
d'ye,1,0,0,4.22
headed,1,14875,23449,4.55
ratting,1,0,0,2.29
wistfully,1,14996,15664,2.5
mas,1,11012,0,3.53
expatiate,1,39317,44653,1.16
volubly,1,46467,43080,1.46
beecher,1,46175,0,2.87
stowe,1,23099,0,2.92
commercially,1,7104,8634,3.67
chesty,1,49547,35162,2.15
defiant,1,10005,9623,3.21
heed,1,11168,9134,3.45
scuffle,1,18683,18739,2.79
gleaning,1,43336,0,2.18
cowman,1,0,0,1.75
decipher,1,14091,10186,3.14
whinny,1,36158,31093,1.97
spruce,1,20859,12470,3.39
ineducable,1,0,0,0.0
tyro,1,36398,39862,2.26
doe,1,9309,12665,3.84
awash,1,14910,13803,2.76
melee,1,24237,19160,3.22
mauling,1,33430,36058,2.36
writh,1,0,0,0.0
impassable,1,20144,22085,2.74
aldo,1,27714,0,3.17
nape,1,16739,17049,2.64
angola,1,10806,0,3.34
superstorm,1,0,0,2.08
whitley,1,16812,0,2.89
strieber,1,0,0,1.2
ridley,1,12788,25695,3.34
weir,1,10813,0,3.52
plastering,1,41555,0,2.61
zag,1,0,33772,2.79
bedridden,1,33240,0,2.64
pennsylvania,1,11886,0,4.4
noncash,1,0,0,1.66
singleminded,1,0,0,1.05
cambodian,1,17809,14910,3.25
mason,1,6612,15637,4.14
wildwood,1,0,41189,2.64
newcastle,1,2896,0,4.07
parttime,1,0,0,2.26
lifeguards,1,0,0,2.66
colloquial,1,20968,23240,2.93
birches,1,0,0,2.29
filing,1,9851,6952,4.05
photocopying,1,24979,40279,2.37
overemotional,1,0,0,1.52
graduating,1,0,0,3.76
vex,1,19006,17663,2.85
turtledove,1,0,44891,1.86
xuanzang,1,0,0,1.6
sanskrit,1,26790,0,3.31
annotated,1,33437,23900,3.28
condor,1,27172,16894,2.96
kungfu,1,0,0,2.12
q2,1,0,0,3.2
q3,1,0,0,3.16
midtown,1,0,9991,3.31
dramatics,1,49181,33536,2.49
negotiating,1,8915,8921,3.78
realistically,1,9529,11137,3.33
creditworthiness,1,34809,31881,2.31
winfield,1,36762,0,2.84
cui,1,0,0,2.74
winwin,1,0,0,1.47
collate,1,14093,26353,2.42
eco-tourism,1,0,0,3.61
nazca,1,47092,0,2.31
tunguska,1,0,0,2.0
overcoming,1,46536,41581,3.55
hesitating,1,0,0,2.72
abyssal,1,47874,0,2.39
centuries,1,0,0,4.32
non-scientific,1,0,0,4.58
kuiper,1,0,0,2.37
crippen,1,49880,0,2.04
alexei,1,9395,0,3.13
leonov,1,0,0,2.0
mccool,1,0,0,2.4
salyut,1,0,0,1.65
mcauliffe,1,0,0,2.62
mid-air,1,0,0,4.71
ex-student,1,0,0,4.6
pillars,1,0,0,3.62
horsehead,1,0,0,1.66
erich,1,16720,0,2.99
fromm,1,45432,0,2.66
branding,1,36654,28955,3.77
differentiation,1,6255,10505,3.49
pricing,1,6752,8185,4.04
striving,1,23298,21046,3.5
onthe,1,0,0,2.21
beeton,1,36963,0,1.94
plummet,1,20271,7681,2.85
cowardice,1,18805,16879,3.11
mush,1,32671,19797,2.99
motivator,1,22993,15293,2.9
precept,1,14293,13906,2.58
xiaoping,1,28605,0,2.55
barack,1,0,0,3.96
obama,1,0,0,4.86
hawkes,1,23789,0,3.02
calibre,1,9480,38624,3.21
expressionless,1,17411,18055,2.28
saumur,1,0,0,1.75
whist,1,25884,34906,2.4
infirmity,1,20636,22525,2.32
recourse,1,8741,11337,3.29
maitre,1,0,0,2.42
avarice,1,33419,27046,2.5
stupor,1,21978,19814,2.72
receptacle,1,20674,18066,2.87
relock,1,0,0,1.17
vintage,1,7221,6363,4.18
nanon,1,0,0,1.32
contemplation,1,11400,11236,3.15
distressful,1,0,44758,1.44
beatitude,1,48254,30087,1.96
balzac,1,35609,0,2.65
katharine,1,17380,0,3.12
prescott,1,13157,0,3.42
oman,1,17095,0,3.36
oceanography,1,41049,23477,2.87
serpent,1,12490,11649,3.46
sturgeon,1,38164,17256,3.34
swampy,1,34867,20287,2.76
mbembe,1,0,0,1.45
adamant,1,9491,11251,3.28
pulsar,1,18100,15376,2.7
centaurus,1,0,0,1.88
williamson,1,10539,0,3.6
lixin,1,0,0,1.16
schwartz,1,25990,0,3.5
dialogues,1,0,0,3.22
ative,1,0,0,1.22
ize,1,0,0,2.17
ify,1,0,0,1.9
selfservice,1,0,0,1.12
wilhelm,1,21060,0,3.31
humboldt,1,36926,0,3.15
mexicans,1,0,0,3.54
crosscultural,1,0,0,1.15
tele,1,41382,0,3.13
whoa,1,26893,7334,3.82
cio,1,0,0,3.29
bullfight,1,40654,28723,2.19
eggy,1,0,42015,2.15
patchwork,1,13889,12752,3.1
flaubert,1,17928,0,2.35
maldives,1,28653,0,3.35
tiber,1,40900,0,2.6
popp,1,0,0,2.1
trevi,1,42122,0,2.24
ignatius,1,29045,0,2.94
joanne,1,9219,0,3.47
dayan,1,0,0,2.45
pita,1,0,16904,3.0
joining,1,21185,23390,4.47
mo.,1,0,0,4.38
burman,1,47991,0,2.4
colombians,1,0,0,2.62
capping,1,17039,34885,3.08
nappie,1,0,0,0.0
afterbirth,1,38014,33986,2.02
navel,1,20009,13927,2.95
manliness,1,35996,25097,2.53
senufo,1,0,0,1.04
maugham,1,27119,0,2.39
accompanying,1,7080,6968,3.85
marching,1,18502,12933,3.82
princesses,1,0,0,3.32
knicker,1,46556,0,1.78
underclothe,1,26547,0,0.0
elain,1,0,0,1.3
p82,1,0,0,1.34
tammy,1,38866,0,3.35
susannah,1,22556,0,2.85
salespeople,1,29320,14958,2.83
ari,1,13546,0,3.53
se,1,17431,0,4.29
cess,1,0,43139,2.33
cret,1,0,0,1.65
suc,1,0,0,2.46
florey,1,31754,0,2.05
ernst,1,10699,0,3.51
boris,1,6764,0,3.87
hardwork,1,0,0,2.15
70s,1,0,0,2.59
peop,1,0,0,2.02
schoolroom,1,20869,24197,2.27
veggy,1,0,0,0.0
yutong,1,0,0,1.04
sardinia,1,24510,0,2.93
nicoya,1,0,0,1.6
icaria,1,0,0,1.46
thickheaded,1,0,0,1.29
disciplin,1,0,0,1.06
inl,1,0,0,1.88
frik,1,0,0,1.42
unbeautiful,1,0,0,1.27
replant,1,19016,18649,2.31
withered,1,23946,21647,2.92
rockall,1,30452,0,1.97
prof,1,9337,0,4.12
budd,1,26531,0,2.85
zoos,1,0,0,3.13
hypo,1,45262,38552,2.69
onym,1,0,0,0.0
slicing,1,0,30328,3.14
mid-december,1,0,0,4.63
fve,1,0,0,1.36
cappuccinos,1,0,0,2.11
tells,1,0,0,4.78
severest,1,0,0,2.06
ncaa,1,0,0,3.88
collegiate,1,22840,8794,3.41
nary,1,0,30957,2.59
inese,1,0,0,1.17
losse,1,0,0,1.57
cracking,1,11674,15550,3.92
gutt,1,0,0,1.73
exclusively,1,3993,4489,4.24
webbed,1,34341,22594,2.53
pilchard,1,27217,0,1.88
frothy,1,19983,17982,2.63
toolhouse,1,0,0,0.0
dyslexia,1,25850,20476,3.02
inorganic,1,16515,17501,3.23
charging,1,11451,13496,4.17
murmure,1,0,0,1.01
wisconsin,1,21971,0,4.36
sorriest,1,0,0,1.61
burton,1,6550,0,3.8
chasm,1,14947,13437,2.96
pippa,1,25460,0,2.84
biddle,1,41031,0,2.75
repost,1,0,0,3.6
volunteers,1,0,0,4.29
twentyeight,1,0,0,1.16
othr,1,0,0,1.27
unfixed,1,0,40424,2.05
ironing,1,15662,20526,3.1
oldfashioned,1,0,0,1.48
shanghainese,1,0,0,1.86
jawdropping,1,0,0,1.25
foldable,1,0,41174,2.62
screenless,1,0,0,1.11
plann,1,0,0,1.51
contemn,1,0,0,0.0
meaner,1,0,0,2.66
thoroughness,1,18439,22703,2.46
nog,1,0,39929,2.62
esp,1,27300,0,3.55
sweating,1,20470,16777,3.66
overwhelmed,1,22375,14215,3.88
patt,1,0,0,2.09
wideopen,1,0,0,1.03
lockyer,1,39040,0,2.55
wale,1,0,0,2.67
evaporation,1,16115,15342,3.08
bermuda,1,14968,0,3.52
plesiosaur,1,0,40976,1.56
km2,1,0,0,2.75
handout,1,12316,12059,3.0
thera,1,0,0,2.33
barnes,1,4874,0,3.94
paras.,1,0,0,2.68
zhuangzi,1,0,0,1.67
janine,1,28239,0,2.99
unsustainable,1,23150,17079,3.15
evaluating,1,0,45479,3.7
dismal,1,9538,9459,3.26
kneller,1,0,0,1.96
nikolai,1,17371,0,3.11
gogol,1,46984,0,2.55
xlvi,1,0,0,2.07
untermeyer,1,0,0,1.43
buch,1,0,0,2.49
directness,1,18753,20219,2.48
herz,1,0,0,2.46
overwhelmingly,1,8697,6882,3.54
wayward,1,13952,14211,3.09
unfathomable,1,23619,18629,2.91
prefiguring,1,0,0,1.54
flux,1,9034,9830,3.57
reverberate,1,18558,12585,2.29
oppressor,1,20305,17937,2.74
mockery,1,11961,13874,3.29
mystical,1,8924,8509,3.55
pythagoras,1,0,0,2.68
anatomy,1,8866,8160,3.94
laureates,1,0,0,2.58
elsie,1,13089,0,3.09
roger,1,2943,0,4.39
beckett,1,12773,0,3.42
didion,1,0,0,2.09
categorisation,1,22229,0,2.26
unborn,1,14468,11469,3.37
eskimos,1,0,0,2.78
tun,1,34880,42292,2.97
deepening,1,14011,14037,3.19
dumping,1,12754,14717,3.67
irene,1,8202,0,3.71
maryland,1,16316,0,4.27
pre-paid,1,0,0,4.73
humbled,1,44620,28506,3.26
storie,1,0,0,2.03
zai,1,0,0,2.35
frostbitten,1,0,37123,1.92
morris,1,3810,0,4.15
wilkie,1,23558,0,2.8
lifesaver,1,41805,22409,2.88
geologically,1,35278,26197,2.49
muffled,1,16139,12026,3.04
betwixt,1,36026,32687,2.39
non-european,1,0,0,4.87
gitanjali,1,0,0,1.56
enchantment,1,16471,17674,2.98
novella,1,39014,18300,3.08
petit,1,21247,0,3.27
seasickness,1,35349,28676,2.12
agonizing,1,20971,12407,2.99
subordinator,1,0,0,0.0
m-,1,0,0,5.39
deafblind,1,0,0,1.72
apps.,1,0,0,4.35
importer,1,10039,13786,3.08
exporting,1,16234,19813,3.43
totale,1,0,0,1.5
eu,1,42732,0,4.62
logistics,1,15076,9920,3.86
fasting,1,30178,30448,3.57
thesaurus,1,16927,22411,2.88
thriving,1,9576,10030,3.62
turkish,1,4598,5557,4.28
hormuz,1,0,0,2.18
coln,1,0,0,1.31
watercraft,1,0,27559,2.57
histories,1,0,0,3.7
gigapixel,1,0,0,1.45
harvesters,1,0,0,2.53
pieter,1,28017,0,2.75
bruegel,1,0,0,2.08
freiherr,1,0,0,1.7
richthofen,1,0,0,1.99
relocation,1,9235,10541,3.57
optimise,1,15792,0,2.6
neruda,1,0,0,2.44
alliteration,1,34890,28716,2.54
onomatopoeia,1,0,40616,2.15
roberto,1,13108,0,3.67
overqualified,1,0,45372,2.25
loveliness,1,33224,25381,2.54
mewling,1,0,0,1.86
puke,1,34853,18024,3.28
whining,1,37020,20610,3.55
woeful,1,33971,23845,2.69
capon,1,0,32782,2.19
jaques,1,48920,0,2.41
shank,1,16453,12583,3.07
treble,1,13771,25313,3.33
oblivion,1,11679,12315,3.32
reg,1,7495,0,3.68
pawnbroker,1,25784,35143,2.29
ik,1,0,0,3.34
eim,1,0,0,1.72
curving,1,20535,18255,3.06
rudder,1,13060,16535,3.2
halfhour,1,0,0,1.16
18xx,1,0,0,1.1
zang,1,0,0,2.09
pagodas,1,0,0,2.35
uniq,1,0,0,1.63
ue,1,0,0,3.04
anning,1,0,0,2.0
boondi,1,0,0,1.1
asean,1,30342,0,3.3
hotbed,1,32677,17295,2.65
bubblegum,1,43360,32123,2.81
fizzy,1,19826,30445,2.82
nb,1,0,0,3.37
rd.,1,0,0,4.11
ven,1,13638,0,2.95
cornish,1,10519,25179,3.34
pasty,1,23308,25359,2.88
cowley,1,9349,0,2.84
bangladeshi,1,27946,29917,3.12
bedroomed,1,25986,0,2.24
bluetooth,1,0,0,3.75
bnt,1,0,0,2.18
trac,1,0,0,2.54
stu,1,27639,0,3.22
rds,1,30184,0,2.78
jou,1,0,0,2.31
mccall,1,26021,0,3.24
multitask,1,0,0,2.5
dominic,1,12761,0,3.61
fef,1,0,0,1.78
heroically,1,32842,22558,2.62
pand,1,0,0,1.49
nowledge,1,0,0,1.09
blockbuster,1,16586,8986,3.48
floorboard,1,12471,14191,2.12
hebe,1,0,0,2.12
scandinavian,1,9811,13917,3.49
sun-dried,1,0,0,3.99
eid,1,0,0,3.25
high-,1,0,0,5.75
a-h,1,0,0,5.06
sociocultural,1,45845,14633,2.47
middleaged,1,0,0,1.37
tattooing,1,0,40992,2.75
unattractive,1,11080,13841,3.36
piercing,1,14689,12744,3.57
modell,1,0,0,2.27
suntanned,1,40572,37375,1.55
spotter,1,24252,20050,2.8
eyewear,1,0,31558,2.78
ast,1,30773,0,3.08
mak,1,0,0,3.13
spitalfields,1,0,0,2.29
verb-e,1,0,0,3.71
redo,1,45238,0,3.19
globetrotting,1,0,0,1.92
escapism,1,22454,25197,2.64
y'all,1,0,11889,5.02
cornfield,1,23326,13597,2.53
mid-1930s,1,0,0,2.31
towns,1,0,0,4.39
rodeo,1,34520,11402,3.47
klik,1,0,0,1.82
rom,1,17610,0,3.75
bf,1,30165,0,3.79
i9,1,0,0,2.23
nicola,1,6803,0,3.54
lis,1,0,0,3.09
ploration,1,0,0,0.0
treme,1,0,0,2.31
wettest,1,0,0,2.77
windiest,1,0,0,1.81
scott.,1,0,0,4.72
walkers,1,0,0,3.5
elliptical,1,20146,13889,3.21
rian,1,0,0,2.52
atten,1,0,0,2.25
merica,1,0,0,2.36
redrawn,1,0,0,2.62
stripes,1,0,0,3.76
gl,1,28977,0,3.43
bal,1,45597,0,3.13
xiaolongbao,1,0,0,1.02
ecofriendly,1,0,0,1.74
ation,1,0,0,2.07
tinct,1,0,0,1.11
afrikaans,1,47070,31077,2.81
zulu,1,25940,16494,3.19
xhosa,1,46920,0,2.69
erp,1,0,0,3.02
exc,1,0,0,2.54
fr,1,10751,0,4.09
bloodthirsty,1,34124,21577,2.86
relics,1,0,0,3.46
bnf,1,45207,0,2.06
rns,1,0,0,2.52
weaving,1,9032,12250,3.54
agreat,1,0,0,1.64
longs,1,0,0,3.02
sion,1,40813,0,3.02
iwill,1,0,0,2.09
supervillain,1,0,0,2.53
igot,1,0,0,1.67
imust,1,0,0,1.03
sisterhood,1,34291,21832,2.96
methods',1,0,0,4.68
lie-,1,0,0,4.84
redevelop,1,19298,22547,2.57
multi-use,1,0,0,4.52
area-,1,0,0,5.46
labs,1,0,0,3.82
nephews,1,0,0,3.27
phyllis,1,16281,0,3.33
dully,1,26537,22466,1.87
refurnishing,1,0,0,1.11
nursemaid,1,26874,28568,2.03
funnily,1,20349,41607,2.74
nesbit,1,41634,0,2.25
sons',1,0,0,4.5
acquainted,1,0,0,3.51
courageously,1,22096,22235,2.65
dreamworld,1,0,44724,2.28
lao-,1,0,0,3.27
yellowish,1,20544,18348,3.21
togo,1,27303,0,3.0
greyly,1,0,0,0.0
sensing,1,16737,16851,3.64
username,1,32255,0,3.76
forme,1,39261,31254,2.44
chatt,1,0,0,1.61
internet-,1,0,0,5.06
agood,1,0,0,1.69
dom,1,16994,0,3.78
ance,1,0,0,2.0
planets,1,0,0,4.05
sewage,1,6530,7208,3.55
hospitalize,1,36280,10071,1.77
sicken,1,19927,17670,2.3
whiteout,1,0,0,2.32
yorkers,1,25904,0,3.17
driller,1,45278,25033,2.35
nebraska,1,26212,0,3.98
outskirt,1,0,0,1.61
onrush,1,39568,37086,1.56
cybercriminal,1,0,0,1.32
twitching,1,36547,30757,2.99
debby,1,47627,0,2.61
herschel,1,44155,0,2.85
exite,1,0,0,0.0
cutback,1,12218,10418,2.41
cutter,1,7926,9379,3.7
83rd,1,0,0,1.71
unoriginal,1,37023,32372,2.56
overa,1,0,0,1.46
overgeneralize,1,0,0,0.0
taichi,1,0,0,2.28
practising,1,8533,40119,3.4
zhenjiang,1,0,0,1.24
alba,1,26175,0,3.33
murphy,1,5798,0,4.13
winona,1,0,0,2.97
ryder,1,10747,0,3.5
concordia,1,0,0,3.17
mcgowan,1,27701,0,3.01
lookalike,1,21714,0,2.73
loos,1,19274,0,2.79
pallor,1,24677,23309,2.16
blushing,1,38500,34747,3.08
imitative,1,26336,27592,2.17
hawaiian,1,16982,7832,3.68
speediest,1,0,0,1.84
regatta,1,23839,27027,2.87
aswell,1,0,0,3.21
woodrow,1,21123,0,3.12
crystalline,1,12707,14902,3.24
drape,1,7862,6253,2.74
madeleine,1,9298,0,3.41
fantine,1,0,0,1.94
bennett,1,6706,0,4.03
cerf,1,0,0,2.3
mowgli.,1,0,0,2.47
fainter,1,0,0,2.4
37c,1,0,0,2.07
p.6,1,0,0,5.0
midwinter,1,23717,22636,2.53
salting,1,0,0,2.46
waterbird,1,0,41521,1.44
neuroscientist,1,49797,19949,2.7
soundbox,1,0,0,1.32
suggestive,1,11617,10711,3.21
experimentation,1,10133,8997,3.47
longlasting,1,0,0,1.57
cityscape,1,37339,20926,2.63
players,1,0,0,5.3
icould,1,0,0,1.44
unmixed,1,35325,33815,2.1
adieus,1,0,0,0.0
dried,1,6033,4382,4.04
chewy,1,34055,18982,2.94
cheapness,1,20538,33683,2.2
supposition,1,14636,18056,2.63
laundress,1,0,34735,2.01
speckle,1,37172,31187,2.23
ethiopians,1,0,0,2.71
debussy,1,28895,0,2.57
ravel,1,26991,42504,2.71
bizet,1,38697,0,1.98
yelling,1,0,27207,4.04
herder,1,43580,18448,2.71
austrians,1,0,0,2.94
acoustics,1,0,0,3.1
fatherland,1,22547,23072,2.98
deafness,1,15892,20619,2.9
surrealist,1,22637,21766,2.75
swans,1,0,0,3.33
whitewash,1,19320,20142,2.81
amiss,1,9100,17594,2.93
bluish,1,24616,17683,2.88
emile,1,23164,0,3.16
mycenaean,1,0,44127,2.29
milman,1,0,0,1.85
parry,1,10716,25178,3.44
yugoslavia,1,4646,0,3.5
chios,1,0,0,2.14
ayrshire,1,10940,0,3.05
moisten,1,20843,15144,2.25
saturated,1,12190,6006,3.66
mania,1,14608,12415,3.44
ceos,1,0,0,3.39
rik,1,38141,0,2.72
warring,1,14491,13005,3.14
flowing,1,9560,10008,4.02
gdn,1,0,0,1.7
liveable,1,0,41742,2.49
unending,1,19193,15817,2.95
imade,1,0,0,1.31
icelandic,1,22341,17430,3.26
poleis,1,0,0,1.36
crewmen,1,0,0,2.61
unconvincing,1,14116,23430,2.69
totall,1,0,0,1.43
iam,1,0,0,2.95
typeof,1,0,0,1.56
chatty,1,23582,21133,2.92
readable,1,12115,17246,3.29
youto,1,0,0,1.23
conter,1,0,0,1.08
nmc,1,0,0,2.53
liao,1,0,0,2.77
multinational,1,8077,7698,3.56
marketplace,1,10395,4490,3.82
invasive,1,22069,9396,3.69
geological,1,5877,8805,3.82
oldie,1,43446,32702,2.65
wesley,1,6796,0,3.7
havasupai,1,0,0,1.61
reachable,1,38461,24403,2.71
broadleaved,1,48142,0,1.66
leland,1,28211,0,3.19
hewa,1,0,0,1.11
ozma,1,0,0,1.87
eileen,1,9148,0,3.34
bridg,1,0,0,1.58
vegan,1,24225,18638,3.95
woking,1,16976,0,2.67
billowy,1,0,28611,1.91
bulg,1,0,0,1.29
lipless,1,0,36699,1.33
circumnavigate,1,33491,27902,2.26
ashoka,1,0,0,2.55
bactria,1,0,0,1.88
bea,1,17950,0,3.34
wella,1,30463,0,1.9
mont-saint,1,0,0,3.41
dresden,1,16445,0,3.25
dingling,1,0,0,0.0
promontory,1,19815,22354,2.72
stonework,1,14865,27054,2.53
peruvian,1,16334,10759,3.42
shortsightedness,1,48319,29619,1.85
stlouis,1,0,0,1.09
unequaled,1,0,27780,2.17
mid-1990s,1,0,0,2.8
olympian,1,24404,16946,3.29
non-sporting,1,0,0,4.13
iate,1,0,0,1.47
ibelieve,1,0,0,1.6
flus,1,0,0,1.59
ics,1,29788,0,3.02
logy,1,0,0,1.77
untrustworthy,1,21364,22747,2.83
falsehood,1,18965,16951,2.92
correctness,1,14961,11593,3.39
keenly,1,11094,12759,3.08
basque,1,10890,14803,3.18
roque,1,0,0,2.56
overdevelop,1,0,41710,0.0
trillion,1,26476,5167,3.79
colorectal,1,13634,22361,3.0
chemotherapy,1,13077,7861,3.56
radiotherapy,1,17680,20379,3.08
myeloid,1,0,0,2.63
leukaemia,1,9097,45099,2.76
latency,1,28192,18606,3.31
powering,1,0,0,3.26
inexpensively,1,42901,26289,2.27
bloodstream,1,15577,13026,3.16
nanomaterial,1,0,0,1.65
coating,1,7891,8389,3.71
overton,1,36185,0,2.88
strictest,1,0,0,2.84
minutely,1,19978,24836,2.39
overgrown,1,15532,15477,3.12
joe',1,0,0,4.78
wast,1,43830,0,2.47
understate,1,15122,12982,2.3
unclean,1,20260,20681,3.06
taboos,1,0,0,2.81
gongfu,1,0,0,1.6
restor,1,0,0,1.37
repaid,1,0,0,3.29
ihope,1,0,0,1.29
fixedly,1,27408,29065,1.87
sub-point,1,0,0,4.61
subordination,1,13005,16449,2.6
pcs,1,0,0,3.71
unsurprisingly,1,19007,24029,3.01
strictness,1,35333,28661,2.2
intellectually,1,11546,8883,3.34
complet,1,0,0,2.08
cortez,1,46992,0,3.16
coding,1,12466,11854,3.81
sabotage,1,14154,11586,3.62
anti-plagiarism,1,0,0,3.22
dewy,1,35528,24666,2.64
shimmer,1,21462,14417,2.98
concretely,1,34579,22128,2.44
re-embodiment,1,0,0,3.31
mid-1980s,1,0,0,2.72
emoticon,1,0,0,2.43
oratory,1,19174,18667,2.94
expound,1,14074,16419,2.49
biggins,1,42655,0,2.15
airiest,1,0,0,0.0
collaborative,1,9253,6418,3.78
non-german,1,0,0,4.79
isla,1,38258,0,3.17
jodie,1,34336,0,3.14
judgemental,1,23282,0,2.77
p116,1,0,0,0.96
ire,1,22999,15744,3.22
pongal,1,0,0,1.84
customarily,1,21610,19395,2.61
wastepaper,1,25062,34160,1.77
signif,1,0,0,1.37
leib,1,0,0,1.97
highness,1,12870,28853,3.34
yeh,1,38414,0,3.32
hearken,1,46083,27162,2.29
godliness,1,35584,33179,2.53
fashionably,1,23285,24859,2.49
expensively,1,18750,23313,2.26
r-i-p,1,0,0,4.92
sleeved,1,45681,42518,2.93
denim,1,12620,10054,3.52
r-i,1,0,0,5.34
massimo,1,42101,0,2.9
nancial,1,0,0,1.23
postimpressionist,1,0,0,0.0
grande,1,21281,0,3.97
jatte,1,0,0,1.3
seurat,1,39866,0,2.08
complimentary,1,11238,13108,3.35
choo,1,0,0,3.28
hought,1,0,0,1.03
passionately,1,9790,10112,3.33
truer,1,0,0,2.97
hermes,1,22872,0,3.29
er-lang,1,0,0,3.7
fuller,1,16021,0,3.79
shorn,1,0,34052,2.53
irrelevancy,1,33794,30316,1.97
interfer,1,0,0,1.47
intelligibility,1,26624,24302,2.29
deservedly,1,19634,24685,2.76
subjectivity,1,10816,11644,2.84
keran,1,0,0,1.18
hancock,1,15893,0,3.57
impressively,1,14632,18369,2.97
p110,1,0,0,0.96
p103,1,0,0,0.96
tuneful,1,32783,33244,2.21
tuscumbia,1,0,0,1.67
kellers,1,0,0,1.46
nes,1,0,0,3.29
hilltop,1,20014,13506,3.08
dangal,1,0,0,1.96
keenness,1,33867,36878,2.18
epicurean,1,0,32071,2.3
chasten,1,37708,29804,1.72
listless,1,20100,20285,2.53
hazily,1,35720,41082,1.47
velvety,1,21842,17099,2.69
meaningfully,1,19067,17999,2.87
drizzling,1,38554,32898,2.31
winehouse,1,0,0,2.73
cowherd,1,0,0,2.26
inition,1,0,0,0.0
unbelieving,1,33346,31988,2.22
goodluck,1,0,0,2.95
characterisation,1,12551,0,2.89
tea.,1,0,0,4.73
steamboats,1,0,0,2.46
nirvana,1,17849,19069,3.37
taff,1,17753,0,2.29
ely,1,15194,0,3.19
rhymney,1,0,0,1.65
cathays,1,0,0,1.49
courts,1,0,0,4.46
memorialise,1,0,0,1.32
jumna,1,0,0,1.4
inlaid,1,19175,17423,2.71
islamic,1,4904,2596,4.44
mecca,1,14686,13257,3.38
koran,1,22339,11987,3.23
paragraphs,1,0,0,3.57
ymca,1,23804,0,3.16
mcdonalds,1,25907,0,3.39
liechtenstein,1,25117,0,2.77
solnit,1,0,0,1.79
lonestar,1,0,0,2.19
catlins,1,0,0,1.08
anau,1,0,0,1.63
northland,1,49953,39971,2.57
unfast,1,0,0,0.0
unty,1,0,0,0.0
sightseer,1,25305,29263,1.55
indestructible,1,19085,20106,3.06
p112,1,0,0,0.96
signicant,1,0,0,1.08
inauguration,1,16284,9602,3.57
tzu.,1,0,0,3.02
antithesis,1,15369,15063,2.96
unlighted,1,0,37815,1.41
pug,1,38348,20537,3.11
ence,1,0,0,2.21
immediacy,1,15249,13832,2.76
shallowness,1,33695,28826,2.19
appropriateness,1,15163,13824,2.76
blankness,1,33888,26576,1.76
utilising,1,0,0,2.85
syracuse,1,27673,0,3.62
headpiece,1,43195,26590,2.46
crimean,1,23834,28361,3.25
revolutionise,1,14836,0,2.36
cumbersome,1,11172,12228,3.16
c.e,1,0,0,2.66
explicitly,1,4859,5222,3.96
mastering,1,0,0,3.43
durant,1,44186,0,3.49
incapacitate,1,19344,19224,2.36
wring,1,12101,10500,2.75
artemisia,1,0,32122,2.41
mimick,1,15937,0,1.4
unconventional,1,14452,9964,3.42
edged,1,33757,34609,3.55
telecommute,1,0,33888,1.99
lavender,1,9229,8172,3.44
chatbot,1,0,0,2.3
billing,1,14826,8811,3.59
grading,1,12510,14826,3.47
extinguishing,1,48030,0,2.59
jining,1,0,0,1.6
shim,1,0,29297,2.74
hightech,1,0,0,1.72
ciency,1,0,0,1.16
sci-,1,0,0,3.94
issac,1,0,0,2.57
audial,1,0,0,1.03
fara,1,0,0,2.34
earplug,1,48833,23001,1.56
pullback,1,0,23709,2.52
phobos,1,0,0,2.25
lungful,1,40987,32479,1.43
pervasiveness,1,36408,22638,2.14
p108,1,0,0,0.96
p102,1,0,0,0.96
hal,1,10675,0,3.67
borland,1,18089,0,2.43
straightness,1,44827,35040,1.97
sc,1,41408,0,4.18
kisser,1,43573,27880,2.7
prof.,1,0,0,4.12
co-exist,1,0,0,4.61
centring,1,0,0,2.23
rmed,1,0,0,1.14
mistreat,1,21862,14559,2.49
akita,1,0,0,2.49
cremate,1,21941,18777,2.12
somalia,1,8333,0,3.67
sinai,1,23542,0,3.45
iraqi,1,4075,1651,3.95
eurasian,1,28362,21452,2.99
flyway,1,0,28016,1.96
zurita,1,0,0,1.51
claudine,1,31767,0,2.45
lovestruck,1,0,0,1.96
malena,1,0,0,2.18
unattainable,1,19437,19006,2.88
isidro,1,0,0,2.36
itinerant,1,18707,16178,2.82
anti-hero,1,0,0,4.51
in-,1,0,0,7.27
il-,1,0,0,4.32
ir-,1,0,0,3.68
tearfully,1,34667,22718,2.49
breathnach,1,0,0,1.36
jokingly,1,20716,14605,3.18
physiologist,1,26614,17050,2.55
anatomist,1,27271,30057,2.22
potted,1,15811,15002,2.94
poweful,1,0,0,1.25
unfavourable,1,11903,38979,2.79
clumsier,1,0,0,1.58
synthesiser,1,27153,0,1.91
co-writt,1,0,0,1.18
manifestation,1,6155,6590,3.43
usnas,1,0,0,0.0
cirrus,1,48424,29719,2.65
dorsal,1,10959,19488,3.45
wallowing,1,0,0,2.67
olympiad,1,39731,25479,2.6
ol,1,43765,0,3.98
lym,1,0,0,1.52
olympism,1,0,0,1.14
grenoble,1,24439,0,2.91
73rd,1,0,0,1.77
ri-rang,1,0,0,3.4
eternally,1,18922,15450,3.26
metaphorically,1,18470,16452,2.96
sel,1,0,0,2.85
homebush,1,0,0,2.1
placard,1,15073,15468,2.71
youths,1,0,0,3.61
reda,1,0,0,2.17
altos,1,0,0,2.54
haskell,1,0,0,3.26
minilecture,1,0,0,0.0
nongovernmental,1,0,10297,2.59
amateurism,1,35796,33913,2.04
spiridon,1,0,0,1.63
chronologically,1,20799,21969,2.91
p109,1,0,0,0.96
p119,1,0,0,0.96
p120,1,0,0,0.96
ingber,1,0,0,1.56
earvin,1,0,0,1.68
silversmith,1,36888,27834,2.23
littlejohn,1,28301,0,2.45
drinkwater,1,0,0,2.54
reade,1,49257,0,2.73
betsy,1,17927,0,3.42
sweetheart,1,9203,7213,3.74
ller,1,0,0,1.29
craftiness,1,0,42520,1.79
extroverted,1,0,33026,2.45
divergence,1,12172,14673,3.17
sha,1,0,0,3.35
camellias,1,0,0,2.21
obligated,1,0,26342,3.5
conversationalist,1,35078,28570,2.34
attentiveness,1,34420,20932,2.3
genuineness,1,33284,33933,2.32
paralanguage,1,0,0,0.0
attitudinal,1,25205,15687,2.11
e-education,1,0,0,4.98
promptness,1,39680,35058,1.93
avour,1,0,0,0.0
virginity,1,15581,14668,3.48
armenian,1,17392,13376,3.6
armenia,1,13384,0,3.56
meghan,1,0,0,3.24
markle,1,0,0,2.6
glaser,1,49973,0,2.73
synonymous,1,10045,10771,3.5
logotype,1,0,0,1.79
monogram,1,33570,25994,3.02
spreading,1,11474,10789,4.19
pertinent,1,9804,9895,3.36
phillpotts,1,0,0,1.48
thale,1,0,0,1.39
cress,1,24567,26925,2.49
spacewomen,1,0,0,0.0
mini-dialogue,1,0,0,4.06
philadelphian,1,0,34618,1.8
rendezvous,1,12246,12972,3.32
understandably,1,8434,10243,3.26
tead,1,0,0,1.31
non-stick,1,0,0,4.65
shrinking,1,18444,11165,3.44
hiroshima,1,21063,0,3.27
nagasaki,1,23370,0,2.98
reluctantly,1,5600,7107,3.45
yorktown,1,0,0,2.77
tyranny,1,11557,9346,3.52
illumination,1,10042,11150,3.35
cyclic,1,13343,20819,3.16
teachings,1,0,0,3.76
footlong,1,0,0,1.95
600th,1,0,0,1.0
tehran,1,13434,0,3.62
fatih,1,0,0,2.38
unavoidably,1,22098,24411,2.36
sexist,1,10217,12103,3.62
westernmost,1,46465,28516,2.34
outpost,1,14644,9214,3.39
bowyer,1,29039,0,2.58
timeconsuming,1,0,0,1.04
rashid,1,29118,0,3.12
ptolemaic,1,41159,31210,2.33
lisu,1,0,0,1.28
registered,1,4577,6357,4.52
earth's,1,0,0,3.83
forty-two,1,0,0,4.2
unfreeze,1,35967,33456,2.19
regulations,1,0,0,4.5
low-cost,1,0,0,4.98
carotenoid,1,0,27538,2.06
antioxidant,1,0,11143,2.94
build-it-yourself,1,0,0,4.85
unreachable,1,39658,23660,2.66
heaven-sent,1,0,0,4.48
expectedly,1,0,42964,1.9
pos,1,31328,0,3.7
undiscovered,1,18819,17155,3.0
hunter-gatherer,1,0,0,2.76
self-checkout,1,0,0,3.63
slowness,1,14628,19915,2.62
self-study,1,0,0,4.95
storeroom,1,20746,18202,2.61
diseases,1,0,0,4.36
disused,1,9842,30428,2.89
brew,1,9680,10422,3.64
annoyingly,1,33420,26581,2.69
brother-in-law,1,0,0,4.95
daughter-in-law,1,0,0,4.92
self-conscious,1,0,0,4.14
fool's,1,0,0,3.12
overlearn,1,0,0,0.0
monkey-pox,1,0,0,2.97
unintended,1,19539,10337,3.28
beautician,1,35693,27068,2.39
bartender,1,33875,7886,3.5
washing-machine,1,0,0,4.06
higher,1,7520,0,5.18
between-class,1,0,0,5.22
step-mother,1,0,0,4.88
decorated,1,11694,11119,3.94
honored,1,0,13385,4.1
deeds,1,0,0,3.79
needn't,1,0,0,2.9
abreast,1,14056,16406,2.95
resumé,1,0,0,2.25
quizzes,1,0,0,3.05
airing,1,14906,15415,3.58
bathed,1,0,0,3.13
co-author,1,0,0,4.76
conditioned,1,15527,20490,3.64
confirmed,1,18474,16059,4.67
conflicting,1,6027,6498,3.63
coworker,1,41273,0,3.29
decidedly,1,9825,8222,3.37
displeased,1,20352,25815,2.97
footpath,1,7157,20418,2.99
graded,1,16578,23153,3.45
in-depth,1,0,0,4.55
in-person,1,0,0,5.54
intellectualize,1,0,33992,1.49
juicer,1,0,30837,2.52
modeling,1,0,6704,3.94
mother-in-law,1,0,0,5.03
newness,1,20517,18808,2.6
one-off,1,0,0,5.82
onetime,1,0,0,2.58
overbook,1,0,35529,1.44
overeat,1,36059,17831,2.3
policymaker,1,34466,6562,1.95
powerhouse,1,21042,10993,3.44
reaches,1,0,0,4.16
readout,1,37530,16427,2.69
removed,1,37683,33406,4.79
salesclerk,1,0,32259,1.22
scheduled,1,9932,7258,4.45
self-reflection,1,0,0,4.14
shelve,1,13808,15772,2.39
sliced,1,12603,7762,3.57
undoing,1,20696,19759,3.08
viewership,1,0,0,3.13
wonderment,1,23103,22251,2.39
curriculums,1,0,0,2.4
undid,1,0,0,2.53
tops,1,0,0,4.07
feedbag,1,0,0,1.06
pricey,1,22831,11216,3.34
battleship,1,19077,13304,3.15
ripeness,1,33942,28402,2.23
preventative,1,19155,18878,3.13
all-time,1,0,0,6.09
dividing,1,14104,19384,3.63
half-time,1,0,0,5.36
round-up,1,0,0,5.12
long-distance,1,0,0,4.8
affected,1,7874,9017,4.64
bouncy,1,20599,20316,3.17
rewound,1,43435,0,2.07
decision-maker,1,0,0,4.17
purposeless,1,33731,30310,2.05
quitted,1,0,0,2.06
on-board,1,0,0,5.23
founded,1,0,0,4.5
leakage,1,12742,14382,3.24
sealed,1,9472,10282,4.12
reportage,1,33398,25757,2.65
methodical,1,18412,14767,3.02
look-see,1,0,0,5.63
matchbox,1,20830,26066,2.67
bather,1,24896,25299,2.0
mousetrap,1,34044,24713,2.32
matter-of-fact,1,0,0,5.09
practised,1,14661,0,3.33
practiced,1,0,15082,3.82
tights,1,0,14298,3.29
wake-up,1,0,0,4.75
carry-on,1,0,0,4.89
proved,1,35812,38659,4.48
sponsorship,1,5132,9271,3.72
piecework,1,40134,32232,1.8
becoming,1,21201,22465,4.81
turnaround,1,19869,8299,3.4
open-air,1,0,0,5.12
eco-friendly,1,0,0,3.66
obtainable,1,11641,25510,3.07
trouble-free,1,0,0,4.73
roughen,1,34747,33541,1.35
destroyer,1,12204,11489,3.5
win-win,1,0,0,5.09
copyist,1,26626,30049,2.17
predictive,1,16161,10404,3.37
shortlist,1,21533,36051,3.07
cross-examine,1,0,0,4.12
double-check,1,0,0,4.83
managerial,1,4869,9846,3.56
treasured,1,19326,16741,3.12
seamen,1,0,0,2.94
pianos,1,0,0,2.99
blinding,1,15054,11939,3.2
bottomless,1,19955,16529,2.96
connectedness,1,39503,17857,2.61
dismissive,1,11180,14976,3.05
dominating,1,21609,21907,3.58
dynamism,1,18751,17078,2.81
enhancement,1,8152,7849,3.63
facilitation,1,36750,21857,2.92
facilitator,1,20872,12000,2.9
flavored,1,0,19804,3.44
flavoured,1,21055,0,3.04
follow-up,1,0,0,5.12
frankness,1,18775,23908,2.51
highlighter,1,49530,29693,2.83
inquiring,1,33523,23701,2.99
enquiring,1,23510,0,2.42
insightful,1,37193,12671,3.41
memorization,1,0,20592,2.59
neighbouring,1,4550,31857,3.77
personalise,1,33565,0,2.16
ready-made,1,0,0,5.19
recognized,1,15918,12930,4.52
steaming,1,12722,11063,3.32
stuffed,1,14453,8635,3.96
sufficiently,1,2966,5950,3.8
thirstily,1,42958,43312,1.14
autobiographical,1,15560,11535,3.14
baked,1,8795,7908,3.92
bewildered,1,8805,10588,3.1
big-ticket,1,0,0,4.57
breeder,1,9187,10669,3.35
cantankerous,1,32754,23375,2.34
cartilage,1,22293,12471,3.26
chauffeur,1,12038,14455,3.17
clad,1,10007,10326,3.58
clinch,1,9072,12311,3.29
clippers,1,0,0,3.6
commendation,1,18958,21328,3.0
compelling,1,9505,4879,3.98
cranberry,1,28721,9172,3.17
depletion,1,10703,11633,3.14
domestically,1,19311,12911,3.26
doomed,1,19176,16211,3.77
eco-tourist,1,0,0,3.59
estuary,1,7154,13321,3.26
evaluative,1,22836,17001,2.3
falter,1,8808,9324,2.82
favoured,1,6988,42937,3.55
florist,1,16325,14041,3.01
genus,1,8290,10828,3.73
gripping,1,14030,15055,3.36
haggle,1,18614,16766,2.65
hath,1,12155,0,3.62
horrified,1,7683,15698,3.43
impairment,1,9264,5768,3.55
indifferently,1,24432,25791,2.15
insuperable,1,20790,31686,1.9
intervening,1,9611,12656,3.33
luncheon,1,10081,9818,3.31
malarial,1,34162,30828,2.35
merchandiser,1,45045,38200,2.12
navigable,1,24389,23532,2.97
nondestructive,1,0,0,2.07
overlapping,1,11639,11055,3.56
pearly,1,21286,18418,2.87
premature,1,6377,6883,3.7
principled,1,20196,16244,3.01
pro-environment,1,0,0,4.6
promptly,1,5541,6666,3.84
prospectus,1,12668,19077,3.22
ratify,1,8084,9065,2.94
received,1,13858,15521,5.16
ringtone,1,0,0,2.99
sanitizer,1,0,31835,2.7
scam,1,20554,9135,3.94
scattered,1,7677,7811,3.97
self-motivated,1,0,0,4.11
sighted,1,37974,18568,3.54
sonar,1,17722,14879,3.3
squeal,1,15659,11713,2.83
stacks,1,0,0,3.49
stealth,1,14083,12455,3.53
stewed,1,33559,27243,2.65
stink,1,10268,8551,3.46
trendsetter,1,0,26152,2.28
tum,1,25350,25771,3.07
unceasing,1,32633,26006,2.23
unscripted,1,41504,25325,2.55
untag,1,0,0,1.61
visuals,1,0,18333,3.57
walkathon,1,0,0,1.6
weakling,1,33200,25410,2.43
well-built,1,0,0,5.03
well-dressed,1,0,0,4.41
well-educated,1,0,0,4.28
well-kept,1,0,0,4.96
well-lit,1,0,0,4.18
witchcraft,1,12546,13968,3.42
lameness,1,35630,36176,2.28
hasten,1,8507,9445,2.93
hindrance,1,14736,18548,3.01
advocation,1,0,0,1.6
barbarous,1,20500,24373,2.54
democratism,1,0,0,0.0
compliance,1,4818,4547,4.17
desirability,1,11789,14608,2.66
deliberation,1,8476,7957,3.06
deliberative,1,36593,20447,2.53
liberalism,1,9214,8161,3.5
schema,1,9379,12815,3.13
intensively,1,15030,17197,2.87
injurious,1,21686,24105,2.58
subtly,1,9692,9566,3.3
subtlety,1,9870,11040,3.09
debtor,1,5209,13382,3.08
debtee,1,0,0,0.0
alternation,1,21330,24407,2.53
naively,1,20098,19294,2.68
naivety,1,19622,43398,2.58
letters,1,0,0,4.66
blight,1,18459,15091,3.24
displacement,1,8854,9099,3.63
extravagantly,1,22383,22819,2.46
spiteful,1,19511,24282,2.92
ceaseless,1,19003,19436,2.57
radically,1,6472,6520,3.54
racist,1,7885,6381,4.42
rationalization,1,15961,16414,2.71
adjoining,1,8631,11972,3.5
restrained,1,13926,14766,3.44
self-restrained,1,0,0,3.43
gambler,1,14574,10215,3.15
extrinsic,1,24686,16022,2.62
terminator,1,22825,24626,3.28
satirize,1,39766,21669,2.08
resentful,1,11540,14259,2.97
hostility,1,3996,5211,3.61
unprivileged,1,0,0,1.88
penalize,1,21014,11309,2.74
well-noted,1,0,0,4.67
executor,1,12511,20034,2.97
executioner,1,16384,16623,3.09
dishonorable,1,0,24763,2.68
dishonourable,1,32706,0,2.25
dishonor,1,0,21366,2.88
defender,1,3732,4820,4.11
outrageous,1,7521,6077,3.77
humiliating,1,11305,10717,3.46
humiliation,1,7713,7690,3.55
perplexed,1,21651,18745,3.05
detest,1,14523,16282,2.87
formalise,1,19232,0,1.93
well-informed,1,0,0,4.44
ill-informed,1,0,0,4.26
fabrication,1,14413,11480,3.48
disgraceful,1,11951,18807,3.33
glowingly,1,0,30335,1.87
radiator,1,7281,13342,3.34
analogous,1,9154,10202,3.36
permeation,1,40914,44727,2.05
brute,1,11576,11905,3.42
economize,1,33921,25167,2.0
suburbanization,1,0,30112,1.87
worshiper,1,0,16239,2.18
certified,1,15221,6965,4.23
certification,1,10649,6117,3.97
assimilative,1,0,34409,1.36
comprehensible,1,14092,19208,2.71
procreative,1,0,28424,1.97
conformity,1,8985,11474,3.2
competently,1,20497,24325,2.63
incapability,1,0,0,1.85
capacious,1,22736,23330,2.2
contraband,1,35592,19922,3.12
criminalist,1,0,31802,1.3
criminalistic,1,0,0,0.0
criminalistics,1,0,0,1.4
tortuous,1,18416,20769,2.65
contortionist,1,43218,35689,2.21
extortion,1,20529,14121,3.29
compressible,1,0,33106,2.26
oppression,1,7217,6836,3.79
decisively,1,11220,12191,3.12
recruiter,1,28120,10729,3.26
validate,1,9106,7516,3.4
validity,1,4628,4542,3.7
allocation,1,3262,7082,3.74
disorganized,1,25198,21693,3.0
speculative,1,6945,9713,3.51
speculator,1,12049,14788,2.42
individualist,1,16854,20896,2.55
individualistic,1,15379,14947,2.74
subcommittee,1,16223,7123,3.46
inconsistent,1,7845,7031,3.79
presumption,1,8869,9906,3.22
presumptively,1,0,32528,1.85
presumptuous,1,20705,19469,2.86
self-assured,1,0,0,4.04
wholesale,1,6952,7240,3.97
retailer,1,4649,4511,3.75
disruption,1,5679,6784,3.71
disaffect,1,0,0,0.0
disaffected,1,18610,16982,2.75
effectuate,1,0,32011,1.89
intimidation,1,11881,9693,3.39
prevailing,1,6137,6777,3.55
profoundly,1,7548,6485,3.51
diffusion,1,12694,11051,3.4
insulation,1,8040,8462,3.67
exploratory,1,11339,10416,3.18
esthetic,1,0,19901,2.36
air-conditioning,1,0,0,3.88
alienate,1,8590,8136,3.03
allegiance,1,6439,7232,3.69
amplify,1,9902,9595,3.16
antenna,1,23426,7121,3.77
appal,1,19412,11526,1.63
appall,1,0,12646,1.51
archeology,1,0,25999,2.77
artery,1,7981,5962,3.65
aural,1,21545,15916,2.78
bibliography,1,9291,14033,3.82
censorship,1,7297,8665,3.85
chancellor,1,2364,11335,4.13
clergy,1,4651,6499,3.74
converge,1,8501,8179,3.23
credentials,1,9700,0,3.74
culprit,1,11124,8877,3.4
databank,1,36937,29915,2.13
deceit,1,14500,15761,3.24
degenerate,1,11310,16007,3.33
deplore,1,9723,13986,2.43
discrepancy,1,7003,6872,3.29
dissipate,1,11497,9775,2.95
distill,1,0,23567,2.47
empirical,1,4444,5285,3.62
enclosure,1,6621,9856,3.61
endorse,1,4200,3884,3.63
entity,1,3875,3932,4.12
escalate,1,11155,7542,3.35
feudal,1,8115,16368,3.36
fiscal,1,4888,3635,4.26
franchise,1,6188,4357,4.29
fuse,1,9764,10364,3.62
glamor,1,0,9073,2.34
grim,1,5350,5348,3.69
grope,1,12071,10123,2.68
guild,1,5732,12308,3.93
hierarchy,1,3591,5206,3.78
hinge,1,9620,8810,3.32
hitherto,1,4192,16041,3.15
homogeneous,1,9198,11195,3.22
huddle,1,10058,7190,3.08
hypocrisy,1,10088,9213,3.65
hysterical,1,9795,9244,3.48
incidentally,1,5245,8677,3.51
indexes,1,0,0,3.32
indices,1,0,0,3.41
instal,1,48794,0,2.0
intelligible,1,14873,17337,2.77
intercourse,1,6243,7736,3.6
interim,1,4055,6845,4.0
intermittent,1,11287,12236,3.39
layman,1,11574,16061,2.93
linen,1,5681,6009,3.61
lubricate,1,19781,19873,2.43
maneuver,1,0,7199,3.53
masculine,1,7201,7215,3.71
massacre,1,7134,6457,3.91
memoranda,1,0,0,2.47
menace,1,7581,9314,3.54
militant,1,8006,7179,3.62
mobilise,1,12386,0,2.62
momentum,1,5641,4335,4.07
necessitate,1,7107,10233,2.84
normalization,1,28490,16091,2.99
normalisation,1,27662,0,2.31
notwithstanding,1,9042,10393,3.48
nuclei,1,0,0,3.19
numerical,1,7312,10114,3.65
offset,1,5701,6179,3.99
okey,1,0,0,2.72
pact,1,5146,6682,3.73
parameter,1,4063,5398,3.57
pendulum,1,14260,12582,3.27
gasolene,1,0,0,0.0
plaintiff,1,2277,4939,3.55
plumber,1,11659,11990,3.36
mailman,1,0,18950,2.88
proceedings,1,0,5364,4.18
propaganda,1,5071,5838,4.17
qualitative,1,8234,7101,3.45
reciprocal,1,8842,10639,3.22
reckless,1,8577,8562,3.82
rectify,1,8609,14350,3.17
regime,1,2191,1848,4.3
remnant,1,7533,6394,3.3
resultant,1,9919,14064,3.13
retention,1,6675,6542,3.81
retrieve,1,5614,4952,3.69
robust,1,6874,6419,3.94
ruthless,1,7587,9398,3.65
shipment,1,8047,6962,3.76
snobbish,1,21368,29534,2.5
stagnant,1,13792,12153,3.31
statical,1,0,0,1.06
streamline,1,12095,11669,3.18
synthesis,1,5192,8268,3.84
syntheses,1,0,0,2.22
tariff,1,5185,7354,3.49
theses,1,0,0,3.21
threshold,1,4990,4724,4.03
treason,1,10299,12926,3.84
trolly,1,0,0,1.85
tropics,1,16084,13268,3.16
ventilate,1,19165,23817,2.29
vicious,1,5926,6247,3.83
whiskey,1,16934,7021,3.78
bolster,1,9591,6692,3.31
concurrent,1,10520,12234,3.49
configuration,1,4862,6153,3.97
contingent,1,8532,9268,3.69
coronavirus,1,0,46823,3.22
culminate,1,6551,7686,2.74
demographic,1,7407,4615,3.92
deplete,1,11772,10191,2.65
discrete,1,9082,9847,3.56
discretion,1,3677,7544,3.9
equity,1,3355,3863,4.3
lawsuit,1,15306,2660,4.09
lucrative,1,8433,6660,3.56
overt,1,7860,9229,3.31
propagate,1,10193,11865,3.09
protocol,1,4615,4485,4.15
proximate,1,34438,21958,2.62
quarantine,1,19580,14311,3.64
stagnate,1,20471,18383,2.49
stipulate,1,8713,10956,2.77
surveillance,1,6559,4825,4.17
temporal,1,8101,6868,3.63
viable,1,5700,5049,3.96
meridiem,1,0,0,1.13
co-operate,1,0,0,4.42
bleat,1,21990,22920,2.12
earlier,1,1022,0,4.98
half-way,1,0,0,5.31
playhouse,1,22355,18720,3.21
roller-skating,1,0,0,3.61
showery,1,40575,0,2.11
two-story,1,0,0,5.36
lived,1,0,0,4.88
dining-room,1,0,0,4.12
pen-friend,1,0,0,4.34
turnoff,1,41764,20670,2.52
jawbone,1,36000,27137,2.68
keyhole,1,19664,19860,2.83
kick-start,1,0,0,4.66
overbite,1,0,35571,2.11
runner-up,1,0,0,4.18
run-down,1,0,0,5.34
sexy,1,7254,4278,4.42
unspecific,1,34593,38993,2.09
emigration,1,12008,12465,3.25
brokenhearted,1,0,0,2.31
snackbar,1,0,0,1.38
idealist,1,18940,17991,2.83
letter-box,1,0,0,4.69
questions,1,0,0,5.15
universities,1,0,0,4.36
introduced,1,24335,21457,4.72
joined,1,22303,21702,4.73
measured,1,11158,10581,4.25
treated,1,16092,15801,4.71
flames,1,0,0,4.03
god's,1,0,0,4.37
good-for-nothing,1,0,0,5.43
days,1,0,0,5.61
followed,1,0,0,5.05
reported,1,7213,6300,5.0
rooms,1,0,0,4.56
arrangements,1,0,0,4.23
",",1,0,0,0.0
airs,1,0,0,3.51
performances,1,0,0,4.29
self-trust,1,0,0,4.88
phrases,1,0,0,3.89
"know,",1,0,0,6.1
"see,",1,0,0,6.1
photographs,1,0,0,4.34
pills,1,0,0,4.05
students',1,0,0,5.25
yippee,1,44801,37778,2.41
yuk,1,24139,32227,2.71
heeheehee,1,0,0,0.0
abracadabra,1,0,38256,2.19
hooray!,1,0,0,3.2
dotted,1,15229,17668,3.41
budgie,1,22572,40163,2.49
cornflakes,1,0,0,2.47
puma,1,24173,22654,3.22
lolly,1,24298,36398,2.81
nintendo,1,17300,0,4.08
jet-ski,1,0,0,3.9
snorkelling,1,0,0,2.44
sheriff,1,5824,5016,4.16
really?,1,0,0,5.97
towers,1,15656,0,4.02
mayflower,1,42998,0,2.83
corn-on-the-cob,1,0,0,3.01
grains,1,0,0,3.7
nottingham,1,3455,0,3.72
sherwood,1,12461,0,3.47
dunvegan,1,0,0,1.84
fete,1,19586,23490,2.68
atishoo,1,0,0,0.0
quiet.,1,0,0,4.65
blazer,1,14891,12889,3.27
lakers,1,0,0,3.9
what?,1,0,0,6.38
go!,1,0,0,6.03
wolfie,1,0,0,2.41
rock'n'roll,1,0,0,2.71
repairable,1,0,41050,2.26
repairer,1,23239,40118,2.2
relator,1,0,46662,1.74
bearable,1,18563,19277,2.89
exceptive,1,0,0,0.0
gladden,1,34257,26502,2.2
unwillingness,1,11737,12423,3.11
connections,1,0,0,4.32
brains,1,0,0,4.07
scolding,1,41776,28141,2.84
worktop,1,23813,0,2.05
wildness,1,23015,19902,2.48
heaviness,1,21899,21045,2.59
awkwardness,1,19957,17202,3.0
unaccustomed,1,15483,17468,2.45
emotionless,1,39605,27808,2.72
wanderer,1,15481,18662,3.01
investigator,1,5422,2266,3.83
ashes,1,0,0,3.93
unease,1,9648,13614,2.78
dampen,1,11247,10919,2.81
emergent,1,20401,13858,3.15
vocable,1,0,0,0.0
selected,1,4591,4931,4.68
extracurriculum,1,0,0,0.0
theoretically,1,7829,8003,3.64
dynast,1,0,40642,1.45
imaginatively,1,20310,22267,2.33
statist,1,47263,0,2.61
mutually,1,7674,7987,3.68
existent,1,25547,27320,3.51
donator,1,0,0,1.65
plasticity,1,38308,22276,2.96
sb's,1,0,0,1.62
astonishingly,1,13996,15394,2.86
agriculturalist,1,33387,27921,1.56
appendices,1,0,0,2.63
appendixes,1,0,0,1.8
magnifier,1,0,28652,2.27
jewelery,1,0,0,2.18
sizeable,1,8472,17955,3.23
specialization,1,13120,11978,3.29
crafts,1,0,0,3.73
aggressiveness,1,21970,15115,2.86
cold-blooded,1,0,0,3.33
dampness,1,19864,20736,2.48
sleepiness,1,37527,24908,2.56
ninety-one,1,0,0,3.71
ninety-first,1,0,0,3.71
seated,1,14400,11460,3.89
extremes,1,0,0,3.47
couples,1,0,0,4.34
difficulties,1,0,0,4.21
occurs,1,0,0,4.34
categories,1,0,0,4.31
lay-off,1,0,0,4.62
meritorious,1,33022,24074,2.98
yeti,1,45743,27871,3.01
tae,1,17854,36181,3.51
power-free,1,0,0,5.27
relations,1,0,0,4.67
end-of-term,1,0,0,5.1
kakado,1,0,0,0.0
polynesia,1,37542,0,2.76
rotura,1,0,0,0.0
plains,1,0,0,3.89
salicylic,1,0,0,2.57
melodie,1,0,0,1.94
somebody's,1,0,0,3.44
sporting,1,5354,6535,4.16
turk,1,7983,7202,3.3
fraternity,1,11321,9247,3.56
seedless,1,43432,21053,2.27
afghanistan,1,7396,0,4.23
centred,1,0,0,3.5
headlines,1,0,0,3.91
hydroelectricity,1,0,36746,1.96
romany,1,38340,0,2.27
fortune-telling,1,0,0,4.21
unprotected,1,14177,11836,3.29
downer,1,34710,25150,3.06
lsd,1,16600,14570,3.25
abuser,1,19697,10324,3.14
forces,1,0,0,4.98
glamorous,1,7828,8060,3.5
well-paid,1,0,0,5.07
cast-iron,1,0,0,4.46
self-confident,1,0,0,4.37
allowances,1,0,0,3.36
self-educated,1,0,0,4.25
pocket-sized,1,0,0,4.06
informer,1,15395,17392,2.99
pre-owned,1,0,0,4.54
room-mate,1,0,0,4.49
catch-22,1,0,0,4.66
samaritan,1,15934,19426,3.15
brutality,1,11149,8623,3.6
cartoonist,1,20219,12929,3.07
cell-phone,1,0,0,4.73
coinage,1,13272,27919,3.04
haunch,1,22782,18141,1.83
institutional,1,3604,3206,4.0
knowhow,1,38911,0,2.31
telescopic,1,21976,19136,2.78
jugendfeier,1,0,0,0.0
fullest,1,0,0,3.48
sockencranz,1,0,0,0.0
diagnosed,1,0,30326,4.05
fat-free,1,0,0,4.78
parkinson's,1,0,0,3.34
dindim,1,0,0,0.0
rois,1,0,0,2.07
dacher,1,0,0,0.0
herd-boy,1,0,0,3.75
sea-sick,1,0,0,4.66
solar-powered,1,0,0,4.07
roof-top,1,0,0,4.51
easy-care,1,0,0,5.1
qinghai-tibet,1,0,0,2.1
make-believe,1,0,0,5.41
king's,1,0,0,4.03
kuuk,1,0,0,0.0
thaayorre,1,0,0,0.0
alzheimer's,1,0,0,3.66
drive-through,1,0,0,5.06
first-aid,1,0,0,4.73
briton,1,6639,13551,2.84
hot-dog,1,0,0,4.83
crayons,1,0,0,3.01
climbed,1,0,0,3.85
rowed,1,0,0,2.78
drinks,1,0,0,4.43
queen's,1,0,0,3.77
moose,1,24479,7996,3.61
english-chinese,1,0,0,4.79
ledge,1,8884,8316,3.41
puzzles,1,0,0,3.55
erasers,1,0,0,2.44
apples,1,0,0,3.96
having,1,0,0,5.59
westray,1,0,0,1.62
smarter,1,0,0,3.91
faster,1,3917,4580,4.64
licked,1,0,0,3.26
laughed,1,0,0,4.24
timo,1,0,0,2.65
halla,1,0,0,2.21
helsinki,1,13021,0,3.36
kilos,1,0,0,3.25
millionth,1,23313,23696,2.82
el-nessim,1,0,0,1.28
déjà,1,0,0,2.67
vu,1,0,0,3.29
universes,1,0,0,3.1
mix-up,1,0,0,4.7
margot,1,23233,0,3.32
webster,1,12493,0,3.76
lori,1,29956,0,3.4
buford,1,0,0,2.78
laos,1,17479,0,3.34
laotian,1,0,26648,2.39
elias,1,17238,0,3.42
anc,1,5919,0,3.45
robben,1,0,0,2.84
frederick,1,6699,0,3.95
prussia,1,10898,0,3.35
königsberg,1,0,0,1.87
baltic,1,19583,11602,3.57
leningrad,1,16081,0,3.07
hasek,1,0,0,1.9
petrov,1,0,0,2.75
pausanias,1,0,0,2.31
atalanta,1,45023,0,2.51
hippomenes,1,0,0,0.0
nagoya,1,40946,0,2.88
mauritius,1,21100,0,3.21
colobus,1,0,44409,1.8
monkees,1,0,0,2.39
freddy,1,16951,0,3.44
trinidad,1,13013,0,3.65
hari,1,9413,0,3.18
woven,1,14341,11959,3.56
hannibal,1,26063,0,3.41
stampede,1,21887,17310,3.13
jody,1,45940,0,3.18
soyabean,1,0,0,1.72
worn-out,1,0,0,4.26
garcia,1,16582,0,3.89
akira,1,46461,0,3.2
nagata,1,0,0,2.24
aziz,1,17805,0,3.23
darlene,1,0,0,2.87
coulon,1,0,0,1.4
camelot,1,26820,0,2.97
merlin,1,16482,0,3.42
futuroscope,1,0,0,0.0
t-rex,1,0,0,3.88
nicolaus,1,0,0,2.33
copernicus,1,28219,0,2.72
severn,1,7316,0,3.03
midlands,1,7715,0,3.69
paul's,1,0,0,3.65
highgate,1,20601,0,2.62
etc,1,1290,3079,5.03
sprained,1,36117,18283,3.03
janson,1,0,0,2.25
slade,1,15975,0,3.25
southerton,1,0,0,1.19
spilled,1,26523,17009,3.63
leaped,1,0,0,2.77
republics,1,0,0,3.32
"educational,",1,0,0,4.6
aquariums,1,0,0,2.76
aquaria,1,0,0,2.47
light-emitting,1,0,0,3.21
diode,1,28747,20330,3.06
mouths,1,0,0,3.72
bow-wow,1,0,0,4.21
townhouse,1,42262,13804,3.06
biogas,1,0,32150,2.57
best-known,1,0,0,5.26
maglev,1,0,31386,2.33
kowtow,1,35359,27978,2.16
hard-wearing,1,0,0,4.77
jeweled,1,0,22406,2.47
rostrum,1,21506,32674,2.56
light-colored,1,0,0,4.16
slurp,1,26201,19312,2.56
cold-colored,1,0,0,4.13
catwalk,1,16567,16154,2.99
cheongsam,1,0,0,1.84
western-style,1,0,0,4.76
wins,1,0,0,4.7
race.,1,0,0,5.08
cried,1,0,0,4.19
workers',1,0,0,4.95
aachoo,1,0,0,0.0
fine.,1,0,0,5.23
"you,",1,0,0,6.98
guessing,1,34804,23640,3.94
see?,1,0,0,6.1
feel?,1,0,0,5.67
stomachache.,1,0,0,2.09
headache.,1,0,0,3.97
breakfast?,1,0,0,4.61
me?,1,0,0,6.48
buy?,1,0,0,5.32
order?,1,0,0,5.49
do?,1,0,0,6.35
42,1,0,0,4.82
street.,1,0,0,5.28
lights.,1,0,0,4.64
yes?,1,0,0,5.5
noises,1,0,0,3.75
on!,1,0,0,6.91
weather?,1,0,0,4.87
date?,1,0,0,5.22
holidays?,1,0,0,4.22
hand-made,1,0,0,5.29
pow-wow,1,0,0,3.43
rights,1,0,0,5.19
photos!,1,0,0,4.83
fights,1,0,0,4.19
mates!,1,0,0,3.99
waves,1,0,0,4.37
aching,1,12688,13607,3.29
dived,1,0,0,2.97
policy.,1,0,0,5.17
billions,1,0,0,3.97
neither.,1,0,0,4.77
secretary-general,1,0,0,4.84
earliest,1,14653,0,4.09
fitted,1,12086,20389,4.13
misspelled,1,0,35986,2.99
peas,1,0,0,3.65
minutes,1,0,0,5.31
"noise,",1,0,0,4.55
ready!,1,0,0,5.28
heights,1,0,0,4.14
best-built,1,0,0,5.0
pleasure.,1,0,0,4.57
most-improved,1,0,0,4.59
perfect.,1,0,0,5.2
babysat,1,0,0,2.19
long-eared,1,0,0,2.84
long-nosed,1,0,0,3.14
desk-cycle,1,0,0,4.21
thumbs-up,1,0,0,3.69
akia,1,0,0,1.16
bosphorous,1,0,0,0.0
"joking,",1,0,0,4.04
fools',1,0,0,3.88
seconds,1,0,22004,4.86
sides.,1,0,0,4.73
for?,1,0,0,7.01
point.,1,0,0,5.54
thirds,1,8802,11699,3.91
lakes,1,0,0,4.14
oba,1,0,0,2.73
karla,1,0,0,2.93
kylie,1,8376,0,3.54
pele,1,38768,0,2.82
etta,1,0,0,2.72
diffo,1,0,0,0.0
dreams,1,0,0,4.59
allowed,1,34128,29268,5.03
chores,1,0,0,3.54
slightest,1,0,0,3.77
sth.'s,1,0,0,2.74
routes,1,0,0,4.19
roughneck,1,0,29926,1.84
hippopotamus,1,35116,30367,2.56
tern,1,17271,18187,2.72
flamingo,1,22900,21112,3.06
camouflage,1,14697,12127,3.42
snout,1,16040,14549,3.08
musher,1,0,28580,1.84
atv,1,0,0,3.12
all-terrain,1,0,0,3.94
pirates,1,0,0,3.99
vulture,1,12004,12983,3.18
v-shaped,1,0,0,4.3
woodcarving,1,0,38233,1.94
elbrus,1,0,0,1.66
asiatic,1,22047,23686,3.09
lynx,1,25376,22097,3.06
hatchery,1,40138,15731,2.81
wiry,1,21006,13236,2.51
megacity,1,0,27311,1.98
floodgate,1,20683,21192,2.0
ultramarathon,1,0,0,1.87
paraskiing,1,0,0,0.0
socotra,1,0,0,1.73
trans-siberian,1,0,0,3.28
etosha,1,0,0,1.74
inhabited,1,21383,23441,3.52
cadmium,1,25171,13159,2.85
oakland,1,28477,0,3.92
syria,1,6290,0,4.4
iraq,1,2624,0,4.43
modernism,1,10874,10170,3.13
ventilation,1,7996,9805,3.6
helium,1,17116,11819,3.42
mocky,1,0,0,0.0
booky,1,23784,0,1.7
eggplants,1,0,0,2.21
patted,1,0,0,2.8
handlebars,1,0,0,2.73
self-driving,1,0,0,4.74
trashcan,1,0,30824,2.46
juggle,1,11109,9584,3.02
passed,1,37662,36372,4.92
looked,1,0,0,5.11
coughed,1,0,0,2.94
decided,1,19882,22446,5.09
checked,1,21001,18773,4.54
heaviest,1,0,0,3.35
youngest,1,0,0,4.05
thinnest,1,0,0,2.67
traveled,1,0,22076,4.06
firefighting,1,0,39062,2.92
fast-food,1,0,0,4.94
arsenal,1,5226,7399,4.31
heaven's,1,0,0,3.06
how-to,1,0,0,6.21
continuing,1,2499,3647,4.48
adding,1,34919,25338,4.67
earmuff,1,0,0,1.29
wristies,1,0,0,0.0
popsicle,1,0,22105,2.82
headband,1,23441,17989,3.0
typesetting,1,17491,37106,2.56
braid,1,15784,9403,3.24
inc.,1,0,0,4.77
bluntly,1,11512,12138,3.07
first-ever,1,0,0,5.53
seeding,1,40237,27621,3.21
rockets,1,0,0,3.99
rookie,1,26594,5259,4.13
all-star,1,0,0,5.17
macau,1,38878,0,3.28
speeches,1,0,0,3.93
horse-riding,1,0,0,4.3
horse-rider,1,0,0,3.95
pyjama,1,0,0,2.32
maikhao,1,0,0,0.0
lcd,1,27195,10106,3.47
e-ticket,1,0,0,4.53
decision-making,1,0,0,4.96
starfruit,1,0,0,1.42
good-looking,1,0,0,5.46
great-grandpa,1,0,0,3.8
great-grandma,1,0,0,4.1
dressmaker,1,21291,25185,2.46
ingrid,1,17492,0,3.25
bergman,1,26213,0,3.0
yat-sen,1,0,0,2.57
blackwell,1,16421,0,3.31
serena,1,28441,0,3.64
brandi,1,0,0,2.97
reeve,1,17230,0,2.91
dana,1,7508,0,3.82
streams,1,0,0,4.12
lowdown,1,49394,23639,2.63
bmw,1,8195,0,3.92
bavarian,1,21082,21121,3.12
pentagon,1,16353,9191,3.7
rosseto,1,0,0,0.0
alanis,1,0,0,2.52
morissette,1,0,0,2.43
wassily,1,0,0,1.91
kandinsky,1,44325,0,2.42
hockney,1,26748,0,2.44
gardel,1,0,0,1.45
kiki,1,47363,0,3.08
nenny,1,0,0,0.0
eamon,1,39238,0,2.64
gris,1,29092,0,2.62
parnell,1,36294,0,2.95
biarni,1,0,0,0.0
leif,1,0,0,2.75
eddison,1,0,0,1.6
t.s.,1,0,0,2.66
orwell,1,12923,0,3.15
marek,1,29764,0,2.82
kaminski,1,0,0,2.26
wojtek,1,0,0,1.84
moskal,1,0,0,1.29
aegean,1,16176,0,2.93
angus,1,8200,0,3.63
deayton,1,0,0,1.06
selfridge,1,23940,0,2.54
meyer,1,12771,0,3.69
lindbrow,1,0,0,0.0
derbyshire,1,6654,0,3.31
shonda,1,0,0,2.39
sherri,1,0,0,2.75
shirin,1,0,0,2.39
norma,1,16310,0,3.33
marilyn,1,12066,0,3.72
monroe,1,15697,0,3.89
groot,1,0,0,2.98
humphries,1,22468,0,2.9
weller,1,25078,0,3.02
kingston,1,10340,0,3.74
gorton,1,39296,0,2.5
utrecht,1,23159,0,2.99
salovey,1,0,0,1.28
mizner,1,0,0,1.75
stephens,1,12689,0,3.54
blackstone,1,33896,0,3.1
judith,1,7944,0,3.67
wainwright,1,17291,0,3.04
alvin,1,24898,0,3.4
toffler,1,0,0,1.84
lyons,1,8062,0,3.46
traeger,1,0,0,2.11
whitehorn,1,0,0,1.73
galilei,1,0,0,2.2
dragon-boat,1,0,0,4.23
bars,1,0,0,4.45
regarded,1,48746,0,4.29
unmotivated,1,39327,29056,2.53
motivating,1,21045,19478,3.34
unrecyclable,1,0,0,0.0
justification,1,3708,5816,3.83
expansive,1,13993,9197,3.38
opened,1,23349,21943,4.85
open-book,1,0,0,5.15
close-book,1,0,0,5.09
bsc,1,23243,0,3.03
msc,1,17644,0,3.23
agent's,1,0,0,2.85
driver's,1,0,0,3.78
products,1,0,0,5.04
recycled,1,12502,8880,3.56
materials,1,0,0,4.78
disabilities,1,0,0,3.93
aches,1,0,0,3.28
escapes,1,0,0,3.56
varieties,1,0,0,3.95
do!,1,0,0,6.35
depends.,1,0,0,4.53
mind.,1,0,0,5.41
"""hi""",1,0,0,5.0
soon.,1,0,0,5.32
"way,",1,0,0,6.01
on?,1,0,0,6.91
dateline,1,49189,30400,2.69
lineage,1,10290,9046,3.46
hardline,1,17535,0,2.95
longheaded,1,0,0,0.0
tidemark,1,48710,0,0.0
unmarked,1,11819,11741,3.24
marksman,1,21326,23755,2.88
hallmark,1,11245,8292,3.37
consign,1,11159,15519,2.46
consignment,1,10211,22180,3.0
signalize,1,0,0,1.03
minim,1,46046,0,1.99
minify,1,0,0,1.49
remodel,1,22441,11351,2.92
outmoded,1,18486,17416,2.55
modulate,1,15884,16415,2.74
typify,1,12031,13861,2.01
disarrange,1,0,43686,1.04
misarrange,1,0,0,0.0
derange,1,21592,23529,1.47
preset,1,26162,23400,2.94
discompose,1,0,0,0.0
depose,1,15557,15933,2.67
mediation,1,12941,8318,3.51
meddle,1,19051,16645,2.85
localism,1,29262,32852,2.32
dislocate,1,18923,18786,2.17
termination,1,8066,10020,3.73
exterminate,1,20277,17637,2.91
formalism,1,24796,22167,2.68
deform,1,24434,23023,2.5
idealism,1,11949,11045,3.1
idealize,1,25259,17388,2.09
repute,1,11412,18809,2.64
disrepute,1,15191,26889,2.53
acquirement,1,0,0,1.7
inquest,1,6241,23865,3.21
inquisition,1,16226,22360,3.35
assent,1,9760,16073,3.03
consentient,1,0,0,0.0
dissent,1,8756,8162,3.56
clearance,1,5606,8962,3.96
transact,1,20549,25974,2.67
actualize,1,44384,22543,2.06
agility,1,14489,14781,3.33
facile,1,19053,19319,2.61
mobster,1,34442,16400,2.83
entreat,1,32920,27532,2.32
emissive,1,0,0,1.68
rehabilitate,1,15045,11206,3.0
debilitate,1,37060,26558,1.7
solvable,1,0,30153,2.58
depreciation,1,9213,15213,3.37
depreciate,1,22863,23823,2.46
appreciable,1,15307,20337,2.78
laxity,1,33023,27554,2.22
fundament,1,0,36326,1.9
unfounded,1,13790,14146,3.23
profundity,1,33948,26863,2.2
dispensable,1,34874,31261,2.19
temptatious,1,0,0,0.0
horticulture,1,23529,22032,3.18
incult,1,0,0,0.0
approximation,1,10242,13653,3.32
initialize,1,0,37736,2.45
initiation,1,9818,8102,3.52
inapt,1,0,45011,1.58
elector,1,8238,20097,2.96
adoptable,1,0,38488,2.17
adoptive,1,21113,10779,3.22
haphazard,1,11477,16170,2.77
hapless,1,14737,14193,2.88
celerity,1,0,0,1.96
mentation,1,0,43394,1.39
commentate,1,35536,0,2.23
annotate,1,19833,22649,2.29
gratification,1,14594,12309,3.27
ingratiate,1,32917,26257,2.24
optimize,1,25947,11612,3.33
labored,1,0,23784,2.97
belabor,1,0,0,1.83
anergy,1,0,0,1.2
novice,1,7095,7564,3.41
identic,1,0,0,1.11
exemption,1,4881,7116,3.65
rebate,1,10514,10514,3.31
abate,1,13783,13243,2.68
insurmountable,1,18887,15862,3.03
artifice,1,22233,18184,2.58
artless,1,34274,31274,2.02
impotence,1,14160,14973,2.96
omnipotent,1,24262,24801,2.85
potent,1,6388,6295,3.74
homonymous,1,0,0,2.23
consonance,1,39289,31195,2.07
dissonant,1,46183,28515,2.52
sightsee,1,41657,0,1.69
farsighted,1,45052,25052,2.2
optometrist,1,0,23881,2.53
impartible,1,0,0,0.0
downgrade,1,15817,16410,3.23
gradation,1,21349,21630,2.4
trespass,1,14197,15976,3.11
insubordinate,1,0,36912,2.2
suppression,1,8868,10147,3.68
compression,1,8171,8364,3.82
draggy,1,0,0,1.54
drawl,1,13372,17106,2.48
hardcover,1,0,17534,3.32
covert,1,11398,8772,3.54
softcover,1,0,36509,2.39
intolerance,1,12422,10250,3.46
clamorous,1,37855,29877,1.87
clamor,1,0,12008,2.62
duet,1,16219,12125,3.43
demoralize,1,22691,16505,2.2
mores,1,0,0,2.82
renege,1,15485,18611,2.26
convoy,1,6616,8446,3.71
viaduct,1,15777,28602,2.77
extempore,1,41597,0,1.75
civility,1,21057,12195,3.03
harmonical,1,0,0,0.0
quietude,1,0,31989,1.87
inquietude,1,0,0,1.4
acquiescence,1,14506,17580,2.47
liquidity,1,8348,15843,3.45
engender,1,9730,9295,2.63
precipitous,1,20913,16908,2.58
capitulate,1,18449,18153,2.5
precipitate,1,8706,10236,2.78
indenture,1,26877,32727,2.67
edentate,1,0,0,0.0
supraliminal,1,0,0,0.0
imparity,1,0,0,0.0
disparity,1,10067,7067,3.42
disparate,1,11798,8918,3.26
nonpareil,1,0,39821,2.08
apparel,1,22950,8945,3.72
apparition,1,19404,12742,2.86
biparous,1,0,0,0.0
multiparous,1,0,0,1.24
parentage,1,19414,24279,2.84
primiparous,1,0,0,0.0
adjudge,1,20542,34629,1.54
prejudge,1,24753,26180,2.05
adjudicate,1,20600,18877,2.47
requital,1,0,0,1.5
quitclaim,1,0,46597,1.77
requite,1,0,0,1.73
acquit,1,9949,9999,2.58
acquittal,1,23156,15274,3.04
incrimination,1,0,43320,2.41
incriminate,1,23464,25401,2.58
recriminate,1,0,0,0.0
affront,1,13922,16245,2.89
touchy,1,19964,16171,3.14
newscast,1,0,13173,2.66
recast,1,19476,15225,2.94
downcast,1,23934,21594,2.4
pungent,1,14455,13027,2.91
numerable,1,0,0,1.2
supernumerary,1,39010,37278,2.15
xenocentric,1,0,0,0.0
deface,1,19314,23301,2.32
amnesiac,1,0,31613,2.33
afresh,1,13805,25436,2.78
amass,1,13689,9638,2.77
amoral,1,33241,22966,2.65
apathy,1,11596,13749,3.26
asocial,1,44953,35804,1.99
asymmetry,1,13346,15023,2.88
atypical,1,20885,14606,3.12
appease,1,13880,12426,3.2
disproof,1,0,0,1.58
discolor,1,0,0,2.18
disband,1,11401,13868,2.87
disorganize,1,33842,19875,1.45
dispart,1,0,0,0.0
nonsmoking,1,0,0,1.94
nonessential,1,0,0,2.32
nonhuman,1,0,0,2.51
nonprofessional,1,0,0,1.72
nontraditional,1,0,9900,2.6
nontoxic,1,0,18482,2.27
nonalcoholic,1,0,24559,2.05
misdeed,1,23353,17551,1.91
misapply,1,45139,33700,1.28
misbehavior,1,0,16895,2.53
obverse,1,24947,35301,2.61
repeal,1,12067,9535,3.87
reexamination,1,0,0,2.03
reprint,1,14989,9243,3.39
recompense,1,20085,26822,2.62
regenerate,1,15197,14883,3.15
unbreakable,1,23059,21795,3.13
unbiased,1,19999,15836,3.33
unavailable,1,9593,9876,3.63
unbutton,1,26238,17008,2.15
outwear,1,0,0,1.76
outstay,1,46833,0,1.44
outsize,1,21679,24015,2.05
outsit,1,0,0,0.0
outspend,1,0,33204,1.76
outage,1,0,14819,3.26
outbid,1,33085,26458,2.64
outbrave,1,0,0,0.0
outlast,1,20453,16795,2.81
outvote,1,36570,32577,1.59
overact,1,0,0,1.45
overconfident,1,48356,27552,2.46
overcooked,1,48548,32704,2.67
overpraise,1,0,0,1.1
overbridge,1,0,0,1.36
overhang,1,21073,16004,2.79
overleap,1,0,0,0.0
overset,1,0,0,1.38
upfront,1,26236,0,3.48
upbound,1,0,0,0.0
upheaval,1,8515,9076,3.13
embattle,1,36391,0,0.0
emborder,1,0,0,0.0
embank,1,0,0,0.0
embar,1,0,0,1.43
embalm,1,17815,22768,1.83
entrap,1,22126,22164,2.33
encompass,1,6021,5635,3.27
ineffectual,1,14052,17367,2.83
impassion,1,0,0,0.0
invigorate,1,32839,20365,2.32
intromit,1,0,0,0.0
procure,1,9906,13308,3.16
profess,1,11100,10336,2.94
pro-slavery,1,0,0,4.14
pro-american,1,0,0,4.83
pro-british,1,0,0,4.74
pro-consul,1,0,0,3.58
procurator,1,25944,39271,2.66
prolocutor,1,0,0,0.0
underfoot,1,15265,14105,2.66
underclass,1,13293,15170,2.62
undercurrent,1,18624,16210,2.67
forefinger,1,16866,13655,2.38
forerunner,1,11322,17730,2.99
interplay,1,15329,11797,3.15
intercity,1,17335,32268,2.66
interstate,1,36784,7500,3.99
postbag,1,24585,0,1.24
postdate,1,48534,41509,1.45
postface,1,0,0,0.0
posttreatment,1,0,0,1.35
superexcitation,1,0,0,0.0
supersensitive,1,0,35957,1.35
dematerialize,1,0,40336,1.4
decentralize,1,27427,23572,2.19
defame,1,38371,23671,2.53
decolor,1,0,0,0.0
desalt,1,0,0,0.0
derail,1,22458,10587,3.08
detrain,1,0,0,1.05
evanish,1,0,0,0.0
estrange,1,0,37800,2.16
efface,1,34951,24301,1.55
divest,1,18521,18517,2.88
dilate,1,19079,18343,2.44
dilapidate,1,0,0,0.0
digamist,1,0,0,0.0
exhume,1,33187,20069,2.21
exalt,1,18921,17234,2.6
ex-mayor,1,0,0,4.4
ex-minister,1,0,0,4.61
abduct,1,15203,11439,2.74
abstain,1,11773,13833,3.07
flawless,1,20176,11661,3.6
relentless,1,9607,7035,3.51
mutineer,1,27736,30221,1.82
devotee,1,14465,12085,2.93
willful,1,0,14022,3.08
hairdressing,1,14824,37125,2.64
advertizing,1,0,0,1.57
horned,1,26035,19240,3.04
breaded,1,0,33357,2.41
boxed,1,21497,17376,3.34
modish,1,35424,35861,2.13
homely,1,11672,17381,2.9
profusion,1,14630,15972,2.52
dilapidation,1,33264,40504,1.84
positiveness,1,0,0,1.49
mileage,1,11457,9688,3.64
foliage,1,7292,7345,3.41
breakage,1,17073,23255,2.9
drainage,1,5718,7695,3.77
shrinkage,1,21736,20716,2.89
railage,1,0,0,0.0
waterage,1,0,0,0.0
towage,1,0,0,1.41
vigilance,1,13835,13494,3.16
persistency,1,0,0,1.79
reverence,1,11842,10327,3.22
efficacy,1,9115,6281,3.68
rapacity,1,37745,40094,1.5
receptive,1,11093,9761,3.32
vaccinate,1,23911,15363,2.73
sweeten,1,18975,14697,2.77
cursory,1,13945,15656,2.92
excursive,1,0,0,0.0
pervasion,1,0,0,0.0
pervasive,1,10013,6779,3.39
fallacious,1,22688,27765,2.64
infallible,1,15899,19542,3.02
falsify,1,15622,16242,2.55
frolic,1,22881,24916,2.68
aqueduct,1,24435,20964,2.93
educe,1,0,0,1.01
proprietory,1,0,0,0.0
expropriate,1,26666,25270,2.1
accredit,1,21319,16480,2.12
creed,1,8002,12038,3.7
discredit,1,9585,8965,3.36
incredulity,1,15360,22402,2.53
affable,1,19502,16207,2.66
renounce,1,9856,10656,3.19
apathetic,1,19087,19822,2.84
impassioned,1,19231,13977,2.94
abhor,1,18438,16665,2.64
omniscient,1,24909,21274,2.71
instigate,1,11605,15639,2.76
infliction,1,28547,28692,2.37
orate,1,0,0,1.49
neutralist,1,0,0,1.57
neutralization,1,44868,30466,2.38
neutralism,1,0,0,1.34
lingo,1,33225,16897,3.01
lingual,1,0,36403,2.8
quarrelsome,1,23135,30490,2.22
querulous,1,34296,31183,1.61
propitious,1,20912,23702,2.24
mercenary,1,15091,14838,3.26
ploy,1,9604,11458,3.22
evolutionism,1,31546,40722,1.72
voluble,1,33306,27932,2.04
cumulate,1,44665,41286,1.58
cumuli,1,0,0,0.0
unattached,1,19438,21808,2.68
domicile,1,17403,28129,2.75
saturation,1,12483,13581,3.37
disinclined,1,19633,26174,2.28
adorn,1,8692,8007,3.01
adornment,1,21425,19010,2.47
suborn,1,0,38303,1.5
ignition,1,12054,11173,3.68
ignitable,1,0,0,1.4
ignitability,1,0,0,0.0
deflect,1,9485,9591,3.17
genuflect,1,41826,28591,1.71
dour,1,14738,17628,2.55
rejoin,1,8538,10185,3.19
juncture,1,14985,11501,3.03
enjoin,1,20932,19159,2.19
rejoinder,1,22711,23538,2.2
plentitude,1,0,0,1.1
dynamo,1,20567,20306,3.16
adynamic,1,0,0,0.0
feminist,1,4648,4648,4.12
femininity,1,12487,12575,3.12
feminism,1,7385,7497,3.85
effeminate,1,33376,27156,2.72
virile,1,21488,24126,2.52
virago,1,36532,0,2.14
virtuosity,1,24751,20404,2.6
alterable,1,0,43028,1.47
alias,1,19639,21758,3.46
averse,1,18536,20377,3.06
controvert,1,0,41426,1.21
prevaricate,1,22985,39840,1.58
variegate,1,0,0,1.14
abolishment,1,0,34828,2.33
abolisher,1,0,0,0.0
misapprehend,1,0,0,1.01
reprehensible,1,20896,17850,2.97
apprise,1,34223,23282,1.9
reassume,1,46226,38462,1.35
sumptuous,1,14097,14631,3.02
ascent,1,8121,10299,3.42
ascendant,1,24220,23793,2.87
condescend,1,34810,28540,2.25
deciduous,1,22493,18846,3.01
inerrancy,1,0,35030,1.99
errant,1,20766,15107,2.91
null,1,12712,15008,3.73
annul,1,20852,21724,2.49
nullify,1,18560,17035,2.85
nullification,1,0,27975,2.57
decorous,1,33102,27331,1.98
decorously,1,33966,36187,1.45
volitive,1,0,0,0.0
complacent,1,11312,14481,3.19
complacence,1,0,45326,1.32
complacency,1,9664,14595,3.05
complaisant,1,0,43768,1.36
placate,1,14004,16057,2.77
implacable,1,15330,18770,2.61
fiduciary,1,13475,20620,3.05
confidant,1,19256,15242,2.93
infidel,1,23929,17807,2.77
agonize,1,32963,15401,2.14
antagonize,1,21205,17720,2.58
antagonist,1,16850,15957,3.32
prognosis,1,12677,11704,3.33
prognostic,1,30012,28996,2.64
agnostic,1,24320,23380,3.02
parley,1,39564,33587,2.61
parlance,1,19083,16974,2.79
domineer,1,32748,27198,1.1
dominion,1,10249,14454,3.66
demography,1,23259,21130,2.84
endemic,1,11941,12069,3.37
delinquent,1,16764,13568,3.12
relinquish,1,8524,9453,3.12
fugitive,1,14299,8729,3.54
subterfuge,1,23338,22138,2.69
lucifugous,1,0,0,0.0
restitution,1,16762,15053,3.19
delusion,1,11625,10894,3.37
ludic,1,0,35288,1.62
allude,1,11377,8601,2.7
delude,1,18506,17446,2.48
elude,1,11123,9267,2.78
elusive,1,7605,6930,3.47
interlude,1,14191,16345,3.09
veracious,1,0,0,1.4
amour,1,34588,30347,3.03
amicable,1,14624,21684,2.97
enamored,1,0,26372,2.78
autopilot,1,40169,18668,3.16
autocrat,1,33435,26254,2.48
paternal,1,15060,12688,3.26
paternity,1,23307,13970,3.24
patronize,1,19974,16199,2.72
repatriate,1,22942,20545,2.4
arrogance,1,8616,8202,3.55
derogate,1,41245,38883,1.62
interrogate,1,11130,10405,2.9
arrogate,1,37066,34229,1.69
retrospective,1,8807,9036,3.48
perspicacious,1,42985,37165,1.7
visionary,1,14831,9013,3.42
previse,1,0,0,0.0
provident,1,25253,35182,2.65
curtailment,1,22731,27953,2.23
disintegration,1,11449,12087,3.02
debase,1,22131,22355,2.1
recess,1,9517,7747,3.53
cede,1,15941,12221,2.86
intercede,1,23317,18971,2.56
subsist,1,20653,17205,2.55
desist,1,19558,21651,3.05
stabilize,1,12696,5723,3.46
apostasy,1,35216,27980,2.92
steadfast,1,21825,15551,3.14
substantiate,1,11297,12648,2.83
inferential,1,38382,27163,2.13
conferment,1,0,0,1.64
congest,1,0,0,1.48
portage,1,0,24224,3.0
pertain,1,19243,12205,2.88
tenable,1,18890,26987,2.4
legality,1,11828,13905,3.37
relegate,1,9742,9699,2.47
enormity,1,18454,15686,2.68
transnormal,1,0,0,0.0
consociate,1,0,0,0.0
dissociate,1,15065,21909,2.46
banister,1,22842,19144,2.52
remand,1,9342,23442,2.91
defenseless,1,0,15931,3.05
pending,1,8086,6809,4.02
abject,1,18555,16479,3.0
constringe,1,0,0,0.0
definitive,1,7809,6616,3.8
legible,1,19663,19753,2.8
idiolect,1,46253,0,1.35
citation,1,8272,8370,3.82
certitude,1,34648,22908,2.06
discriminating,1,19349,18766,3.14
probation,1,7291,7200,3.79
approbate,1,0,0,0.0
approbation,1,23368,28149,2.3
despondent,1,18735,18930,2.68
obliterate,1,11165,10389,2.79
preliterate,1,0,39284,1.17
desperado,1,38660,31130,2.36
verbatim,1,24631,20217,3.07
verbose,1,33693,36378,2.44
dispersal,1,12682,15305,3.14
dispersion,1,16714,16078,3.18
intersperse,1,13685,14292,1.63
aspersions,1,0,0,2.28
rupture,1,18421,13956,3.28
expedient,1,14844,19681,2.83
expedite,1,21591,18829,3.05
expeditious,1,35000,26976,2.31
pedology,1,0,0,1.37
pediatrist,1,0,0,0.0
pedant,1,35152,37252,2.13
pedantry,1,35504,36104,2.29
homicide,1,16805,5171,3.8
exhaustive,1,11495,12508,3.3
inhaust,1,0,0,0.0
evict,1,11583,12321,2.97
evince,1,20565,18444,1.98
imperious,1,20847,19179,2.66
municipality,1,21335,8688,3.71
communize,1,0,0,0.0
repent,1,15104,16583,3.35
penitent,1,24587,26032,2.58
impunity,1,18918,14823,3.18
deterrent,1,7188,9721,3.33
censor,1,18562,10997,3.36
uncensored,1,40463,26122,3.01
censorious,1,24552,32019,1.94
heirship,1,0,0,1.21
hereditable,1,0,0,0.0
heirloom,1,21872,13144,2.98
hereditament,1,0,0,0.0
hereditarian,1,0,0,0.0
manicure,1,34443,16247,2.99
manumit,1,0,0,1.32
quantitate,1,0,0,1.25
becalm,1,46280,0,0.0
befall,1,13921,14649,2.71
befit,1,13879,15067,2.07
befoul,1,0,44451,1.32
beguile,1,22522,25475,2.04
becloud,1,0,0,1.14
belie,1,19460,14713,2.45
bepowder,1,0,0,0.0
illicit,1,11491,8764,3.43
illimitable,1,0,45426,1.42
immoderate,1,41476,36952,1.83
irreconcilable,1,20139,19521,2.68
immure,1,39592,43148,0.0
secession,1,17439,14688,3.27
seduce,1,9673,8606,3.24
secede,1,27353,17631,2.79
subfamily,1,0,39583,2.59
subcontinent,1,20701,19733,2.93
submetallic,1,0,0,0.0
subarid,1,0,0,0.0
subangular,1,0,0,1.03
subacid,1,0,0,1.25
subacute,1,0,0,2.08
subconical,1,0,0,0.0
subarctic,1,0,32489,2.11
subadult,1,0,0,1.63
subcentral,1,0,0,1.1
subequal,1,0,0,1.46
sublet,1,39179,29389,2.47
subtenant,1,0,0,1.6
subcontract,1,22343,25876,2.32
subbranch,1,0,0,0.0
suboffice,1,0,0,0.0
subvert,1,12159,11404,2.95
benediction,1,23726,21353,2.49
beneficent,1,23645,24931,2.19
retrocede,1,0,0,0.0
retroaction,1,0,0,0.0
retrovert,1,0,0,0.0
anti-bacterial,1,0,0,3.71
anti-trust,1,0,0,4.76
antidote,1,13881,11506,3.25
anti-social,1,0,0,4.87
anti-war,1,0,0,4.88
antagonism,1,11376,13988,2.84
vice-minister,1,0,0,4.54
vice-premier,1,0,0,4.33
parapolitical,1,0,0,0.0
paralegal,1,0,22544,2.75
paranormal,1,37506,23129,3.47
paralogism,1,0,0,0.0
transect,1,0,29542,1.94
transpersonal,1,0,24984,2.07
transatlantic,1,14188,12565,3.2
transitory,1,19572,18961,2.68
byroad,1,0,0,0.0
byway,1,22812,20880,2.23
bylaw,1,44766,20181,2.6
stepdaughter,1,27180,20158,2.78
stepson,1,22924,19230,2.85
surcharge,1,21242,16013,3.12
surreptitious,1,22706,24477,2.28
succumb,1,8445,7888,3.06
dentistry,1,23091,19167,3.39
masonry,1,11962,14873,3.35
peasantry,1,9322,20539,2.7
citizenry,1,34813,12187,2.93
gentry,1,7306,18454,3.19
pantry,1,15830,10360,3.23
foundry,1,15513,18136,3.32
satiety,1,48217,31498,2.49
sobriety,1,33009,16615,3.19
gaiety,1,19032,26016,2.57
cautionary,1,19459,13544,2.95
luminary,1,21408,17353,2.39
beneficiary,1,6087,6549,3.37
capillary,1,22884,21650,2.88
chromatic,1,28206,23599,2.91
aromatic,1,12150,14060,3.32
peremptory,1,21956,23787,2.08
refractory,1,26419,25642,2.88
intoxicant,1,43327,33075,1.8
repentant,1,33729,26780,2.49
aspirant,1,23011,24315,2.62
bulletproof,1,0,14648,3.25
fireproof,1,37843,28760,2.78
airproof,1,0,0,0.0
lightproof,1,0,0,0.0
burdensome,1,21420,16292,2.85
loathsome,1,21183,22172,2.71
airmanship,1,0,0,1.28
salesmanship,1,36122,27159,2.19
penmanship,1,0,25707,2.45
doctorship,1,0,0,0.0
professorship,1,25806,22230,2.72
apprenticeship,1,7633,12684,3.47
knowable,1,36744,25288,2.23
producible,1,0,0,1.52
tractable,1,33043,30266,2.21
equitably,1,35721,23141,2.4
favorably,1,0,10196,3.2
inflammability,1,0,0,0.0
usability,1,29638,26963,3.01
conductibility,1,0,0,0.0
adaptability,1,16141,17278,2.86
condemnatory,1,44675,41985,1.7
mandatory,1,5806,5119,4.13
defamatory,1,28790,30452,2.86
anticipatory,1,22061,22116,2.39
compensatory,1,16169,14201,2.89
inaugural,1,12070,8015,3.67
lucent,1,0,0,2.56
elucidate,1,15382,16285,2.7
luster,1,0,15444,2.96
lusty,1,20919,19459,2.8
acidify,1,42211,36325,1.64
acidity,1,13106,17453,3.2
exacerbate,1,7893,7171,2.92
acerbic,1,32859,23834,2.31
acetic,1,27572,32264,2.65
aeroview,1,0,0,0.0
aerophotography,1,0,0,0.0
aeriform,1,0,0,0.0
aerogram,1,0,0,0.0
aerosphere,1,0,0,0.0
aerate,1,34840,26826,1.9
lithiasis,1,0,0,0.0
lithosphere,1,18262,37627,2.4
aerolith,1,0,0,0.0
nephrolith,1,0,0,0.0
paleolithic,1,0,23604,2.59
calcify,1,48862,39987,1.45
stratum,1,8071,11902,2.67
stratosphere,1,17177,16325,2.9
substratal,1,0,0,0.0
prostrate,1,20005,21485,2.68
stratify,1,36301,23053,1.78
subaqueous,1,0,0,1.43
inhume,1,0,0,0.0
humidify,1,0,45940,1.16
humidifier,1,48800,27533,2.46
dehumidify,1,0,0,1.05
dehumidifier,1,0,35836,2.31
hydroplane,1,0,41211,1.95
hydrosphere,1,0,0,1.74
hydrous,1,0,0,1.8
anhydrous,1,0,39389,2.41
irradicable,1,0,0,0.0
cytogenetics,1,0,0,1.91
cytogenous,1,0,0,0.0
cytochrome,1,30615,0,2.74
cytogenesis,1,0,0,0.0
cytology,1,30633,36779,2.22
fibrescope,1,0,0,0.0
fibriform,1,0,0,0.0
fiberglass,1,0,13397,3.04
fibril,1,0,39016,1.84
fibrous,1,21250,16790,2.94
fibroid,1,0,26933,2.07
seismic,1,13281,11220,3.54
seismology,1,0,42563,2.31
isoseismic,1,0,0,0.0
atmos,1,0,0,2.64
atmology,1,0,0,0.0
pliable,1,22987,20923,2.64
duplex,1,28205,18306,3.13
accomplice,1,11918,12704,3.22
explicate,1,25602,20124,1.84
vacuous,1,20895,25788,2.54
evanescent,1,35001,26321,2.15
chronology,1,12865,12696,3.22
synchronize,1,23950,15464,2.71
condign,1,0,0,1.41
egregious,1,33756,12820,3.1
gregarious,1,19743,17153,2.71
salve,1,33509,21480,2.81
salver,1,26852,39683,1.72
savior,1,0,9795,3.67
salutary,1,14435,19993,2.41
pacification,1,38728,29654,2.57
pacificatory,1,0,0,0.0
pacify,1,19225,18896,2.73
pacifist,1,12891,17281,3.07
subside,1,8751,8793,2.88
assiduous,1,20970,30389,2.15
dissident,1,10678,9680,3.1
residue,1,5740,7576,3.53
insidious,1,13916,12333,3.24
descant,1,49815,41353,1.76
recant,1,35980,19446,2.42
sequential,1,10797,12014,3.29
subsequence,1,0,0,1.92
sequacious,1,0,0,0.0
obsequious,1,33792,28840,2.14
herbivorous,1,39099,31402,2.31
omnivorous,1,39769,30799,2.32
arbitrate,1,24965,28357,2.36
arbitration,1,7414,8897,3.72
arbitrator,1,10868,16096,2.98
arbiter,1,14699,14948,2.98
indict,1,16606,6483,2.85
interdict,1,29547,26318,2.35
docile,1,18465,18932,2.93
doctrinaire,1,24370,25842,2.0
dogma,1,11866,11758,3.27
heterodox,1,40925,30899,2.33
glutton,1,33746,29632,2.45
gluttonize,1,0,0,0.0
gluttonous,1,0,36758,2.22
glut,1,19943,16700,2.81
medley,1,19279,13930,3.28
miscellaneous,1,14411,15608,3.42
nonmiscible,1,0,0,0.0
miscellany,1,22834,30265,2.55
commutable,1,0,0,1.45
mutable,1,42039,28523,2.41
mutinous,1,24948,29701,2.25
rotatory,1,0,0,1.38
rotund,1,32661,24970,2.27
dispel,1,8525,10643,3.1
rapture,1,19620,16318,3.17
ravenous,1,22776,19381,2.76
rapacious,1,32650,23424,2.39
rapt,1,20557,16961,2.53
enrapture,1,37275,26757,1.2
ravish,1,25567,26986,2.2
detrude,1,0,0,0.0
protrude,1,14292,11777,2.49
abstruse,1,33040,29894,2.13
extrude,1,24602,25266,1.98
turbid,1,33472,28887,2.16
imperturbable,1,38740,31906,1.9
inundate,1,13958,13018,2.07
redound,1,44442,36247,1.45
undulate,1,37025,25684,1.83
revibrate,1,0,0,0.0
vibrancy,1,26788,23006,2.54
abrase,1,0,0,0.0
abrasive,1,14194,16344,3.22
abrade,1,34653,28660,1.69
raze,1,21889,16914,2.52
acerbate,1,0,0,0.0
acumen,1,18865,17842,2.91
acme,1,35464,28061,2.89
acrid,1,20185,18600,2.37
acuity,1,27913,15780,2.81
sophistic,1,0,0,1.46
pansophic,1,0,0,0.0
psychical,1,45794,33984,2.37
psychiatrist,1,6979,5180,3.7
psyche,1,13966,7791,3.42
longanimous,1,0,0,0.0
magnanimous,1,20899,23690,2.61
mortify,1,21377,18139,1.81
amortize,1,0,29906,1.81
detoxify,1,38126,25459,2.13
toxication,1,0,0,0.0
submersion,1,48720,37641,2.13
effusive,1,33069,22056,2.45
profuse,1,24814,27123,2.29
transfuse,1,49892,38041,1.68
solarize,1,0,0,0.0
solarium,1,26193,28802,2.21
solace,1,18592,11896,3.28
insolate,1,0,0,0.0
disinter,1,35874,36748,1.32
natal,1,24811,24792,3.41
cognate,1,26970,33741,2.62
nascent,1,19301,13253,3.08
renascent,1,0,0,1.27
astrospace,1,0,0,0.0
nonflammable,1,0,0,1.47
flagrant,1,19033,18623,3.01
conflagration,1,20935,19480,2.57
relapse,1,13061,15889,3.32
purge,1,11561,11512,3.57
expurgate,1,0,0,0.0
purgative,1,46351,42435,1.83
cavity,1,8851,7556,3.61
cavelet,1,0,0,0.0
cavern,1,12350,11041,3.08
concave,1,21027,20157,3.02
chromosphere,1,0,39512,1.57
vaporization,1,0,38270,2.26
vaporize,1,44809,17597,2.47
vaporous,1,42851,32463,1.81
marinate,1,25621,13230,2.59
mariculture,1,0,40574,1.52
diathermal,1,0,0,0.0
isotherm,1,0,0,1.97
crudeness,1,42917,33305,1.8
crudification,1,0,0,0.0
crudity,1,32792,35330,1.7
recrudesce,1,0,0,0.0
annex,1,11957,14676,3.5
nexus,1,19850,14124,3.65
annexation,1,22624,15200,3.42
vivisect,1,0,0,1.01
dissection,1,21746,15713,3.01
implode,1,37122,17574,2.7
corrosive,1,19916,16120,3.11
rodenticide,1,0,0,1.65
insomnious,1,0,0,0.0
somnambulate,1,0,0,0.0
somniferous,1,0,0,0.0
somnolent,1,38600,32814,1.72
perjury,1,25111,11196,3.31
abjure,1,35014,30718,1.82
conjure,1,7562,7727,3.1
summons,1,6549,16634,3.47
admonish,1,18934,12419,2.29
admonitory,1,43239,41633,1.29
premonition,1,20812,17716,2.65
convocation,1,17888,25343,2.89
revoke,1,12129,12572,3.26
vocalist,1,21784,14681,3.4
avocation,1,0,25485,1.91
equivocate,1,46266,31467,1.72
astute,1,13698,13115,3.1
intuitive,1,8759,9109,3.57
untutored,1,33391,30586,1.71
armament,1,11869,16549,3.04
armor,1,0,5785,3.97
sanctity,1,14210,13744,3.04
sacrilege,1,22399,24635,2.64
desecrate,1,22690,22456,2.3
sanctify,1,21181,20602,2.37
contaminator,1,0,0,0.0
decontaminate,1,49817,29054,2.01
contaminant,1,22602,9858,2.62
ethnology,1,42599,28724,2.56
ethnologist,1,0,30303,1.98
ethnomusicology,1,0,43453,1.96
discord,1,14977,14756,3.45
electrocardiogram,1,39989,27550,2.19
assail,1,15181,15900,2.11
desultory,1,20321,24838,2.1
pretentious,1,14642,16028,3.17
invalidity,1,16631,39816,2.2
invalidate,1,14319,14552,3.0
prevalence,1,5906,7455,3.66
valiant,1,14720,16441,3.31
corpse,1,5143,5559,3.76
corpulent,1,35533,28572,2.14
corporal,1,8214,18525,3.65
corporeal,1,33653,20571,2.63
tactics,1,0,0,4.17
inhalation,1,21771,17276,3.12
exhale,1,22570,11798,3.11
hale,1,12816,0,3.6
halitosis,1,45802,38866,2.1
neuritis,1,0,42026,1.89
neurology,1,33919,21144,3.23
neurosis,1,15706,20266,2.57
nervy,1,22681,31100,2.25
plantable,1,0,0,1.17
transplantation,1,17665,15416,3.23
iniquity,1,19097,26690,2.72
equivocal,1,19210,20444,2.37
privy,1,8767,13963,3.46
aggrieve,1,0,0,1.09
barometer,1,14773,16352,3.18
commensurate,1,18874,16742,2.83
unilateral,1,12705,9366,3.35
abridge,1,36604,26746,1.95
abridgment,1,0,38637,1.92
assertion,1,5380,5339,3.63
nocuous,1,0,0,0.0
noxious,1,14109,15386,2.91
obnoxious,1,18531,13843,3.38
vile,1,11975,13534,3.62
deviltry,1,0,0,1.25
vilify,1,22367,17173,2.44
meliorate,1,0,0,1.1
melioration,1,0,0,1.18
meliorism,1,0,0,0.0
ameliorate,1,19718,17496,2.56
amelioration,1,23841,29130,2.06
sagacious,1,42875,35944,1.8
sagacity,1,34212,35237,2.03
presage,1,19094,20147,2.19
sapience,1,0,0,1.48
precognition,1,45038,40330,2.12
cognizable,1,0,44779,1.79
cognizant,1,0,18735,2.82
philanthropy,1,22538,13533,3.32
neophilia,1,0,0,0.0
zoophilous,1,0,0,0.0
philology,1,28979,26407,2.73
anaesthetic,1,9936,32223,2.93
aesthete,1,34101,29682,1.95
acrophobia,1,0,0,1.68
hydrophobia,1,0,0,1.69
xenophobia,1,22506,21750,3.06
premeditate,1,35352,0,1.26
premeditated,1,33355,23864,2.94
anthropology,1,7456,6736,3.65
anthropophagous,1,0,0,0.0
misanthropist,1,0,0,0.0
philanthropist,1,19730,14413,3.12
anthropoid,1,0,46868,2.11
conspire,1,9624,9702,2.81
expiration,1,27079,16118,3.48
dispirit,1,32922,29031,1.13
vitalize,1,0,44731,1.55
revitalize,1,23662,10590,2.87
senatorial,1,44223,18338,2.98
senescence,1,29941,35593,2.51
seniority,1,15779,14419,3.16
blaspheme,1,43061,38635,2.16
blasphemy,1,15818,19070,3.3
euphemistic,1,39783,33602,2.05
bisexual,1,23123,12468,3.7
bigamist,1,0,40339,1.9
bicolor,1,0,0,2.17
bisect,1,22693,19926,1.91
twiforked,1,0,0,0.0
twiformed,1,0,0,0.0
triennial,1,36239,31514,2.49
trio,1,6580,6491,3.94
biocide,1,0,41738,1.63
symbiosis,1,26218,20824,2.71
polysyllable,1,0,0,0.0
polytechnical,1,0,0,1.78
polyfunctional,1,0,0,1.1
polyandry,1,0,46027,1.98
hemicycle,1,0,0,1.14
semiannual,1,0,0,2.1
demi-fixed,1,0,0,3.35
semi-skilled,1,0,0,3.98
semi-arid,1,0,0,3.34
semi-automatic,1,0,0,4.13
decagram,1,0,0,0.0
decasyllable,1,0,0,0.0
decameter,1,0,0,0.0
decathlete,1,0,37833,1.69
monogamy,1,28143,20622,2.75
monograph,1,12904,14332,3.15
monomania,1,0,0,1.62
extradite,1,28015,23897,2.59
extrapolate,1,15251,14252,2.67
extrovert,1,19137,27717,2.57
homocentric,1,0,0,0.0
homochromatic,1,0,0,0.0
homonym,1,44132,37522,1.92
homogenize,1,45144,23413,1.78
magnification,1,17317,12869,2.93
magnanimity,1,33574,28868,2.22
magnate,1,10392,16243,3.04
magniloquent,1,0,0,0.0
malice,1,11521,13560,3.34
malign,1,22114,19612,2.59
malodor,1,0,0,0.0
malpractice,1,16303,9572,3.25
antetype,1,0,0,0.0
antemarital,1,0,0,0.0
anterior,1,17525,11851,3.51
anteroom,1,35462,23988,1.91
circumvent,1,14169,11924,3.15
circumscribe,1,19458,16931,1.75
exosphere,1,0,0,1.53
exocentric,1,0,0,0.0
exogamy,1,0,40593,1.58
exoteric,1,0,42644,1.79
multilevel,1,0,22871,2.54
multiform,1,0,45613,1.59
multicolored,1,0,14843,2.61
multistory,1,0,0,1.85
microchip,1,21047,17473,2.87
microbiology,1,25501,20658,3.25
perambulate,1,42884,0,1.33
prerogative,1,8821,12257,3.08
dialectic,1,17318,13710,2.69
diagonal,1,10261,12094,3.36
susceptive,1,0,0,0.0
suspire,1,0,0,0.0
luminous,1,12144,9593,3.24
floriferous,1,0,0,1.37
odoriferous,1,0,40663,1.48
saliferous,1,0,0,0.0
piteous,1,38529,34479,1.81
circuitous,1,22734,20890,2.43
lustrous,1,22376,19780,2.66
sententious,1,40579,0,1.5
euphonious,1,0,43790,1.67
impetuous,1,21687,23230,2.6
florid,1,19102,22727,2.39
staid,1,19440,18779,2.58
ductile,1,39195,35384,2.42
senile,1,14727,21012,2.99
tortile,1,0,0,0.0
audacious,1,19357,16335,2.95
posterior,1,27056,14194,3.43
subterraneous,1,0,0,0.0
waterscape,1,0,0,1.31
skyscape,1,48727,42262,1.49
moonscape,1,0,28771,1.59
crosswise,1,0,17021,2.21
edgewise,1,0,35711,2.06
lengthwise,1,36416,14619,2.61
sidewise,1,0,40611,1.6
tenfold,1,33158,21930,2.8
threefold,1,19966,24457,2.69
thousandfold,1,44523,34323,1.67
officialdom,1,19180,27038,2.28
sheikhdom,1,0,0,1.03
serfdom,1,29229,31985,2.49
lacework,1,48566,37498,1.57
pipework,1,24478,0,2.14
brickwork,1,12012,30543,2.71
brainwork,1,0,0,1.19
classwork,1,41717,32469,2.16
farmwork,1,0,0,1.17
paintwork,1,18576,44818,2.25
shiftwork,1,40576,0,1.35
camerawork,1,48428,46246,2.22
fieldwork,1,12934,11292,2.96
advertize,1,0,0,1.3
lionize,1,0,28203,1.5
materialize,1,15131,8408,2.99
temporize,1,0,36279,1.18
manageress,1,21249,0,1.77
titular,1,33775,25872,2.9
agronomy,1,0,35609,2.43
antinomy,1,0,38781,1.54
habitude,1,0,0,1.39
fortitude,1,19454,17185,3.15
incertitude,1,0,0,1.12
platitude,1,19933,20203,2.17
plenitude,1,39191,27018,1.92
band-aid,1,0,0,4.53
carbonic,1,45477,40855,2.39
dally,1,33538,30380,2.78
disconcert,1,23723,26384,1.62
forgetfulness,1,20931,21110,2.58
white-haired,1,0,0,3.69
abnormality,1,7380,11416,2.89
additive,1,12662,14762,3.33
archway,1,12334,18366,2.67
beliefs,1,0,0,4.25
blare,1,19500,10830,2.39
calamity,1,18552,12502,3.22
civilized,1,11645,7204,3.52
domino,1,13978,14155,3.23
downpour,1,18961,15981,2.83
drive-in,1,0,0,5.13
firsthand,1,37760,9274,3.25
floodlight,1,19269,21032,2.12
good-natured,1,0,0,3.03
highrise,1,49145,0,2.31
trades,1,0,0,4.04
knack,1,13703,11646,3.26
left-hander,1,0,0,2.87
materialistic,1,19707,16990,2.99
maximal,1,17593,17160,3.06
misprint,1,35993,35628,2.24
m.p.h.,1,0,0,2.41
narcissus,1,37646,29336,2.68
professionalize,1,44851,0,1.77
short-sighted,1,0,0,3.53
sunken,1,14760,12248,3.26
typing,1,11514,13727,3.84
warm-blooded,1,0,0,3.32
aargh,1,18154,0,1.83
parents',1,0,0,5.21
hm,1,9404,19625,3.82
chug,1,22422,15052,2.92
five-stones,1,0,0,4.28
clapping,1,35372,29704,3.36
chameleon,1,19737,17020,3.1
planned,1,4600,5629,4.69
soya,1,20828,38506,2.74
droppings,1,0,0,2.82
women's,1,0,0,4.7
shined,1,0,43782,2.81
communications,1,0,0,4.59
tons,1,0,0,4.46
orange-and-white,1,0,0,4.57
play.,1,0,0,5.61
relatives,1,0,0,4.2
yucky,1,0,29478,2.48
planted,1,23458,19596,4.04
missed,1,19066,12396,4.83
pushed,1,0,44499,4.43
pulled,1,32669,22037,4.67
wonton,1,0,30131,2.22
password?,1,0,0,4.06
again?,1,0,0,5.7
sure!,1,0,0,5.67
listener?,1,0,0,3.52
question.,1,0,0,5.35
thanks!,1,0,0,5.43
friends.,1,0,0,5.43
dimsum,1,0,0,1.42
why?,1,0,0,5.93
that.,1,0,0,7.01
check-up,1,0,0,5.27
ipad,1,0,0,4.1
game-maker,1,0,0,4.22
ipod,1,0,11675,3.69
iphone,1,0,17561,4.43
is!,1,0,0,7.07
hmmm,1,36859,0,3.61
daydreamer,1,0,0,1.92
preschooler,1,0,11083,2.13
schoolbook,1,35741,26037,1.68
booker,1,19994,29214,3.55
bookend,1,0,27380,2.13
changer,1,29005,19477,3.46
authenticate,1,21915,19855,2.72
monetize,1,0,34329,2.81
callus,1,0,33141,2.59
householder,1,9839,27489,2.94
housekeep,1,0,0,0.0
latte,1,0,16833,3.3
watercolor,1,0,6101,3.23
carmaker,1,0,17148,2.23
carver,1,24183,13713,3.33
payer,1,9186,15013,3.22
paycheck,1,0,7665,3.5
weeknight,1,0,20749,2.62
watcher,1,11384,8888,3.03
mover,1,11742,10974,3.21
walkway,1,14774,9774,3.16
handlebar,1,21690,12357,2.53
clothesline,1,0,16876,2.45
multifaceted,1,40498,15547,2.8
earning,1,0,0,4.23
breadboard,1,0,43547,2.04
americanism,1,34963,0,2.56
bowler,1,5835,17066,3.48
enslave,1,19055,14755,2.83
waistline,1,33496,19954,2.7
saver,1,10416,15278,3.27
markedly,1,7147,9965,3.29
ordinance,1,19567,7919,3.6
tester,1,16490,7037,3.24
healthful,1,0,12451,2.8
treetop,1,33555,15331,2.17
pricy,1,39358,19463,2.22
londoner,1,9885,0,2.45
wrongdoing,1,20158,8769,3.26
beachcomber,1,42511,31225,1.98
busk,1,36708,40432,2.19
attendee,1,35820,11920,2.72
speedy,1,7734,9690,3.65
naturalistic,1,16935,14801,2.93
blowhole,1,0,35061,2.11
condominium,1,40759,9899,3.1
checkroom,1,0,0,0.0
avoidance,1,8834,9140,3.54
dink,1,0,38247,2.71
campground,1,0,12163,3.04
waster,1,32996,39088,2.33
wasteland,1,14913,14722,3.19
flowerbed,1,25574,30579,1.9
opportunist,1,20133,20072,2.77
windowsill,1,20737,14202,2.51
kiln,1,12627,16330,3.11
bedcover,1,34167,29831,1.16
bedrock,1,15095,12485,3.28
fiend,1,21128,19784,3.1
repaint,1,19171,17886,2.61
comparatively,1,5019,10073,3.51
photojournalist,1,0,22847,2.8
moviegoer,1,0,16582,1.79
boardinghouse,1,0,23563,1.97
crosspiece,1,0,37965,1.19
prized,1,18684,12144,3.34
winterize,1,0,36330,1.51
contagion,1,34054,18627,3.03
doubter,1,21697,19874,2.07
exchanger,1,28233,20953,2.84
presidency,1,5207,3432,4.16
snowshoe,1,0,16980,2.41
cancellation,1,7910,11898,3.76
unbalance,1,20698,27553,2.31
fanciful,1,13710,13552,2.97
honeybee,1,0,21596,2.54
renter,1,0,14297,2.77
softness,1,12598,13851,2.99
polluter,1,17575,14446,2.23
deception,1,7049,8186,3.65
cahoot,1,40653,0,1.07
unbend,1,33856,28359,1.36
undisturbed,1,11295,13096,2.99
slaveholder,1,0,28130,1.86
unblock,1,34783,0,2.72
conceptual,1,5871,5522,3.62
disbelieve,1,15366,19396,2.51
folktale,1,49163,23619,2.16
baron,1,5078,11092,3.88
baroque,1,9119,16149,3.32
equalize,1,23113,17737,2.57
wingspan,1,37019,22839,2.81
diabetic,1,9378,14324,3.45
documentation,1,5153,6799,3.95
theorize,1,25941,10652,2.54
chaser,1,20241,17437,3.13
sander,1,29613,23316,2.94
jackscrew,1,0,47056,1.1
trapper,1,27812,15840,2.95
routinely,1,10097,4727,3.71
madden,1,20519,11276,3.53
flashbulb,1,45986,24027,1.86
contraption,1,18927,14544,2.82
legislature,1,6289,4361,4.16
passivity,1,14853,16036,2.6
skipper,1,6288,15190,3.54
depressant,1,0,36007,2.57
muralist,1,0,31260,1.85
cuddle,1,11885,14556,3.4
wiper,1,16102,15163,2.81
exporter,1,8241,10867,3.29
orbital,1,16616,9732,3.59
polymer,1,5229,10292,3.64
polymerize,1,0,0,1.67
refreshing,1,9492,8722,3.83
mildness,1,35513,34518,1.76
parasitic,1,16105,16114,3.27
regulatory,1,5206,3939,4.23
regulator,1,8167,4729,3.62
topsoil,1,24100,16882,2.55
name-calling,1,0,0,4.87
marrow,1,11814,9735,3.53
romanticist,1,0,43698,1.67
overcrowd,1,14984,19573,1.61
charmer,1,22903,19678,2.71
computation,1,12745,12953,3.35
jeweler,1,0,13520,2.81
tried-and-true,1,0,0,4.96
pensioner,1,3588,21916,2.87
pheromone,1,27838,21185,2.71
purification,1,15744,15434,3.29
snob,1,19513,17236,2.96
tabloid,1,10190,8716,3.25
voucher,1,6163,7245,3.47
wigwam,1,45446,32313,2.28
kidnapper,1,13191,13537,2.77
moat,1,12272,16816,3.12
overvalue,1,35625,22948,1.97
percussionist,1,38530,25213,2.45
spike,1,7843,7383,3.96
vend,1,34172,17739,2.0
lattice,1,10648,15066,3.36
mew,1,24910,32216,3.0
microgram,1,0,23527,1.78
microsecond,1,46545,28479,2.17
outlaw,1,11979,9400,3.51
patter,1,18912,19162,2.77
philharmonic,1,16969,13357,3.19
pigment,1,10452,9103,3.37
pushchair,1,16057,0,2.17
raffle,1,10312,21384,3.19
reimburse,1,14990,11893,3.06
skylight,1,20621,13344,2.84
spire,1,10385,13610,3.11
sunspot,1,29879,19264,2.55
tar,1,14622,11903,3.63
transmitter,1,10205,10271,3.59
unfavorable,1,0,12203,3.21
unicorn,1,20438,17309,3.54
vat,1,3045,14050,3.54
automotive,1,21304,8714,3.93
encore,1,16434,18134,3.39
lodger,1,12442,30139,2.58
mastodon,1,0,27933,2.55
mesmerize,1,24267,11762,1.97
misplace,1,18446,14641,2.28
mitigate,1,11489,8991,3.54
moot,1,14627,16127,3.23
muffle,1,16123,13309,2.28
niggle,1,23351,0,2.04
nostalgia,1,8683,8085,3.62
outstrip,1,13694,16231,2.31
overlay,1,11456,14751,3.24
overload,1,13840,14339,3.5
overshadow,1,9694,9531,2.71
overspend,1,21299,26628,2.23
paparazzo,1,0,41733,2.11
pastel,1,13146,7966,3.25
pedometer,1,0,25226,2.25
percolate,1,20953,18498,2.15
pitfall,1,9580,11022,2.53
rend,1,34294,27164,2.43
repertory,1,16160,13284,2.98
retard,1,22219,17082,3.37
retch,1,25013,23456,2.04
retrace,1,14353,13708,2.69
roach,1,13440,15234,3.44
roan,1,41384,29189,2.72
roost,1,18729,16270,3.0
savanna,1,30082,17431,2.83
scalper,1,0,26571,2.04
scurry,1,12344,9351,2.59
sedative,1,20368,18556,2.99
sever,1,8492,8957,3.15
shareholder,1,2276,4635,3.63
shin,1,11983,11556,3.69
skunk,1,27835,14568,3.1
soliloquy,1,24521,22582,2.45
sparse,1,9557,10437,3.36
spitball,1,0,29925,1.82
spontaneity,1,15099,14710,2.85
squiggle,1,35614,25704,2.09
stark,1,7541,6659,4.01
stature,1,9618,7893,3.45
straggle,1,20783,20279,1.44
superintendent,1,5451,5496,3.97
synchronise,1,21008,0,2.08
tapestry,1,10140,10311,3.24
tardiness,1,41517,24799,2.43
tat,1,16855,0,3.35
tee,1,9221,6299,3.82
teem,1,18891,21232,2.07
thicket,1,15392,11043,2.69
thorny,1,18411,13200,2.93
tor,1,16060,0,3.57
torrential,1,14709,21280,2.9
tout,1,15898,6885,3.18
tranquilliser,1,21501,0,1.69
trump,1,14687,12616,4.93
tycoon,1,14917,14774,3.16
unman,1,0,0,1.11
unquestionably,1,13953,13286,3.19
wrangler,1,43698,21954,2.92
thirty-one,1,0,0,4.38
thirty-two,1,0,0,4.37
finished.,1,0,0,4.94
twenty-second,1,0,0,4.61
cheaper,1,0,0,4.22
easy.,1,0,0,5.29
go?,1,0,0,6.03
pouring.,1,0,0,3.86
achoo,1,0,0,1.7
l.a.,1,0,0,3.91
fastest,1,20400,6762,4.24
eating.,1,0,0,4.85
yourself.,1,0,0,5.31
gee,1,14258,7210,3.63
happening?,1,0,0,4.8
bird-watching,1,0,0,4.48
gotten,1,0,0,4.47
sped,1,0,0,3.26
speeded,1,0,0,2.37
accused,1,5476,9385,4.46
stocked,1,0,38570,3.44
concerts,1,0,0,3.97
cases,1,0,0,5.04
"play,",1,0,0,5.61
"novel,",1,0,0,4.63
abort,1,13979,12402,3.27
absorbable,1,0,37224,2.16
abstracted,1,23427,26242,2.84
abstraction,1,7880,8413,3.3
accession,1,8166,16248,3.4
acrobat,1,23985,19213,2.72
adequacy,1,12492,14558,2.85
admittance,1,21611,22469,2.8
ain't,1,0,0,4.88
airy,1,11855,10632,3.2
alas,1,7025,8520,3.67
algebraic,1,27291,29744,3.19
algebraical,1,0,0,0.0
ampere,1,0,37826,2.21
anglo-,1,0,0,3.81
answerable,1,14016,24850,2.69
arithmetical,1,23984,39575,2.1
ark,1,12089,16154,3.75
assumed,1,13864,15999,4.39
autumnal,1,22426,22769,2.76
babyish,1,36525,35562,1.78
berg,1,16972,28784,3.32
biplane,1,26698,26834,2.46
bup,1,0,0,1.83
cent.,1,0,0,4.83
centigram,1,0,0,0.0
centigramme,1,0,0,0.0
centilitre,1,0,0,0.0
centiliter,1,0,0,0.0
changeful,1,0,0,1.09
changeless,1,38010,34832,1.76
cheapen,1,33335,24988,2.18
check-out,1,0,0,5.27
cheery,1,14583,14730,3.01
cherub,1,21254,21532,2.59
chestnut,1,7901,8866,3.46
chime,1,16011,12925,3.14
christen,1,13804,17282,2.63
circumstantial,1,14553,13341,3.14
clapper,1,34322,27583,2.92
classicism,1,25179,24092,2.47
cobble,1,15654,17959,2.72
cocain,1,0,0,1.8
cocoanut,1,0,0,1.94
coldblooded,1,0,0,1.78
compressed,1,13867,12722,3.62
computerize,1,48851,30944,1.48
computerise,1,24569,0,0.0
conceit,1,19353,17757,2.82
contention,1,6972,6547,3.73
cooler,1,18963,8045,3.96
coursebook,1,30963,0,1.26
creditor,1,3611,8246,3.1
cuckoo,1,9233,21814,3.14
definable,1,20819,24802,2.39
dejected,1,20534,21137,2.77
desertion,1,14889,20133,2.85
designed,1,34808,29994,4.96
desirous,1,32924,25778,2.54
despiteful,1,0,0,0.0
determinate,1,25114,26469,2.33
determinative,1,40933,28396,2.14
diametrical,1,0,0,1.33
dingo,1,0,30165,2.75
dining-car,1,0,0,4.12
dissatisfied,1,8469,10269,3.31
ducat,1,42066,33100,1.96
dwindle,1,11193,10733,2.61
efficacious,1,21836,19391,2.55
elasticity,1,10700,14233,3.1
electrification,1,17044,26064,3.0
electrify,1,19986,16405,2.36
elemental,1,12930,14054,3.38
emancipate,1,24131,23235,2.23
endurable,1,43344,41413,1.54
enduring,1,9612,6731,3.67
englishwoman,1,24278,0,2.22
engrave,1,12046,12280,2.37
erection,1,9631,13126,3.52
evergreen,1,16218,10763,3.41
excepting,1,33705,31718,2.81
excusable,1,33960,35413,2.45
failing,1,13711,13145,4.3
fastening,1,22225,30325,2.79
fastness,1,33261,38967,2.05
favoritism,1,0,17614,2.78
favouritism,1,19946,0,2.32
feathery,1,21229,17736,2.49
federate,1,41832,44505,1.78
fem.,1,0,0,2.89
fertility,1,5169,6103,3.78
fertilize,1,24109,13459,2.61
fetching,1,18816,22261,2.96
figured,1,0,0,4.39
fineness,1,39269,33210,2.3
fire-escape,1,0,0,4.55
fireguard,1,37478,0,1.33
firing,1,9519,6587,4.27
firstborn,1,40166,18885,2.88
first-class,1,0,0,5.29
first-hand,1,0,0,5.33
flagstaff,1,45269,0,2.9
flavoring,1,0,23009,2.77
floating,1,6016,7260,4.18
flowery,1,19101,18620,2.88
flier,1,20835,9443,2.92
fob,1,19209,27579,3.1
f.o.b.,1,0,0,1.72
fortnightly,1,18898,41945,2.76
fourfold,1,21904,23621,2.44
frenchwoman,1,35166,35717,2.13
freon,1,0,0,2.22
frosting,1,42196,14066,3.05
ft.,1,0,0,4.52
funnel,1,15381,10793,3.47
furnishing,1,7661,0,3.02
fuzzy,1,14498,7326,3.65
gainful,1,36076,28673,2.47
gal.,1,0,0,3.81
gaseous,1,23487,18191,2.93
gage,1,25512,39299,3.22
gen.,1,0,0,4.33
generalization,1,9212,8708,3.21
generalship,1,48811,37975,1.97
ghostly,1,12212,11245,3.14
gipsy,1,17221,0,2.65
girlish,1,23631,18863,2.47
glassful,1,46869,42639,1.4
glassware,1,22201,18913,2.86
gm.,1,0,0,4.16
godless,1,34452,22201,2.81
graceless,1,34564,29792,2.02
granary,1,24090,24702,2.57
greasy,1,9975,9740,3.45
greenish,1,20174,16399,3.01
grinding,1,14549,13809,3.94
guarantor,1,16009,20867,2.79
guarded,1,13936,13366,3.63
gummy,1,38483,23695,2.97
gunner,1,10733,12836,3.31
hawkish,1,41589,21717,2.43
h-bomb,1,0,0,4.47
hearten,1,20104,20744,1.54
herdsman,1,22544,26495,2.11
hg,1,28431,0,3.23
hi-fi,1,0,0,4.19
hoe,1,21051,15567,3.25
hog,1,18813,7852,3.57
homing,1,34217,28830,2.98
horny,1,21223,17227,3.79
horsy,1,43192,44501,1.12
horsey,1,36172,30495,2.46
h.q.,1,0,0,1.89
hq,1,9095,21057,3.73
hr.,1,0,0,4.2
hrs,1,0,0,3.65
huntsman,1,22356,26792,2.98
illegality,1,20077,23151,2.66
illustrative,1,15172,16962,3.02
immensity,1,24240,21339,2.29
immobilize,1,33257,16616,2.35
immobilise,1,20455,0,1.65
immodest,1,36420,28104,2.27
immorality,1,16553,19298,2.85
imp,1,22659,26286,3.23
impale,1,20593,19536,2.22
impeach,1,26335,13892,3.1
imperialism,1,10502,11126,3.38
impermanent,1,40923,36170,2.19
impersonate,1,19941,18460,2.75
implore,1,19666,13717,2.84
importation,1,15439,17065,3.05
imposition,1,7215,11155,3.19
imposter,1,34311,26902,2.88
impracticable,1,15476,33008,2.2
improbable,1,9661,10684,3.29
inc,1,1607,0,4.77
incalculable,1,19194,21333,2.48
incapacity,1,15342,24097,2.79
inclination,1,6915,8270,3.37
incoherent,1,14649,16088,3.09
incomprehension,1,20173,26223,2.03
inconclusive,1,14196,14046,3.13
incorruptible,1,34761,30321,2.46
indebted,1,13845,14179,3.21
indecisive,1,18745,20977,2.83
indefinitely,1,8406,8418,3.65
indelicate,1,36067,32961,1.92
indigestible,1,20989,31665,2.1
indiscipline,1,23887,40920,2.19
individualize,1,39775,19755,1.87
inducement,1,11692,16799,2.53
indulgence,1,11258,12489,3.19
indulgent,1,18868,17363,3.09
industrialist,1,7815,14888,2.83
inedible,1,32840,25934,2.63
ineffective,1,7076,7869,3.66
inelegant,1,32798,31158,2.12
inexpressible,1,33928,31054,2.02
infertility,1,21050,11923,3.18
infighting,1,33612,17941,2.9
inflammation,1,9326,9195,3.73
inflammatory,1,7458,10408,3.72
inflect,1,36697,26336,1.66
informant,1,9022,7105,3.33
ingenuity,1,9822,11595,3.23
inglorious,1,33702,32303,2.43
ingratitude,1,25050,30727,2.29
inhibition,1,5820,12343,3.39
inhumanity,1,21934,24093,2.56
inpatient,1,17800,13763,3.16
insanitary,1,33363,0,1.71
insensible,1,34993,31098,2.1
insensitive,1,11204,11592,3.45
inshore,1,23463,19979,2.7
insincere,1,22410,23720,2.66
insistent,1,9630,11246,3.05
insufferable,1,33884,24043,2.79
insufficient,1,4791,7113,3.77
intermarry,1,45143,26468,1.86
interpose,1,19710,26395,1.72
intimation,1,18734,21089,2.21
intrusion,1,7694,8731,3.42
involuntary,1,9830,11042,3.34
irc,1,30842,0,3.1
irrelevance,1,18579,21191,2.62
irreproachable,1,41580,39794,1.91
irreverent,1,19937,16657,2.82
i've,1,0,0,5.72
jab,1,16244,11904,3.35
jasmin,1,0,0,2.6
javelin,1,24468,21072,2.9
jazzy,1,33576,20048,3.0
jingle,1,19420,14960,3.21
joker,1,18723,21161,3.74
judicious,1,14135,16886,2.68
kerb,1,12044,38587,2.61
kerchief,1,41117,21658,2.12
kernel,1,15625,11338,3.58
kerosene,1,24066,13503,3.02
kerosine,1,0,0,1.32
kilolitre,1,0,0,0.0
kiloliter,1,0,0,0.0
kilowatt,1,26802,0,2.8
k.k.k.,1,0,0,0.0
knocker,1,16990,24516,2.35
kwh,1,0,0,3.09
lacy,1,20591,16651,3.23
ladies',1,0,0,4.64
ladylike,1,24915,23495,2.46
ladyship,1,27543,0,2.55
landward,1,34691,36766,2.18
landwards,1,0,0,0.0
latterly,1,13933,0,2.76
launcher,1,17144,12690,3.37
ld.,1,0,0,3.37
legalize,1,24869,10758,3.26
legalise,1,21864,0,2.43
lexicon,1,8329,16005,3.1
liberally,1,14214,16524,2.91
localize,1,26135,18618,2.53
localise,1,23827,0,1.8
locus,1,10723,9490,3.18
lone,1,5993,5377,3.91
louse,1,15228,15198,2.6
lichee,1,0,0,0.0
m.a.,1,0,0,3.38
magnetize,1,0,31529,1.86
magnetise,1,43173,0,0.0
marquis,1,12636,22652,3.45
marquess,1,16803,29893,2.82
marquise,1,0,35343,2.7
matriculate,1,30601,28369,1.93
maxim,1,13658,15719,3.39
m.d.,1,0,0,3.43
md,1,15971,0,4.2
medallist,1,17611,0,3.08
milligramme,1,0,0,0.0
ministerial,1,5814,16223,3.55
momentary,1,11937,12036,3.08
momentous,1,11532,12634,3.11
mono,1,24467,20089,3.53
monumental,1,9660,8275,3.5
mouth-watering,1,0,0,3.55
mumble,1,8219,7479,2.91
nationalize,1,27251,18687,2.29
nationalise,1,23352,0,2.04
neckerchief,1,48554,34607,1.85
nimble,1,19156,14327,3.07
nmet,1,0,0,0.0
non-violent,1,0,0,4.4
non-white,1,0,0,5.09
ohm,1,29200,0,3.01
omelet,1,0,15101,2.63
orator,1,19398,18117,2.9
oughtn't,1,0,0,1.86
parch,1,0,38955,1.45
patronage,1,6185,10066,3.45
pea-souper,1,0,0,1.66
pike,1,9134,13094,3.68
p.l.a.,1,0,0,1.16
polonium,1,0,37733,2.47
post-war,1,0,0,5.14
presumable,1,0,45526,1.76
pretense,1,0,11459,3.01
prick,1,11860,13277,3.6
princely,1,19082,22012,2.89
quartz,1,13134,16587,3.7
quench,1,19371,19110,2.89
ragged,1,7989,8166,3.19
refined,1,7618,7700,3.83
regrettable,1,13691,17467,2.96
rickshaw,1,36322,23031,2.85
ring-road,1,0,0,4.67
rocking,1,18954,12833,3.72
rugged,1,9918,6996,3.6
rustic,1,14337,9825,3.37
rut,1,14763,11310,3.11
saloon,1,7303,10447,3.43
sandal,1,12270,8141,2.91
sarcasm,1,12625,13455,3.62
savor,1,0,8306,2.98
scanty,1,19368,25084,2.34
screwdriver,1,12686,13766,3.13
seeming,1,18479,12055,3.42
self-conceit,1,0,0,2.82
self-criticism,1,0,0,4.42
self-knowledge,1,0,0,4.78
semifinal,1,0,9781,3.24
serf,1,17229,21896,2.41
sesame,1,23711,12118,3.46
she'd,1,0,0,4.18
she'll,1,0,0,4.18
shrine,1,7176,6082,3.73
shuttlecock,1,44836,38058,1.96
sieve,1,15525,17578,3.0
sift,1,11183,7955,3.02
sill,1,11442,12120,3.0
sinister,1,6953,9576,3.6
slander,1,20367,20554,3.34
slant,1,15689,13370,3.18
slate,1,6358,8061,3.82
slay,1,12433,11472,3.35
slit,1,10391,11326,3.47
sluggish,1,11196,10122,3.25
slur,1,19367,14203,3.18
smother,1,11182,10923,2.85
sombre,1,9775,35855,2.84
somber,1,0,9562,3.05
soot,1,14702,14589,3.02
spanner,1,15115,37163,2.58
speck,1,15041,10442,3.02
sperm,1,9038,6966,3.84
spore,1,16884,11369,3.0
springy,1,20551,22051,2.46
squat,1,8932,7870,3.48
stag,1,10351,18259,3.25
standstill,1,11241,15581,3.05
stead,1,13707,20027,3.19
stenographer,1,43760,25803,2.48
stethoscope,1,25973,18070,2.66
stifle,1,7622,8265,3.0
stump,1,8806,7320,3.45
suffocate,1,13924,12526,2.86
taxation,1,3075,9627,3.81
tefl,1,0,0,2.16
tesl,1,0,0,1.68
tesol,1,0,0,2.14
thankless,1,33006,24187,2.61
they'd,1,0,0,4.39
they'll,1,0,0,4.71
they've,1,0,0,4.76
thur.,1,0,0,2.25
thurs.,1,0,0,2.78
toefl,1,0,0,2.38
trance,1,15165,12432,3.49
tried,1,14351,16821,5.16
triumphant,1,8646,10088,3.37
truant,1,22672,27319,2.43
tues.,1,0,0,2.8
twig,1,8838,9522,3.03
tying,1,34344,20599,3.68
uh-uh,1,0,0,3.96
uncomplaining,1,0,0,1.57
underclothes,1,0,33965,1.76
unmatched,1,20906,17076,3.13
unmindful,1,0,32916,1.68
unmoved,1,14492,19810,2.68
unoccupied,1,14432,19103,2.93
unparalleled,1,14539,13944,3.2
unpopular,1,7586,8474,3.72
unprejudiced,1,43831,42758,1.85
unprincipled,1,22471,28330,2.3
unproductive,1,14719,17328,3.1
unprofitable,1,14884,18718,2.91
unpromising,1,19090,27814,2.12
unquestionable,1,22368,25470,2.62
unquiet,1,41506,36788,2.09
unreasoning,1,37418,35397,1.7
unrequited,1,23294,23161,2.78
unreserved,1,37078,36725,2.54
unrivaled,1,0,22850,2.52
unrivalled,1,15142,45131,2.8
unsaid,1,0,34689,2.69
unsanitary,1,44506,25170,2.7
unscrew,1,20840,18059,2.45
unscrupulous,1,13737,16684,3.07
unseasonable,1,47258,32441,1.93
unsettled,1,18622,17898,3.22
unshakable,1,40356,23177,2.43
unshakeable,1,20695,37118,2.3
unshaken,1,0,40172,1.89
unsocial,1,32735,0,1.91
unsound,1,18902,21539,2.72
unsuitable,1,6860,16738,3.27
unthinkable,1,9602,9424,3.27
unthinking,1,19924,25017,2.36
untiring,1,35892,38463,2.09
untold,1,18760,13034,3.32
unwary,1,18817,23762,2.33
upcountry,1,0,33329,2.0
upholder,1,26109,37924,1.74
upstart,1,20694,15398,2.84
upswing,1,33918,19142,2.66
uptight,1,22855,17666,2.88
urbane,1,19806,21204,2.46
utterance,1,4891,12135,2.72
uttermost,1,39323,43447,2.15
valuation,1,4633,10834,3.75
vanadium,1,49363,34075,2.56
vapid,1,37781,26818,2.5
venerable,1,14451,10124,3.27
venturesome,1,0,34155,1.35
verdant,1,24224,18292,2.7
verdure,1,46783,40395,1.64
virginal,1,21143,23061,2.47
v-neck,1,0,0,4.49
v-sign,1,0,0,4.77
wanderings,1,0,23401,2.45
wc,1,12876,0,3.41
wearing,1,18677,18793,4.85
weber,1,9257,0,3.6
we'd,1,0,0,4.44
weighty,1,13806,13923,2.85
westernize,1,46301,38031,1.44
westernise,1,0,0,0.0
we've,1,0,0,5.04
whipping,1,34280,22927,3.36
whiten,1,25267,20372,2.41
who'll,1,0,0,3.32
who're,1,0,0,2.86
witless,1,33344,27838,2.32
womanly,1,26199,22061,2.51
wooly,1,0,32666,2.49
workwoman,1,0,0,0.0
wreckage,1,9903,8825,3.29
wretched,1,7789,11796,3.37
x-axis,1,0,0,3.99
y-axis,1,0,0,3.98
yoke,1,18732,16099,3.09
yolk,1,16147,11348,3.04
ones,1,0,0,5.07
systematical,1,0,0,1.39
picture!,1,0,0,5.13
calls,1,0,0,4.91
wind-bell,1,0,0,4.4
toothless,1,21208,18721,2.96
fairest,1,0,0,3.09
sweeper,1,15566,20013,2.89
paints,1,0,0,3.66
goggles,1,0,0,3.35
jack-o'-lantern,1,0,0,3.57
forty-six,1,0,0,4.17
fifty-four,1,0,0,4.26
game!,1,0,0,5.72
"morning,",1,0,0,5.33
class.,1,0,0,5.36
quiet!,1,0,0,4.65
back!,1,0,0,6.04
food?,1,0,0,5.4
"milk,",1,0,0,4.66
please?,1,0,0,5.66
twenty-two,1,0,0,4.63
twenty-three,1,0,0,4.62
twenty-four,1,0,0,4.6
twenty-five,1,0,0,4.59
twenty-six,1,0,0,4.56
twenty-seven,1,0,0,4.51
twenty-nine,1,0,0,4.45
way.,1,0,0,6.01
paper-cuts,1,0,0,4.33
merry-go-round,1,0,0,3.81
fawkes,1,22772,0,2.7
tree-planting,1,0,0,3.77
flower-drum,1,0,0,3.94
terra-cotta,1,0,0,2.75
warriors,1,0,0,4.3
kongzi,1,0,0,0.0
yuelu,1,0,0,0.0
home.,1,0,0,5.81
billiards,1,0,19012,2.84
humanities,1,9301,10509,3.62
second-rate,1,0,0,5.02
third-rate,1,0,0,4.92
antiwar,1,0,0,2.6
antiaircraft,1,0,23296,2.49
byword,1,32711,33651,2.14
collateral,1,15524,10379,3.66
coaction,1,0,0,0.0
corroborate,1,18926,11342,2.92
compatriot,1,18779,15497,2.8
depopulation,1,25188,29771,2.38
diffluence,1,0,0,0.0
intracity,1,0,0,1.33
intranet,1,0,26046,2.54
introspect,1,0,0,1.87
kilobyte,1,47514,0,1.64
macroscale,1,0,0,1.59
macroeconomics,1,0,34753,2.68
macrostructure,1,0,0,0.0
malefaction,1,0,0,0.0
malcontent,1,33833,25344,2.05
multiangular,1,0,0,0.0
nonviolent,1,0,10149,3.06
prewar,1,26352,0,2.64
proconsul,1,45921,39027,2.14
subeditor,1,0,0,1.27
supernutrition,1,0,0,0.0
transfrontier,1,0,46761,1.64
ultraliberal,1,0,0,0.0
ultrapure,1,0,0,1.33
ultracritical,1,0,0,0.0
underofficer,1,0,0,0.0
dependability,1,33331,24336,2.55
variability,1,10688,8403,3.38
resistibility,1,0,0,0.0
dishonourably,1,0,0,1.5
spoilage,1,0,29626,2.35
compliancy,1,0,0,1.17
excitation,1,10993,19442,3.02
appointee,1,15968,10080,2.88
woodpecker,1,24508,16605,2.82
dishful,1,0,0,0.0
uglify,1,0,0,0.0
fatherhood,1,33409,14523,2.89
authorisation,1,12295,0,3.03
moralist,1,22337,21627,2.18
heavenward,1,38481,25658,1.75
woody,1,16612,14494,3.82
subbase,1,0,0,1.39
concentric,1,15910,16458,2.92
indented,1,38636,36710,2.65
infirm,1,19029,22223,2.61
genesis,1,7887,13864,3.85
liquefy,1,35683,24048,2.18
demarcate,1,23977,21349,2.04
demarcation,1,15681,19340,2.79
medial,1,27412,18148,3.21
emend,1,0,45301,1.79
dismount,1,15747,15022,2.61
novation,1,0,0,2.0
expulsion,1,10166,11268,3.41
replete,1,19599,13185,2.91
prehension,1,0,39596,1.37
apprehension,1,7714,9457,3.09
quaintness,1,48526,38127,1.62
radial,1,10826,16392,3.45
restlessly,1,17647,20606,2.24
rudiment,1,21597,25121,1.27
erudite,1,20727,22378,2.75
horoscope,1,20073,24808,3.1
segmentation,1,13396,22375,3.23
specious,1,23870,23653,2.45
forestall,1,18655,16160,2.62
stringent,1,8793,9188,3.43
distrain,1,39701,0,0.0
resumption,1,12325,18248,3.09
surety,1,13295,26335,2.82
tenure,1,7287,5004,3.93
retouch,1,35620,25414,2.19
exurban,1,0,0,1.64
dementia,1,7441,11181,3.76
nutria,1,0,30426,1.76
brine,1,16902,16183,3.07
hypnosis,1,17601,15306,3.25
waterfowl,1,28154,15867,2.88
perceptive,1,11302,15291,2.99
hype,1,12443,8395,4.03
median,1,8361,6806,4.05
serpentine,1,24557,20333,3.06
cabby,1,26410,22303,1.95
recapture,1,11145,10784,3.2
neglected,1,9735,11122,3.78
lacrosse,1,45753,14071,3.4
buffer,1,6531,8759,3.78
short-haul,1,0,0,3.87
carefree,1,15140,14017,3.19
authoritarian,1,9058,7061,3.59
tab,1,8825,6633,3.96
origami,1,43911,27410,2.94
downtime,1,0,18043,3.2
ubiquitous,1,10091,8148,3.42
telephoto,1,38303,23476,2.53
versatility,1,15333,12349,3.32
paean,1,33513,24161,2.41
pantheon,1,21536,15727,3.22
soapbox,1,39295,27344,2.5
cocklebur,1,0,0,0.0
mutation,1,6291,8622,3.64
aspirational,1,48638,32634,2.64
cathode,1,27048,25076,3.03
poignancy,1,22857,22145,2.35
dope,1,15635,10180,3.9
de-ice,1,0,0,4.8
biometric,1,0,23014,2.99
germane,1,32702,20190,2.33
reinforced,1,22830,22271,3.83
chloride,1,10643,15532,3.39
indiscretion,1,18855,19461,2.61
handiness,1,0,0,1.42
syllabus,1,6746,15285,3.34
motion-capture,1,0,0,4.2
hands-on,1,0,0,5.15
crossover,1,21763,12472,3.66
award-winning,1,0,0,4.63
tinkering,1,32797,25110,2.96
peripheral,1,6202,8353,3.66
spearfish,1,0,44799,1.96
alienated,1,21666,16445,3.29
backside,1,11717,13477,3.2
strong-willed,1,0,0,3.15
captivity,1,10112,10594,3.56
runoff,1,27868,7580,3.53
poignant,1,11541,9665,3.27
relive,1,13928,10823,3.24
blacklist,1,34126,25225,3.13
decimate,1,18601,13942,2.5
deafening,1,14406,13273,2.98
watchword,1,19923,25629,2.21
finest,1,0,0,4.15
blemish,1,18800,17561,2.85
frostbite,1,33233,21729,2.85
strainer,1,34902,18032,2.64
algorithmic,1,47326,35832,2.77
stoicism,1,33779,24476,2.63
egocentric,1,23115,24366,2.48
invoice,1,7318,15708,3.27
chaperone,1,33493,22384,2.75
crumpled,1,16208,13336,2.93
fair-skinned,1,0,0,3.53
go-getter,1,0,0,2.82
vagueness,1,19116,22182,2.58
beanpole,1,40528,37365,1.88
round-the-clock,1,0,0,4.35
cork,1,8181,12801,3.71
micro-blogging,1,0,0,3.56
scammer,1,0,30623,2.95
polythene,1,11740,0,2.16
pairing,1,15149,12355,3.6
fluffy,1,14073,10139,3.59
drivel,1,34571,27601,2.72
travelled,1,0,0,3.98
cannery,1,0,23135,2.58
modular,1,8300,14577,3.51
stewardship,1,15294,11555,3.22
caldera,1,43928,26691,2.64
providence,1,20394,19292,3.8
organically,1,19849,17187,3.03
defibrillator,1,47870,18515,2.66
embryonic,1,14718,10348,3.23
throwaway,1,23654,20298,2.77
notification,1,10078,11740,3.92
clumsily,1,16019,17973,2.6
competitiveness,1,8044,8110,3.45
woof!,1,0,0,3.12
night!,1,0,0,5.61
wow!,1,0,0,4.96
beanie,1,0,24729,2.99
cool!,1,0,0,5.15
ouch!,1,0,0,3.56
ready?,1,0,0,5.28
that?,1,0,0,7.01
shh!,1,0,0,3.01
baa!,1,0,0,2.92
quack!,1,0,0,3.06
hankie,1,35935,35029,1.78
homebody,1,0,28750,2.14
close-fitting,1,0,0,4.08
rouble,1,9362,0,2.15
couplets,1,0,0,2.38
am!,1,0,0,5.78
lovely!,1,0,0,4.74
goodbye.,1,0,0,4.3
nice!,1,0,0,5.37
cake!,1,0,0,4.53
wish.,1,0,0,5.18
out!,1,0,0,6.38
minute.,1,0,0,4.98
worry.,1,0,0,4.84
wait!,1,0,0,5.35
happened?,1,0,0,5.2
mean?,1,0,0,5.53
drinking.,1,0,0,4.71
littering.,1,0,0,2.78
parking.,1,0,0,4.47
smoking.,1,0,0,4.52
danger!,1,0,0,4.59
floor.,1,0,0,4.94
tangyuan,1,0,0,0.0
sport-lover,1,0,0,4.13
think?,1,0,0,6.08
forty-five,1,0,0,4.18
good.,1,0,0,6.12
tart,1,10552,9921,3.37
cupcake,1,0,16496,3.35
overthrew,1,26838,0,2.88
trodden,1,39332,45297,2.63
bled,1,0,0,3.21
mottoes,1,0,0,1.74
mottos,1,0,0,2.0
justly,1,13796,16988,2.84
underweight,1,32967,23905,2.83
grandly,1,20313,20326,2.32
directions,1,0,0,4.23
long-range,1,0,0,5.04
undeniable,1,13998,11968,3.34
hanger,1,12194,11096,3.24
briefing,1,7082,6475,3.74
principally,1,5677,10478,3.4
brainchild,1,19694,18305,2.76
bomber,1,5456,4954,3.88
turnpike,1,28470,19929,3.18
bothersome,1,37711,20572,2.68
beetle,1,8094,7196,3.53
damages,1,0,0,4.13
color-blind,1,0,0,4.37
squarely,1,11379,9723,3.16
bye!,1,0,0,4.39
"me,",1,0,0,6.48
hungry.,1,0,0,4.45
in?,1,0,0,7.27
else?,1,0,0,5.38
trip!,1,0,0,4.9
matter.,1,0,0,5.38
school?,1,0,0,5.71
"life,",1,0,0,5.89
yourself?,1,0,0,5.31
myself.,1,0,0,5.31
hobby?,1,0,0,3.94
can't.,1,0,0,5.8
helper.,1,0,0,3.41
yours?,1,0,0,4.75
team's,1,0,0,4.09
fan.,1,0,0,4.92
look?,1,0,0,5.81
sorry!,1,0,0,5.18
coming!,1,0,0,5.4
problem!,1,0,0,5.4
ducks,1,0,0,3.9
pigs,1,0,0,3.99
cows,1,0,0,3.93
home!,1,0,0,5.81
teacher.,1,0,0,4.88
side.,1,0,0,5.5
line.,1,0,0,5.49
xiaomao,1,0,0,0.0
wendi,1,0,0,2.3
ballon,1,0,0,2.91
all.,1,0,0,6.52
over.,1,0,0,6.08
5,1,0,0,5.75
15?,1,0,0,5.32
throwing,1,39334,0,4.4
100-meter,1,0,0,3.58
checkpoint,1,16791,9741,3.39
midweek,1,13010,18532,2.92
white-collar,1,0,0,4.03
white-water-rafting,1,0,0,2.83
rock-and-roll,1,0,0,4.57
prom,1,21802,9700,3.78
schoolchildren,1,10062,0,2.93
squad,1,2797,4606,4.67
pompom,1,0,0,1.9
tetrahedron,1,0,42452,2.3
performance-enhancing,1,0,0,3.63
unconditionally,1,19540,18612,3.16
amphibious,1,26138,17848,3.06
baleen,1,0,45697,2.1
blow-hole,1,0,0,4.32
driftnet,1,0,0,0.0
eel,1,10634,13160,3.23
hornbeam,1,49669,42340,1.92
tabby,1,26783,24058,2.79
volcanology,1,0,0,1.91
tracks,1,0,0,4.45
alligator,1,21499,9530,3.32
orangutan,1,45797,21573,2.8
utopia,1,22957,14497,3.39
gird,1,32701,22579,2.22
gospel,1,4812,5461,4.18
gramophone,1,12457,28039,2.7
ceremonies,1,0,0,3.73
numerology,1,0,33227,2.44
quartet,1,8027,11286,3.54
rockabilly,1,47648,32972,2.66
statuette,1,23517,20726,2.61
turntable,1,20826,18124,2.96
billy-goat,1,0,0,3.85
corset,1,19387,17226,3.03
hoarfrost,1,0,40358,1.42
reggae,1,16538,15652,3.47
squire,1,9854,22723,3.28
backing,1,5020,8295,4.23
cross-talk,1,0,0,4.86
disorganised,1,32790,0,2.37
fiancée,1,0,0,3.26
slacks,1,0,0,2.89
fulfilling,1,23891,20865,3.71
italics,1,0,18391,3.14
graciously,1,19377,15279,3.04
reiterate,1,7665,8754,3.13
hysteria,1,11749,10247,3.38
lichen,1,15526,15705,2.77
spyglass,1,0,29294,2.25
suncream,1,0,0,1.73
vanguard,1,10162,13189,3.53
bright-coloured,1,0,0,3.84
cobbled,1,14756,23106,2.8
polyphony,1,29727,33403,2.31
arrowhead,1,24462,20200,2.86
cheekbone,1,12936,11721,2.33
top-class,1,0,0,5.15
valued,1,14206,15166,4.07
unzip,1,24323,15122,2.55
caveman,1,24758,22052,2.89
deoxyribonucleic,1,40638,0,1.83
enzyme,1,5221,7064,3.82
alertly,1,47069,34530,1.54
dawning,1,33115,29374,2.79
muffler,1,40602,18647,2.7
pitter-patter,1,0,0,2.07
rascal,1,24088,20319,3.07
roots,1,0,0,4.34
utterly,1,4708,5570,4.02
duchess,1,6681,22314,3.76
gutter,1,7703,10884,3.38
light-headedness,1,0,0,2.23
knuckle,1,10269,9033,3.22
appetising,1,36528,0,2.03
cutlet,1,36364,22421,2.14
justifiably,1,14134,17609,2.8
reheat,1,25612,15756,2.6
songbird,1,41923,16706,2.68
unrecognisable,1,23058,0,2.17
asparagus,1,21725,9304,3.25
samosa,1,0,40112,2.13
artillery,1,7223,6538,3.96
stockings,1,0,0,3.47
daisies,1,0,0,2.9
demolition,1,7696,10854,3.62
time-consuming,1,0,0,3.89
broadcasted,1,0,0,2.64
dept.,1,0,0,3.71
lighted,1,15453,13079,3.16
lit,1,15063,30555,4.19
busily,1,11627,15474,2.57
improved,1,3470,4125,4.61
lawless,1,19822,17085,3.28
trained,1,6873,7734,4.58
blameless,1,19801,23274,2.8
crazily,1,23325,21996,2.49
fondly,1,15031,12781,3.2
impossibly,1,14651,12189,2.97
drowning,1,18667,15399,3.77
bridging,1,21303,34247,3.25
waikiki,1,0,0,2.66
ha-ha,1,0,0,4.28
know.,1,0,0,6.1
are!,1,0,0,6.74
sledding,1,0,34742,2.58
used to,1,0,0,5.79
chain stores,1,0,0,4.34
chain store,1,0,0,4.5
