单词,总次数
to,2824
in,2800
of,2506
...,2199
the,2099
a,1909
on,1805
be,1707
up,1580
out,1330
for,1242
with,1100
take,1022
at,953
make,753
sth.,742
get,734
as,733
go,705
do,679
down,676
from,665
one's,660
sb.,645
off,617
have,613
look,558
by,557
away,542
come,491
all,489
about,476
put,461
into,441
time,439
turn,428
over,427
keep,410
and,406
back,375
play,329
set,312
give,308
way,307
run,292
good,289
not,277
break,277
after,276
hand,275
no,267
doing,263
long,259
fall,258
an,247
that,245
school,243
day,242
call,234
right,234
more,234
around,233
room,232
so,231
through,227
now,226
work,223
think,223
bring,221
like,221
one,219
is,219
far,216
well,215
cut,215
help,214
show,211
hold,207
than,206
end,204
place,200
how,200
lose,199
other,196
it,194
part,193
watch,190
see,189
or,189
I,189
pass,186
care,185
live,185
stand,184
some,184
you,183
let,182
short,182
but,182
great,182
once,180
first,180
under,180
pay,179
many,179
face,179
leave,178
high,176
close,176
along,174
try,172
catch,172
year,170
sure,170
upon,170
life,169
if,169
home,168
talk,168
name,167
tell,166
phone,165
feel,164
fun,164
can,163
point,163
use,163
used,163
too,163
then,162
last,162
head,161
clean,161
mind,160
stay,160
class,159
pick,159
eye,159
next,159
again,158
draw,158
hot,158
pull,157
book,157
little,157
number,156
table,156
touch,155
carry,155
walk,155
much,155
meet,154
bed,154
foot,154
cold,153
deal,153
light,152
throw,152
water,152
case,152
before,151
wait,151
die,150
forward,150
present,150
lie,149
read,149
love,149
park,149
fire,149
dog,149
front,148
control,148
jump,148
across,148
send,148
what,148
free,147
date,147
fly,147
find,147
side,147
hear,147
knock,147
old,147
oneself,147
dress,146
cool,146
air,145
order,144
drop,144
result,144
any,144
arm,144
lead,143
start,143
same,143
ice,143
only,142
speak,142
open,142
say,142
rather,142
there,142
check,141
computer,141
living,141
every,140
charge,140
against,140
tired,140
kind,140
pencil,140
eat,139
bear,139
would,139
ready,139
ahead,139
are,139
together,138
attention,137
lot,137
best,137
tennis,136
write,136
box,136
fish,136
music,136
stop,135
sight,135
know,135
matter,135
moment,135
card,134
heart,134
train,134
night,134
ride,133
agree,133
bus,133
own,133
food,132
bad,132
wear,132
wash,132
just,132
line,132
even,132
apart,132
visit,132
fine,132
cream,132
example,131
hang,131
word,131
famous,131
your,131
ask,130
red,130
car,130
office,130
film,130
lay,129
orange,129
blue,129
this,129
doctor,128
join,128
effect,128
football,128
learn,128
stick,128
ring,128
left,128
wind,128
me,128
easy,127
hurry,127
listen,127
fact,127
move,127
world,127
big,127
will,126
being,126
teacher,126
cook,126
art,125
dance,125
angry,125
party,125
different,125
behind,125
need,125
feed,125
soon,125
my,125
drink,124
something,124
green,124
surprise,124
sense,124
sit,124
afraid,124
breath,124
family,124
spring,124
floor,124
busy,124
round,124
lunch,124
least,124
black,123
education,123
science,123
late,123
practice,123
depend,123
happy,122
sleep,122
story,122
money,122
answer,122
human,122
exercise,122
warm,122
post,122
count,122
physical,122
breakfast,122
dinner,122
he,122
trip,121
few,121
because,121
cake,121
another,121
clear,121
race,121
sing,121
while,120
full,120
friend,120
bike,120
trouble,120
fill,120
here,120
milk,120
we,120
proud,119
ball,119
subject,119
want,119
new,119
homework,119
swim,118
house,118
become,118
add,118
view,118
holiday,118
search,118
Christmas,118
door,118
calm,118
second,118
enjoy,118
mouth,118
compare,118
nice,118
hospital,117
morning,117
juice,117
white,117
fit,117
though,117
station,117
mother,117
plane,117
also,117
drive,117
bean,117
Day,117
prefer,117
chair,117
ear,117
power,117
am,117
she,117
top,116
game,116
sweep,116
wake,116
tea,116
believe,116
worry,116
buy,116
belong,116
weather,116
library,116
clothes,116
ruler,116
accident,115
please,115
beautiful,115
speed,115
small,115
build,115
danger,115
country,115
study,115
rest,115
picture,114
ill,114
begin,114
hard,114
boat,114
fix,114
toy,114
reach,114
between,114
shop,114
kite,114
star,113
ever,113
never,113
sound,113
course,113
travel,113
true,113
yellow,113
bird,113
museum,113
week,113
straight,113
basketball,113
field,113
hair,113
mobile,113
future,113
hello,113
minute,113
they,113
question,112
strict,112
tall,112
welcome,112
fast,112
each,112
divide,112
opinion,112
rain,112
father,112
clock,112
very,112
body,112
leg,112
nose,112
often,112
tomorrow,112
season,112
step,111
desk,111
brother,111
fruit,111
sale,111
most,111
wonder,111
dream,111
bit,111
such,111
store,111
plant,111
addition,111
laugh,111
tear,111
change,111
sad,111
potato,111
memory,111
pen,111
rice,111
wrong,111
past,110
remind,110
brown,110
cheer,110
umbrella,110
soup,110
weight,110
fever,110
win,110
hurt,110
sister,110
birthday,110
alone,110
picnic,110
summer,110
push,110
business,109
account,109
animal,109
monkey,109
idea,109
grow,109
cry,109
refer,109
shout,109
window,109
grass,109
return,109
sell,109
aunt,109
pack,109
blow,109
general,109
above,109
near,109
term,109
cap,109
shirt,109
where,108
nurse,108
cat,108
panda,108
rabbit,108
hope,108
man,108
gift,108
trick,108
arrive,108
lesson,108
middle,108
zoo,108
average,108
kitchen,108
chess,107
burn,107
mean,107
pressure,107
risk,107
coat,107
skirt,107
chicken,107
young,107
progress,107
bottle,107
flower,107
tree,107
bag,107
track,107
large,107
girl,107
common,107
ship,107
action,107
mistake,107
difficult,107
who,107
cousin,107
purpose,107
winter,107
moon,107
chance,107
today,107
plenty,107
thin,107
message,106
sometimes,106
sign,106
heavy,106
cow,106
sheep,106
tiger,106
when,106
kid,106
pair,106
distance,106
rise,106
advice,106
without,106
better,106
similar,106
weekend,106
interest,106
difference,106
fan,106
aside,106
autumn,106
bread,106
job,106
earth,105
horse,105
classroom,105
paper,105
apple,105
public,105
focus,105
duck,105
vacation,105
supermarket,105
boy,105
road,105
consist,105
prevent,105
record,105
condition,105
vegetable,105
doubt,105
rule,105
thing,105
shape,105
special,105
thank,105
street,105
early,105
row,105
act,105
careful,105
farm,105
less,105
model,104
advantage,104
people,104
hungry,104
happen,104
promise,104
wish,104
concentrate,104
senior,104
restaurant,104
lift,104
quite,104
raise,104
protect,104
mine,104
playground,104
mountain,104
follow,104
fight,104
piano,104
his,104
sorry,104
exchange,103
always,103
climb,103
content,103
traffic,103
sweater,103
elephant,103
lion,103
spend,103
clever,103
respect,103
nature,103
found,103
slow,103
taxi,103
apply,103
suffer,103
English,103
map,103
sun,103
tidy,103
TV,102
switch,102
space,102
whole,102
form,102
born,102
banana,102
duty,102
personal,102
argue,102
shut,102
familiar,102
collect,102
goal,102
lake,102
hamburger,102
particular,102
song,102
beside,102
sea,102
baby,102
really,102
farmer,102
yesterday,102
afternoon,102
age,102
her,102
strong,102
company,101
treat,101
blackboard,101
letter,101
photo,101
style,101
pink,101
earn,101
jacket,101
egg,101
problem,101
regard,101
half,101
cinema,101
else,101
child,101
connect,101
voice,101
share,101
tomato,101
uncle,101
habit,101
peace,101
primary,101
energy,101
wave,101
miss,101
beach,101
pour,101
evening,101
piece,101
effort,101
kick,100
honest,100
wonderful,100
burst,100
joke,100
waste,100
graduate,100
position,100
corner,100
dig,100
decide,100
sweet,100
instead,100
mix,100
dry,100
sunny,100
fair,100
seat,100
violin,100
driver,100
us,100
yes,100
finish,99
interesting,99
board,99
figure,99
dirty,99
chain,99
either,99
river,99
remember,99
mad,99
popular,99
shake,99
asleep,99
ticket,99
medicine,99
worker,99
total,99
death,99
bow,98
active,98
desert,98
junior,98
aid,98
still,98
amount,98
amazing,98
should,98
key,98
healthy,98
cup,98
dish,98
cross,98
match,98
tour,98
headache,98
both,98
couple,98
police,98
month,98
candy,98
role,98
poor,98
flat,98
later,98
paint,98
save,98
sock,98
these,98
blood,97
hill,97
teach,97
fiction,97
Chinese,97
diet,97
uniform,97
worth,97
woman,97
degree,97
meeting,97
history,97
insist,97
whose,97
plastic,97
except,97
excuse,97
meat,97
favourite,97
cloudy,97
snow,97
windy,97
settle,97
rush,97
prepare,97
team,97
provide,97
ago,97
pretty,97
quiet,97
them,97
hit,96
rock,96
shock,96
volunteer,96
cost,96
balance,96
since,96
shorts,96
block,96
plan,96
shopping,96
safe,96
smile,96
beat,96
pride,96
why,96
sort,96
hall,96
improve,96
circle,96
guitar,96
sport,96
spot,96
bathroom,96
dear,96
our,96
schoolbag,96
increase,95
conclusion,95
ground,95
notice,95
harm,95
colour,95
thought,95
hour,95
introduce,95
garden,95
shoot,95
adult,95
building,95
object,95
cough,95
everyone,95
succeed,95
funny,95
parent,95
press,95
roll,95
bottom,95
city,95
note,95
shoulder,95
host,95
robot,95
character,95
sentence,95
bedroom,95
toilet,95
balloon,95
hat,95
scarf,95
tail,95
sky,94
test,94
symbol,94
dark,94
trousers,94
health,94
insect,94
talent,94
praise,94
forget,94
greet,94
club,94
policeman,94
able,94
nothing,94
dad,94
force,94
festival,94
manage,94
cloud,94
recycle,94
beyond,94
delicious,94
purple,94
enter,94
list,94
offer,94
hobby,94
war,94
bank,93
information,93
joy,93
mess,93
attend,93
guide,93
aim,93
person,93
deep,93
telephone,93
land,93
culture,93
crazy,93
address,93
edge,93
expert,93
score,93
band,93
pool,93
usual,93
plate,93
forest,93
blind,93
certain,93
stage,93
Internet,93
luck,93
those,93
anything,92
pleasure,92
separate,92
skate,92
student,92
grape,92
pear,92
means,92
capital,92
challenge,92
guess,92
important,92
housework,92
opera,92
may,92
neither,92
crowd,92
partner,92
rely,92
master,92
alarm,92
flash,92
due,92
escape,92
camera,92
bored,92
fear,92
boil,92
influence,92
research,92
square,92
instrument,92
inside,92
friendly,92
social,92
video,92
custom,92
event,92
eraser,92
temperature,92
sick,91
manner,91
patient,91
lovely,91
dare,91
magic,91
warn,91
trade,91
mouse,91
pig,91
discover,91
mention,91
advance,91
bowl,91
glass,91
pot,91
guard,91
material,91
cent,91
nor,91
taste,91
choice,91
leaf,91
cheese,91
tooth,91
brush,91
hi,91
pupil,91
shoe,91
their,91
thirsty,91
fold,91
swing,90
brave,90
fantastic,90
until,90
astronaut,90
absent,90
smart,90
honey,90
must,90
stress,90
attitude,90
machine,90
convenient,90
knife,90
type,90
disappear,90
wild,90
perform,90
sail,90
carrot,90
onion,90
aware,90
crayon,90
fridge,90
chat,90
outside,90
centre,90
tie,90
comedy,90
low,90
appear,90
radio,90
spread,90
translate,90
candle,90
flag,90
possible,89
fat,89
digital,89
volleyball,89
system,89
flight,89
artist,89
invite,89
produce,89
achieve,89
receive,89
project,89
express,89
avoid,89
wide,89
rude,89
enough,89
support,89
suit,89
invent,89
stare,89
normal,89
flu,89
cheat,89
wall,89
regret,89
pollution,89
mark,89
newspaper,89
dumpling,89
maybe,89
consider,89
announce,89
fond,89
pain,89
compete,89
quarter,89
concert,89
finger,89
sudden,89
grade,89
its,89
o'clock,89
sandwich,89
behave,88
communicate,88
reason,88
forever,88
design,88
novel,88
abroad,88
seek,88
strawberry,88
area,88
impress,88
dentist,88
bat,88
snake,88
turkey,88
reply,88
bright,88
disease,88
celebrate,88
folk,88
ocean,88
rubbish,88
east,88
everywhere,88
shower,88
upset,88
yard,88
honour,88
somebody,88
tradition,88
borrow,88
deaf,88
reflect,88
attack,88
birth,88
contrary,87
regular,87
player,87
rocket,87
solar,87
classmate,87
cover,87
tale,87
create,87
coffee,87
kill,87
price,87
private,87
jeans,87
ability,87
hotel,87
develop,87
weigh,87
airport,87
interview,87
require,87
allow,87
lantern,87
stamp,87
refuse,87
admire,87
village,87
soccer,87
scene,87
chocolate,87
movie,87
direct,87
meal,87
awful,87
neck,87
service,87
daily,87
him,87
noodle,87
queen,87
rope,87
yours,87
prove,86
benefit,86
camp,86
operate,86
process,86
overcome,86
understand,86
expect,86
journey,86
report,86
polite,86
group,86
devote,86
path,86
safety,86
serious,86
review,86
reduce,86
lock,86
ancient,86
opposite,86
soft,86
fail,86
hide,86
nervous,86
damage,86
activity,86
advertisement,86
fresh,86
geography,86
adapt,86
quality,86
nearby,86
west,86
rainy,86
which,86
gold,86
metal,86
theme,86
screen,86
knee,86
judge,86
scientist,86
replace,86
spare,86
apartment,86
dead,86
prison,86
hardly,85
twice,85
hug,85
height,85
universe,85
oil,85
experience,85
marry,85
smoke,85
wound,85
watermelon,85
T-shirt,85
expensive,85
basket,85
fork,85
scientific,85
weak,85
advise,85
award,85
wheel,85
noise,85
encourage,85
decorate,85
furniture,85
print,85
biology,85
perfect,85
smell,85
north,85
south,85
wet,85
choose,85
gym,85
dive,85
pretend,85
terrible,85
bell,85
pet,85
dictionary,85
excellent,85
bridge,85
diary,85
rich,85
per,85
cause,84
bend,84
glad,84
baseball,84
complete,84
background,84
double,84
earthquake,84
method,84
value,84
blouse,84
speech,84
struggle,84
explain,84
cheap,84
credit,84
local,84
spoon,84
population,84
firm,84
represent,84
suitable,84
medium,84
truth,84
hunt,84
breathe,84
request,84
underground,84
medal,84
prize,84
cruel,84
tend,84
college,84
silent,84
suggest,84
continue,84
direction,84
countryside,84
classic,84
decision,84
province,84
pity,84
university,84
serve,84
afford,84
national,84
glove,84
island,84
pocket,84
responsible,84
hole,83
wood,83
explore,83
planet,83
theory,83
president,83
international,83
article,83
situation,83
survive,83
shine,83
measure,83
butterfly,83
conversation,83
blame,83
mirror,83
tourist,83
department,83
cancel,83
pleasant,83
exhibition,83
secret,83
alive,83
hate,83
language,83
pepper,83
destroy,83
grandmother,83
include,83
major,83
beef,83
soil,83
relax,83
level,83
below,83
dessert,83
pie,83
strike,83
favour,83
cast,83
gather,83
remain,83
sofa,83
news,83
clerk,83
electricity,83
iron,83
according,83
saying,83
gate,83
glue,83
handsome,83
lend,83
postcard,83
shy,83
text,83
cotton,83
complain,83
net,83
percent,82
reality,82
base,82
discuss,82
poem,82
passport,82
curious,82
available,82
gain,82
difficulty,82
medical,82
shall,82
imagine,82
cash,82
teenager,82
artificial,82
link,82
jam,82
especially,82
gentle,82
relative,82
coin,82
dollar,82
bar,82
success,82
crime,82
dangerous,82
simple,82
hero,82
modern,82
scare,82
cabbage,82
litter,82
environment,82
tip,82
pork,82
technology,82
sour,82
attempt,82
unusual,82
butter,82
standard,82
rid,82
cartoon,82
storm,82
television,82
skin,82
officer,82
accept,82
supply,82
magazine,82
during,82
period,82
spell,82
agreement,82
loud,82
lucky,82
OK,82
son,82
midnight,82
seldom,81
beauty,81
channel,81
badminton,81
attract,81
admit,81
two,81
punish,81
lemon,81
industry,81
fortune,81
already,81
helpful,81
ant,81
fox,81
kangaroo,81
whale,81
everything,81
could,81
suppose,81
describe,81
lamp,81
palace,81
main,81
natural,81
bamboo,81
repair,81
loss,81
necessary,81
member,81
experiment,81
relate,81
toothache,81
pound,81
treasure,81
trust,81
crash,81
equipment,81
confident,81
boring,81
among,81
almost,81
mail,81
differ,81
market,81
chemistry,81
examine,81
salt,81
awake,81
silk,81
shame,81
spirit,81
relief,81
coach,81
topic,81
root,81
wealth,81
strange,81
throat,81
engineer,81
minister,81
servant,81
lack,81
zero,81
size,81
smooth,81
snowy,81
surface,81
thick,81
town,81
wallet,81
twin,81
emergency,80
courage,80
plain,80
pilot,80
ski,80
unit,80
guest,80
poster,80
limit,80
flood,80
law,80
grey,80
actor,80
obey,80
correct,80
menu,80
huge,80
emperor,80
female,80
quick,80
regardless,80
staff,80
ache,80
sugar,80
recommend,80
theatre,80
dragon,80
anxious,80
yourself,80
everybody,80
none,80
till,80
climate,80
pollute,80
grandfather,80
central,80
physics,80
bark,80
state,80
carbon,80
fuel,80
court,80
factory,80
within,80
stomach,80
stream,80
traditional,80
foreign,80
lonely,80
transport,80
athlete,80
tonight,80
pronounce,80
page,80
China,80
cute,80
gentleman,80
goodbye,80
king,80
towards,80
belt,80
assistant,79
knowledge,79
wine,79
basis,79
stone,79
ordinary,79
positive,79
impossible,79
likely,79
proper,79
range,79
fool,79
sharp,79
scissors,79
seed,79
click,79
aloud,79
equal,79
typical,79
might,79
donate,79
illness,79
weekday,79
engine,79
ugly,79
publish,79
whether,79
dust,79
heat,79
variety,79
freeze,79
anywhere,79
competition,79
excited,79
bone,79
captain,79
product,79
recover,79
tower,79
gun,79
salad,79
tiny,79
soldier,79
fault,78
satisfy,78
adventure,78
pop,78
debt,78
rent,78
blank,78
brief,78
drug,78
dialogue,78
disabled,78
sink,78
pattern,78
independent,78
passage,78
rapid,78
real,78
victory,78
electric,78
battle,78
intelligence,78
wise,78
skill,78
remove,78
somewhere,78
silence,78
gas,78
narrow,78
champion,78
pace,78
cookie,78
society,78
vote,78
friendship,78
pardon,78
lab,78
empty,78
musician,78
official,78
website,78
noon,78
cave,78
fence,78
temple,78
useful,78
usually,78
lost,78
shelf,78
lazy,77
fetch,77
nod,77
slide,77
outgoing,77
instruction,77
notebook,77
copy,77
performance,77
contain,77
treatment,77
frog,77
giraffe,77
shark,77
relationship,77
basic,77
ashamed,77
appeal,77
tool,77
extra,77
cycle,77
approve,77
truck,77
persuade,77
unless,77
yet,77
willing,77
sand,77
immediately,77
steam,77
solve,77
wing,77
silver,77
drum,77
clap,77
pond,77
flow,77
probably,77
biscuit,77
pancake,77
although,77
grateful,77
affect,77
tape,77
meaning,77
stair,77
boss,77
century,77
Miss,77
pioneer,77
X-ray,77
tire,77
crop,77
lively,76
pleased,76
slim,76
chalk,76
debate,76
task,76
painting,76
bite,76
disaster,76
behalf,76
deliver,76
achievement,76
exist,76
silly,76
several,76
branch,76
rose,76
elder,76
cigarette,76
customer,76
railway,76
comfortable,76
monitor,76
anyway,76
nearly,76
daughter,76
cancer,76
hire,76
anyone,76
someone,76
husband,76
envelope,76
repeat,76
concern,76
length,76
audience,76
polish,76
onto,76
coast,76
nation,76
predict,76
react,76
native,76
director,76
rate,76
bath,76
army,76
corn,76
hometown,76
mile,76
steal,76
How,76
contact,75
consequence,75
wipe,75
merry,75
download,75
satellite,75
literature,75
poet,75
three,75
wander,75
creative,75
puzzle,75
cure,75
goat,75
hen,75
schedule,75
comfort,75
discussion,75
stupid,75
seem,75
combine,75
parking,75
delay,75
church,75
defend,75
defeat,75
commit,75
myself,75
anybody,75
harmful,75
vital,75
comment,75
discovery,75
coal,75
steel,75
electronic,75
mood,75
harmony,75
error,75
occur,75
postman,75
keyboard,75
everyday,75
grammar,75
passenger,75
kilometre,75
nowadays,75
cage,75
retire,75
super,75
impression,75
title,75
mercy,74
modest,74
careless,74
routine,74
kiss,74
humorous,74
strength,74
educate,74
platform,74
attach,74
essay,74
four,74
million,74
single,74
gallery,74
wedding,74
pale,74
liquid,74
owe,74
harvest,74
creature,74
deer,74
generation,74
towel,74
unique,74
male,74
entrance,74
skip,74
indeed,74
valuable,74
worthy,74
bill,74
subway,74
expose,74
exciting,74
panic,74
nobody,74
therefore,74
chemical,74
wife,74
besides,74
whisper,74
eastern,74
feeling,74
clay,74
dining,74
specific,74
throughout,74
snack,74
bleed,74
battery,74
however,74
winner,74
made,74
tent,74
remote,73
outstanding,73
atmosphere,73
chart,73
document,73
detective,73
ceremony,73
marriage,73
contribute,73
goods,73
studio,73
pill,73
bee,73
eagle,73
mental,73
scream,73
ignore,73
enemy,73
access,73
boot,73
programme,73
exit,73
precious,73
wolf,73
amusement,73
guilty,73
otherwise,73
disturb,73
recipe,73
agriculture,73
adjust,73
assume,73
western,73
rainbow,73
jazz,73
float,73
government,73
appreciate,73
congratulation,73
forgive,73
tap,73
oxygen,73
arise,73
secretary,73
perhaps,73
dozen,73
kilo,73
queue,73
shelter,73
lady,73
operation,73
doll,73
detail,73
response,73
fellow,72
permanent,72
button,72
valley,72
five,72
nine,72
ten,72
abstract,72
bury,72
fade,72
rescue,72
bound,72
expense,72
training,72
lamb,72
seal,72
practical,72
district,72
forecast,72
brain,72
blanket,72
ruin,72
approach,72
shade,72
neighbour,72
brand,72
disk,72
invention,72
noisy,72
observe,72
suggestion,72
reward,72
airline,72
trap,72
pray,72
inspire,72
possession,72
determine,72
neighbourhood,72
nowhere,72
sleepy,72
eager,72
select,72
ping-pong,72
nut,72
policy,72
congratulate,72
network,72
pole,72
broken,72
actress,72
agent,72
author,72
librarian,72
summary,72
construction,72
handbag,72
sir,72
wheat,72
broad,72
wool,72
sensitive,71
slip,71
participate,71
dinosaur,71
paragraph,71
appetite,71
chew,71
abandon,71
contribution,71
accuse,71
virus,71
camel,71
zebra,71
desire,71
zone,71
rubber,71
citizen,71
civil,71
loose,71
deserve,71
demand,71
relevant,71
salary,71
bicycle,71
faith,71
victim,71
diamond,71
bother,71
advertise,71
media,71
rare,71
slice,71
sausage,71
border,71
thunder,71
conflict,71
fancy,71
soul,71
disappointed,71
entertainment,71
conference,71
reform,71
false,71
lap,71
tongue,71
roof,71
description,71
majority,71
mass,71
communication,71
bye,71
metre,71
whenever,71
march,71
energetic,70
generous,70
satisfaction,70
solid,70
patience,70
function,70
signal,70
surround,70
collection,70
continent,70
moral,70
reserve,70
invitation,70
injure,70
ban,70
income,70
aspect,70
gesture,70
conclude,70
complex,70
final,70
youth,70
vehicle,70
wisdom,70
soap,70
display,70
shadow,70
development,70
random,70
jog,70
software,70
decrease,70
successful,70
ancestor,70
dislike,70
whom,70
grandma,70
grandpa,70
charity,70
package,70
chief,70
reject,70
roast,70
toast,70
handle,70
declare,70
flexible,70
institute,70
pipe,70
grain,70
professor,70
fog,70
alternative,70
plus,70
stadium,70
string,70
section,70
authority,70
conduct,70
confirm,70
budget,70
jungle,70
distant,70
beard,70
cheek,70
chest,70
respond,70
instant,70
phrase,70
vocabulary,70
rank,70
castle,70
exam,70
hers,70
ton,70
whatever,70
clinic,69
bounce,69
withdraw,69
gravity,69
eight,69
ink,69
consume,69
explode,69
acquire,69
permit,69
ought,69
urge,69
brilliant,69
intend,69
resign,69
superior,69
correspond,69
identity,69
visitor,69
Sunday,69
themselves,69
Festival,69
opportunity,69
importance,69
indicate,69
subscribe,69
ham,69
bitter,69
upper,69
freedom,69
sympathy,69
characteristic,69
May,69
musical,69
league,69
data,69
supper,69
beg,69
editor,69
lawyer,69
northern,69
professional,69
affair,68
seven,68
downstairs,68
agency,68
contemporary,68
expand,68
export,68
fee,68
clothing,68
Africa,68
hesitate,68
purse,68
destination,68
introduction,68
downtown,68
bush,68
association,68
washroom,68
temporary,68
delete,68
recite,68
port,68
glance,68
spy,68
weekly,68
failure,68
reputation,68
poison,68
interrupt,68
decline,68
promote,68
barbecue,68
fry,68
evaluate,68
salty,68
former,68
lecture,68
mild,68
fountain,68
powerful,68
concept,68
plot,68
campaign,68
principle,68
apologize,68
assess,68
community,68
academic,68
manager,68
writer,68
expression,68
brick,68
southern,68
madam,68
fashion,68
cloth,68
shore,68
application,68
accent,68
vast,68
flour,68
mud,68
ease,68
behaviour,67
enthusiastic,67
disadvantage,67
vain,67
ambulance,67
owner,67
speaker,67
transform,67
six,67
aboard,67
ballet,67
starve,67
injury,67
profit,67
barrier,67
cell,67
potential,67
guarantee,67
sightseeing,67
voyage,67
quarrel,67
remark,67
leather,67
online,67
technique,67
grand,67
welfare,67
mask,67
helicopter,67
responsibility,67
convince,67
arrest,67
various,67
anger,67
himself,67
garbage,67
raw,67
quit,67
boundary,67
urban,67
stranger,67
movement,67
vivid,67
committee,67
series,67
cupboard,67
ankle,67
license,67
journalist,67
purchase,67
annual,67
calculate,67
pile,67
calendar,67
pronunciation,67
surf,67
sum,67
constant,66
seize,66
optimistic,66
extraordinary,66
spaceship,66
forty,66
hundred,66
statue,66
alcohol,66
beer,66
erupt,66
justice,66
somehow,66
raincoat,66
astonish,66
organ,66
parrot,66
security,66
awkward,66
tube,66
eventually,66
broadcast,66
intention,66
preserve,66
quantity,66
permission,66
reliable,66
secure,66
evidence,66
suspect,66
employ,66
annoy,66
envy,66
herself,66
ourselves,66
thus,66
acid,66
album,66
occupy,66
distinguish,66
politics,66
survey,66
nuclear,66
canteen,66
symphony,66
candidate,66
republic,66
carpet,66
trend,66
shave,66
entry,66
adopt,66
decade,66
meanwhile,66
previous,66
bunch,66
ceiling,66
email,66
fisherman,66
mum,66
ours,66
PE,66
...?,66
costume,66
mixture,66
fur,66
curtain,66
confidence,66
origin,65
outcome,65
drag,65
tough,65
absorb,65
appointment,65
discount,65
import,65
labour,65
ambition,65
desperate,65
dismiss,65
needle,65
load,65
fierce,65
rough,65
defence,65
tax,65
belief,65
Saturday,65
Tuesday,65
criminal,65
murder,65
violence,65
dynasty,65
royal,65
photograph,65
itself,65
arrange,65
parcel,65
commercial,65
refrigerator,65
split,65
appropriate,65
beneath,65
lightning,65
angle,65
dormitory,65
arrow,65
globe,65
kingdom,65
accurate,65
trial,65
pan,65
forehead,65
lung,65
wrist,65
chairman,65
reporter,65
tailor,65
deadline,65
nest,65
exactly,65
Mr.,65
drama,65
centimetre,65
instance,65
shallow,65
inch,65
circumstance,64
incident,64
procedure,64
amuse,64
delight,64
delicate,64
mature,64
shot,64
marathon,64
absence,64
submit,64
digest,64
accommodation,64
scenery,64
swallow,64
target,64
chaos,64
leak,64
forbid,64
legal,64
prohibit,64
obtain,64
humour,64
tablet,64
fantasy,64
altogether,64
cater,64
trunk,64
severe,64
thorough,64
splendid,64
worthwhile,64
Monday,64
Friday,64
Wednesday,64
illegal,64
photographer,64
tense,64
grandparent,64
peaceful,64
sheet,64
damp,64
foggy,64
hunger,64
butcher,64
chorus,64
tune,64
nationality,64
political,64
phenomenon,64
kindergarten,64
noble,64
profession,64
automatic,64
wire,64
certificate,64
collar,64
dawn,64
riddle,64
color,64
finally,64
kilogram,64
leader,64
feature,64
contrast,64
accompany,63
sincerely,63
greedy,63
selfish,63
grasp,63
laughter,63
virtue,63
program,63
addicted,63
hydrogen,63
outline,63
ray,63
concrete,63
mineral,63
refresh,63
smog,63
volcano,63
finance,63
negotiate,63
fluent,63
physician,63
disability,63
widespread,63
worldwide,63
intelligent,63
basin,63
tissue,63
vase,63
maximum,63
initial,63
mankind,63
bakery,63
category,63
occupation,63
sponsor,63
urgent,63
comprehension,63
emotion,63
sneeze,63
tolerate,63
wage,63
dizzy,63
Thursday,63
witness,63
heaven,63
America,63
negative,63
passive,63
sorrow,63
mushroom,63
nutrition,63
disagree,63
steak,63
psychology,63
solution,63
disappoint,63
cafeteria,63
childhood,63
percentage,63
Olympic,63
December,63
popcorn,63
union,63
thankful,63
heel,63
garage,63
minority,63
architect,63
cottage,63
swimming,63
guy,63
actually,63
preference,63
sew,63
bomb,63
neat,63
formal,63
relation,62
excite,62
capsule,62
orbit,62
golf,62
relay,62
presentation,62
rhyme,62
carve,62
original,62
attain,62
boom,62
mosquito,62
receipt,62
resist,62
clarify,62
chef,62
minimum,62
postpone,62
representative,62
canal,62
crossing,62
preparation,62
oppose,62
motor,62
Asia,62
involve,62
fundamental,62
amateur,62
tendency,62
petrol,62
radiation,62
division,62
October,62
depth,62
acknowledge,62
apology,62
assumption,62
exact,62
horrible,62
lip,62
crew,62
headmaster,62
version,62
eve,62
beginning,62
organise,62
recent,62
packet,62
nail,62
guidance,61
textbook,61
memorial,61
brochure,61
sculpture,61
typhoon,61
innocent,61
expectation,61
applaud,61
argument,61
commitment,61
dull,61
bond,61
anyhow,61
strengthen,61
visual,61
advocate,61
conservation,61
ecology,61
steady,61
symptom,61
bless,61
nephew,61
April,61
command,61
frontier,61
sunshine,61
confuse,61
July,61
June,61
architecture,61
elect,61
liberty,61
drawer,61
worn,61
organize,61
fist,61
drill,61
telescope,61
register,61
composition,61
idiom,61
center,61
stomachache,61
worse,61
p.m.,61
Mrs.,61
recall,61
recognise,61
bet,61
departure,60
flesh,60
dynamic,60
pure,60
straightforward,60
realize,60
fifteen,60
convey,60
antique,60
deed,60
production,60
cattle,60
bargain,60
sigh,60
comb,60
waitress,60
associate,60
update,60
violent,60
multiply,60
unlike,60
unbelievable,60
choke,60
specialist,60
bonus,60
opening,60
recreation,60
flee,60
embarrassed,60
niece,60
possess,60
qualification,60
bacon,60
porridge,60
mathematics,60
inform,60
accustomed,60
dioxide,60
pyramid,60
January,60
March,60
November,60
draft,60
institution,60
precise,60
dignity,60
breast,60
realise,60
a.m.,60
interested,60
gradually,60
upstairs,60
convenience,60
handkerchief,60
tobacco,60
sex,60
elegant,59
diagram,59
literary,59
twelve,59
circus,59
fortunate,59
session,59
buffet,59
tank,59
ripe,59
shrink,59
alike,59
consistent,59
weep,59
glare,59
abnormal,59
stable,59
abuse,59
thanks,59
American,59
anniversary,59
necklace,59
pump,59
frost,59
hurricane,59
mist,59
February,59
bay,59
administration,59
tension,59
conventional,59
tight,59
waist,59
astronomer,59
chemist,59
navy,59
outdoors,59
chapter,59
meter,59
celebration,59
sweat,59
extent,59
aggressive,58
kindness,58
eleven,58
twenty,58
fifty,58
yoghurt,58
breakthrough,58
flame,58
assist,58
avenue,58
beneficial,58
casual,58
scold,58
statement,58
image,58
monument,58
waiter,58
entire,58
colleague,58
grocery,58
tick,58
certainly,58
pub,58
jet,58
glory,58
thief,58
dilemma,58
religion,58
European,58
Pacific,58
prejudice,58
worried,58
diverse,58
headline,58
alongside,58
southeast,58
pillow,58
resource,58
London,58
enterprise,58
bowling,58
organization,58
August,58
agenda,58
subjective,58
wealthy,58
painful,58
primitive,58
helmet,58
operator,58
file,58
reference,58
Canada,58
third,58
suitcase,58
afterwards,58
scholarship,58
applicant,58
arrangement,58
career,58
considerate,57
criterion,57
enjoyable,57
appearance,57
reasonable,57
superb,57
theater,57
underline,57
thirteen,57
thirty,57
luggage,57
handwriting,57
fare,57
output,57
clone,57
surgeon,57
rat,57
rigid,57
location,57
site,57
zip,57
minus,57
sow,57
weed,57
civilian,57
counter,57
component,57
slight,57
handful,57
rob,57
theft,57
gifted,57
Europe,57
anxiety,57
merely,57
granddaughter,57
mutton,57
latter,57
discourage,57
conductor,57
obvious,57
September,57
revolution,57
database,57
protection,57
microwave,57
status,57
jaw,57
wrinkle,57
salesman,57
e-mail,57
plug,57
dusk,57
mystery,57
bandage,57
Atlantic,57
missile,57
slave,57
feather,57
compose,57
frequent,56
extension,56
fasten,56
thrill,56
source,56
boxing,56
tutor,56
format,56
golden,56
patent,56
worm,56
accomplish,56
graduation,56
consult,56
recognize,56
jar,56
kettle,56
unite,56
appoint,56
bench,56
undertake,56
circuit,56
further,56
unable,56
allowance,56
spin,56
simplify,56
garlic,56
pea,56
sacrifice,56
bride,56
fibre,56
equip,56
cuisine,56
gymnastics,56
analysis,56
analyse,56
bathe,56
freezing,56
burden,56
parallel,56
reading,56
racial,56
herb,56
awesome,56
ambassador,56
mend,56
microscope,56
spoken,56
favorite,56
Ms.,56
part-time,56
structure,56
establish,56
teamwork,56
nursery,56
ward,56
tomb,56
infer,56
skateboard,55
biography,55
billion,55
compensate,55
valid,55
deposit,55
squirrel,55
diploma,55
dolphin,55
foolish,55
universal,55
gradual,55
bid,55
vacant,55
dimension,55
evolution,55
overlook,55
scan,55
hatch,55
wildlife,55
spit,55
airplane,55
frighten,55
frightened,55
global,55
grandson,55
technical,55
contradictory,55
pause,55
personality,55
timetable,55
tournament,55
whistle,55
dam,55
consultant,55
admission,55
classify,55
feet,55
resolution,55
independence,55
firework,55
gram,55
occasion,55
facility,55
item,55
species,55
stretch,55
warmth,54
tremble,54
attractive,54
rugby,54
instruct,54
quiz,54
ridiculous,54
painter,54
unfair,54
peach,54
insurance,54
amaze,54
thinking,54
saucer,54
teapot,54
maple,54
extreme,54
resemble,54
eyesight,54
inspect,54
penny,54
embarrass,54
competence,54
astronomy,54
geometry,54
wrestle,54
apparent,54
dot,54
seaside,54
autonomous,54
privilege,54
stove,54
African,54
laboratory,54
accountant,54
merchant,54
politician,54
sailor,54
directory,54
fax,54
edition,54
Australia,54
maths,54
worst,54
connection,54
investigate,54
shortcoming,53
altitude,53
steep,53
friction,53
extremely,53
thousand,53
souvenir,53
visa,53
mourn,53
stocking,53
goose,53
consideration,53
hopeless,53
route,53
region,53
greeting,53
uncomfortable,53
companion,53
hostess,53
log,53
neighbor,53
adequate,53
coincidence,53
carriage,53
religious,53
Asian,53
construct,53
squeeze,53
claim,53
oral,53
affection,53
sunlight,53
significance,53
toward,53
communist,53
govern,53
absurd,53
factor,53
academy,53
facial,53
barber,53
novelist,53
scratch,53
alphabet,53
motto,53
arch,53
missing,53
mom,53
mostly,53
strategy,53
theirs,53
overseas,53
educator,53
backwards,53
cigar,53
vary,53
cooperate,53
current,53
identify,53
moreover,53
misunderstand,52
portable,52
delighted,52
cautious,52
shuttle,52
ninety,52
baggage,52
receptionist,52
divorce,52
pregnant,52
voluntary,52
via,52
swell,52
flashlight,52
pin,52
straw,52
label,52
insure,52
crossroads,52
adaptation,52
web,52
harbour,52
terminal,52
compromise,52
currency,52
brake,52
offence,52
twist,52
enlarge,52
discrimination,52
bridegroom,52
dusty,52
New,52
cooker,52
botanical,52
actual,52
northeast,52
atom,52
liberation,52
accumulate,52
bare,52
terror,52
pianist,52
policewoman,52
violinist,52
regulation,52
decoration,52
Mrs,52
scholar,52
poetry,52
ash,52
comparison,52
device,52
essential,52
financial,52
release,52
vice,51
cheerful,51
happiness,51
outer,51
hammer,51
nineteen,51
performer,51
drunk,51
constitution,51
reaction,51
adolescent,51
condemn,51
explanation,51
existence,51
French,51
unconscious,51
corporation,51
deny,51
tractor,51
vinegar,51
northwest,51
southwest,51
motivation,51
evident,51
triangle,51
recently,51
interval,51
socialist,51
ending,51
foresee,51
distribute,51
abundant,51
courtyard,51
kilometer,51
Mr,51
licence,51
honor,51
truly,51
god,51
reveal,51
realistic,51
practise,51
millionaire,51
contest,51
ensure,51
foundation,51
genius,51
individual,51
landscape,51
lower,51
maintain,51
virtual,51
wrap,51
haircut,50
sixty,50
eighty,50
compass,50
reception,50
funeral,50
survival,50
suburb,50
vest,50
possibility,50
tease,50
compulsory,50
electrical,50
substitute,50
muddy,50
swift,50
approximately,50
aircraft,50
swear,50
grandchild,50
perfume,50
clue,50
yell,50
sadness,50
radium,50
laundry,50
vague,50
strait,50
homeland,50
secondary,50
fragile,50
issue,50
physicist,50
premier,50
CD,50
dial,50
spelling,50
loaf,50
oh,50
sb.'s,50
equator,50
rural,50
surrounding,50
wherever,50
arrival,50
useless,50
powder,50
thread,50
capable,50
concerned,50
impact,50
complicated,50
element,50
engage,50
extend,50
household,50
loan,50
peak,50
restrict,50
setting,50
shift,50
significant,50
surgery,50
threat,50
dash,49
punctual,49
graph,49
fourteen,49
eighteen,49
dip,49
pineapple,49
underwear,49
clumsy,49
broom,49
rag,49
toothpaste,49
chopsticks,49
container,49
pine,49
highway,49
rail,49
partly,49
preview,49
sword,49
pulse,49
allergic,49
cheque,49
feast,49
lorry,49
deliberately,49
violate,49
hardship,49
sacred,49
Arctic,49
troublesome,49
identification,49
adore,49
yawn,49
thunderstorm,49
conscience,49
transparent,49
terrify,49
gap,49
catalogue,49
basement,49
math,49
villager,49
keen,49
habitat,49
sleeve,49
beast,49
blog,49
campus,49
despite,49
enable,49
era,49
fund,49
greenhouse,49
hike,49
laptop,49
launch,49
lunar,49
motivate,49
muscle,49
passion,49
code,49
forgetful,48
stubborn,48
properly,48
curriculum,48
seventy,48
civilization,48
judgement,48
growth,48
leisure,48
overcoat,48
ox,48
rooster,48
tortoise,48
restriction,48
hook,48
toothbrush,48
suck,48
bachelor,48
pavement,48
pedestrian,48
accelerate,48
insert,48
absolute,48
cyclist,48
circulate,48
examination,48
approval,48
tyre,48
rot,48
cassette,48
Easter,48
contradict,48
controversial,48
distinction,48
supreme,48
arithmetic,48
agricultural,48
yummy,48
quilt,48
athletic,48
embassy,48
authentic,48
lame,48
scar,48
cleaner,48
hunter,48
disc,48
shortly,48
balcony,48
can't,48
fifth,48
darkness,48
lid,48
addict,48
contract,48
economic,48
enhance,48
estimate,48
grab,48
interpret,48
journal,48
philosophy,48
quote,48
revise,48
wag,47
gay,47
caution,47
sharpen,47
signature,47
historical,47
overhead,47
melon,47
allocate,47
bacterium,47
hopeful,47
conservative,47
spray,47
attraction,47
maid,47
devotion,47
seminar,47
turning,47
requirement,47
pension,47
motorcycle,47
Antarctic,47
pessimistic,47
weakness,47
eggplant,47
ad,47
sample,47
tasty,47
backward,47
option,47
bent,47
suffering,47
optional,47
crowded,47
explicit,47
challenging,47
romantic,47
communism,47
questionnaire,47
theoretical,47
handy,47
businessman,47
carpenter,47
outing,47
dictation,47
has,47
junk,47
centimeter,47
prisoner,47
poisonous,47
accuracy,47
tourism,47
cosy,47
millimetre,47
assign,47
context,47
county,47
enormous,47
frank,47
motion,47
objective,47
property,47
qualify,47
restore,47
stuff,47
tone,47
weapon,47
arbitrary,46
drawback,46
endless,46
mainland,46
mountainous,46
fluency,46
pest,46
cushion,46
dustbin,46
zipper,46
sob,46
acute,46
cab,46
ferry,46
betray,46
sceptical,46
unbearable,46
accessible,46
prince,46
tiresome,46
acquaintance,46
unwilling,46
imply,46
tin,46
federal,46
boycott,46
ministry,46
appreciation,46
prescription,46
typist,46
typewriter,46
skyscraper,46
ninth,46
yogurt,46
polar,46
chase,46
favor,46
punishment,46
messy,46
troop,46
got,46
organisation,46
comic,46
efficient,46
encounter,46
generate,46
influential,46
joint,46
military,46
mission,46
multiple,46
overall,46
remarkable,46
shortage,46
slightly,46
vision,46
warning,46
sixteen,45
inn,45
porter,45
birthplace,45
acquisition,45
self,45
encouragement,45
chant,45
booth,45
barely,45
revision,45
fortnight,45
corrupt,45
economy,45
disagreement,45
settlement,45
acre,45
spade,45
marble,45
ambiguous,45
rectangle,45
vertical,45
claw,45
equality,45
recorder,45
assessment,45
finding,45
steward,45
gallon,45
framework,45
Ms,45
Good,45
apologise,45
postage,45
immigration,45
foreigner,45
collapse,45
drought,45
elderly,45
estate,45
ideal,45
illustrate,45
mount,45
prior,45
stimulate,45
substance,45
threaten,45
bravery,44
confidential,44
reservation,44
starvation,44
unfortunate,44
abolish,44
mop,44
passer-by,44
zoom,44
absolutely,44
burglar,44
changeable,44
rebuild,44
nationwide,44
P.E.,44
numb,44
choir,44
socialism,44
badly,44
grill,44
sickness,44
interpreter,44
abrupt,44
surplus,44
lounge,44
warehouse,44
children,44
eighth,44
fourth,44
What,44
shopkeeper,44
crisis,44
critical,44
depress,44
detect,44
highlight,44
justify,44
limited,44
luxury,44
minor,44
opponent,44
proof,44
protest,44
resident,44
resolve,44
sufficient,44
visible,44
correction,43
seventeen,43
assistance,43
systematic,43
storage,43
personally,43
wax,43
personnel,43
stain,43
unemployment,43
chip,43
modem,43
caption,43
historic,43
anchor,43
minibus,43
admirable,43
Christian,43
frequently,43
receiver,43
spokesman,43
ripen,43
suspension,43
outward,43
classical,43
uncertain,43
overweight,43
appendix,43
housewife,43
saleswoman,43
UK,43
overnight,43
prime,43
What's,43
criticize,43
postcode,43
cafe,43
curd,43
bathtub,43
recognition,43
highly,43
decent,43
discipline,43
distinct,43
identical,43
incredible,43
inner,43
innovation,43
input,43
intense,43
leadership,43
nevertheless,43
odd,43
pose,43
proposal,43
prospect,43
pursue,43
territory,43
genuine,42
quake,42
carrier,42
lemonade,42
catastrophe,42
ownership,42
spiritual,42
enquiry,42
ample,42
freeway,42
settler,42
sniff,42
scared,42
granny,42
airmail,42
swap,42
botany,42
adjustment,42
rainfall,42
sideways,42
centigrade,42
thirst,42
wooden,42
referee,42
tentative,42
brunch,42
shabby,42
paperwork,42
moustache,42
salute,42
translation,42
chopstick,42
transportation,42
mailbox,42
schoolmate,42
hearing,42
consumption,42
definitely,42
dominate,42
dramatic,42
infection,42
internal,42
massive,42
membership,42
monthly,42
organic,42
protein,42
pudding,42
volume,42
outspoken,41
user,41
calorie,41
punctuation,41
anecdote,41
garment,41
sparrow,41
entirely,41
adolescence,41
widow,41
locate,41
sneaker,41
apron,41
roundabout,41
consensus,41
spear,41
tram,41
Indian,41
collision,41
had,41
biochemistry,41
cube,41
mistaken,41
greengrocer,41
grocer,41
statesman,41
translator,41
France,41
twelfth,41
ice-cream,41
simply,41
whichever,41
slavery,41
mat,41
sharpener,41
ambitious,41
boost,41
client,41
council,41
demonstrate,41
domestic,41
elsewhere,41
emerge,41
expansion,41
fortunately,41
humble,41
insight,41
logical,41
priority,41
proceed,41
exploit,41
merciful,40
radioactive,40
abortion,40
effective,40
fairly,40
howl,40
BC,40
alcoholic,40
holy,40
legend,40
bake,40
suddenly,40
irrigation,40
trolleybus,40
oval,40
semicircle,40
offshore,40
motherland,40
belly,40
generally,40
AD,40
litre,40
cease,40
column,40
crucial,40
emphasis,40
entitle,40
episode,40
flavour,40
saving,40
variation,40
giant,40
immediate,40
drown,40
thriller,39
suite,39
seagull,39
mall,39
alley,39
paddle,39
disgusting,39
seaweed,39
fishing,39
conscious,39
fragrant,39
quickly,39
oilfield,39
rewind,39
bureaucratic,39
armchair,39
fingernail,39
socket,39
labor,39
you?,39
fame,39
bin,39
upwards,39
stainless,39
prayer,39
smoker,39
spite,39
temper,39
anticipate,39
capacity,39
core,39
criticise,39
election,39
exposure,39
guideline,39
hence,39
interaction,39
kit,39
suspend,39
lean,39
parade,39
stout,38
retell,38
horror,38
entertain,38
razor,38
separation,38
taxpayer,38
Buddhism,38
British,38
disturbing,38
unrest,38
furnished,38
latest,38
tasteless,38
easily,38
loudly,38
brewery,38
cocoa,38
videophone,38
spoonful,38
lifetime,38
married,38
shell,38
skillful,38
frequency,38
westwards,38
seashell,38
behavior,38
comprehensive,38
confused,38
definition,38
distribution,38
external,38
investment,38
mechanic,38
mode,38
motive,38
panel,38
somewhat,38
substantial,38
propose,38
I'm,38
drawing,37
coke,37
satisfied,37
breathless,37
AIDS,37
cheers,37
jeep,37
Australian,37
Canadian,37
yourselves,37
barbershop,37
stewardess,37
shaver,37
statistics,37
pint,37
dialog,37
Japan,37
sixth,37
competitor,37
lately,37
traveller,37
understanding,37
outdoor,37
gray,37
sauce,37
dirt,37
okay,37
celebrity,37
cite,37
comprise,37
duration,37
extinction,37
harmonious,37
housing,37
initiative,37
obviously,37
perceive,37
profile,37
resistance,37
stability,37
tackle,37
despair,37
evolve,37
necessity,37
poverty,37
pizza,37
hard-working,36
DVD,36
gene,36
bucket,36
German,36
algebra,36
cubic,36
gymnasium,36
tragedy,36
regulate,36
unfit,36
chairwoman,36
headmistress,36
salesgirl,36
Britain,36
Germany,36
twentieth,36
hey,36
known,36
Great,36
inspiration,36
trash,36
related,36
civilisation,36
Confucius,36
coverage,36
exceptional,36
fabric,36
integrate,36
integrity,36
literally,36
phase,36
respective,36
sustain,36
loyal,36
invest,36
infect,35
fairy,35
vitamin,35
unconditional,35
franc,35
National,35
skilful,35
mustard,35
walnut,35
foster,35
bungalow,35
England,35
seventh,35
singer,35
mysterious,35
analyze,35
unfortunately,35
jewellery,35
airspace,35
compact,35
relieve,35
apparently,35
facilitate,35
gender,35
precisely,35
horizon,35
scale,35
sunburnt,34
woollen,34
bishop,34
upward,34
customs,34
friends,34
scary,34
neighborhood,34
tofu,34
The,34
monster,34
outwards,34
schoolboy,34
calligraphy,34
inspection,34
subsequent,34
ultimately,34
define,34
imitate,34
ingredient,34
tunnel,34
workshop,34
depart,34
inquire,34
leap,34
pants,34
spacecraft,34
bingo,33
imagination,33
heal,33
humor,33
traveler,33
exhibit,33
sidewalk,33
Catholic,33
India,33
widely,33
offend,33
corporate,33
intervention,33
rating,33
venue,33
advanced,33
breeze,33
charm,33
jewel,33
orchestra,33
perspective,33
manual,33
nerve,33
china,33
unexpected,32
Oceania,32
talented,32
bedding,32
tenth,32
alien,32
oven,32
sore,32
bulb,32
harbor,32
VCD,32
alert,32
afterward,32
domain,32
Wi-Fi,32
evil,32
went,32
logic,32
layer,32
numerous,32
excitement,31
probable,31
roar,31
cucumber,31
done,31
aluminium,31
recording,31
consumer,31
Olympics,31
United,31
documentary,31
longer,31
semester,31
elementary,31
grant,31
determination,31
millimeter,31
adorable,31
consultation,31
blossom,31
curiosity,31
mutual,31
rhythm,31
transfer,31
liberate,31
judgment,31
amazed,31
dim,31
melt,31
sunrise,31
peer,30
Japanese,30
South,30
homeless,30
spoil,30
furnish,30
pm,30
forth,30
Confucianism,30
compound,30
craft,30
deadly,30
definite,30
edit,30
employee,30
employer,30
grave,30
invisible,30
inventor,30
furthermore,30
sports,29
thermos,29
popularity,29
mommy,29
Russia,29
women,29
ghost,29
uneasy,29
elbow,29
fiber,29
schoolgirl,29
sunset,29
words,29
café,29
breed,29
considerable,29
fossil,29
ladder,29
proportion,29
reflection,29
undo,29
empire,29
capture,29
crack,29
dine,29
dissolve,29
tender,29
tide,29
destruction,29
industrial,28
stem,28
surroundings,28
Russian,28
Thanksgiving,28
hint,28
slogan,28
lots,28
P.M.,28
fascinating,28
prediction,28
surprised,28
halfway,28
chore,28
elevator,28
telegraph,28
stock,28
assemble,28
commerce,28
directly,28
enthusiasm,28
honesty,28
lane,28
statistic,28
disorder,28
weave,28
peasant,28
conquer,28
nonsense,28
undergo,28
impressive,28
whoever,27
presence,27
Museum,27
cope,27
let's,27
spider,27
stuck,27
upside,27
seriously,27
lifestyle,27
Moslem,27
pence,27
sake,27
what's,27
sometime,27
westward,27
arouse,27
assure,27
bump,27
gratitude,27
neglect,27
cart,27
rub,27
skeptical,27
appliance,27
cable,27
intellectual,27
interact,27
manufacture,27
organism,27
stir,27
venture,27
immigrant,27
well-known,27
hardworking,27
waiting,26
unhealthy,26
princess,26
clearly,26
including,26
bookcase,26
chimney,26
mice,26
A.M.,26
pierce,26
teenage,26
man-made,26
Christ,26
persist,26
yield,26
additional,26
bloom,26
collective,26
cultural,26
enrich,26
exclude,26
fate,26
following,26
footstep,26
jealous,26
mayor,26
renew,26
defense,26
critic,26
gramme,26
frozen,26
exhaust,26
faint,26
frame,26
horn,26
magnificent,26
margin,26
miserable,26
naughty,26
pave,26
principal,26
spill,26
stroke,26
ultimate,26
observation,26
portrait,26
was,26
thoughtful,25
graceful,25
jewelry,25
completely,25
carefully,25
immune,25
ambassadress,25
telegram,25
does,25
bookstore,25
teen,25
teammate,25
backpack,25
River,25
chop,25
unhappy,25
heroine,25
leading,25
liter,25
times,25
terms,25
meantime,25
kilogramme,25
spokeswoman,25
await,25
bold,25
cliff,25
combination,25
disgust,25
dominant,25
employment,25
mate,25
mere,25
palm,25
reunite,25
whip,25
deliberate,25
bubble,25
cultivate,25
dialect,25
fascinate,25
feedback,25
heritage,25
masterpiece,25
reverse,25
scheme,25
toe,25
transmit,25
waterfall,25
emotional,25
happily,25
penguin,25
earnest,24
artistic,24
competitive,24
environmental,24
embarrassing,24
impatient,24
announcement,24
kung,24
fu,24
likewise,24
businesswoman,24
leaves,24
glasses,24
luckily,24
ecosystem,24
calculator,24
colourful,24
woolen,24
gaze,24
enquire,24
landslide,24
acceptable,24
alter,24
economical,24
flock,24
mislead,24
portion,24
vapour,24
unknown,24
extinct,24
photography,24
bore,24
angel,24
boast,24
farewell,24
grief,24
hut,24
ignorant,24
interfere,24
outlook,24
pearl,24
sincere,24
trail,24
tremendous,24
applause,24
participant,24
tropical,24
weaken,24
composer,24
you.,24
took,24
cherry,23
transplant,23
Palace,23
qualified,23
teeth,23
US,23
yeah,23
snowman,23
normally,23
Mars,23
heavily,23
cola,23
based,23
inferior,23
disguise,23
No.,23
flavor,23
cooperation,23
curve,23
disapprove,23
donation,23
sting,23
catalog,23
explosion,23
bind,23
bang,23
competent,23
convert,23
crawl,23
deceive,23
ethnic,23
mammal,23
miracle,23
outbreak,23
pat,23
slope,23
torch,23
van,23
wreck,23
tolerant,23
regularly,23
sunglasses,23
easy-going,22
creativity,22
speaking,22
slowly,22
roller,22
memorize,22
selection,22
Sydney,22
pigeon,22
men,22
Here,22
koala,22
impolite,22
World,22
Wall,22
indoors,22
possibly,22
underwater,22
rarely,22
connected,22
turns,22
glimpse,22
eyes,22
combat,22
confusion,22
decay,22
delivery,22
eliminate,22
fable,22
gear,22
herd,22
inherit,22
invade,22
knot,22
recovery,22
resume,22
satisfactory,22
writing,22
overtake,22
grace,22
disappointment,22
app,22
brass,22
clown,22
compute,22
crush,22
daylight,22
distract,22
fake,22
fatal,22
fireman,22
hostile,22
immense,22
lawn,22
marine,22
reluctant,22
resort,22
strip,22
tuition,22
underneath,22
up-to-date,22
waterproof,22
criticism,22
imaginary,22
rainforest,22
determined,22
learned,22
firefighter,22
explorer,22
championship,22
bookshop,22
exhausted,22
skating,22
saw,22
were,22
knowledgeable,21
anymore,21
annoyed,21
particularly,21
cozy,21
totally,21
Greek,21
accustom,21
exception,21
educational,21
stateswoman,21
heap,21
You're,21
wow,21
blond,21
Italy,21
verb,21
frustrate,21
disappointing,21
mistress,21
sequence,21
attribute,21
bug,21
bullet,21
corridor,21
drift,21
install,21
rebel,21
sympathetic,21
misfortune,21
revolve,21
accommodate,21
plough,21
boating,21
bacteria,21
banquet,21
crane,21
creep,21
crown,21
defect,21
dumb,21
embrace,21
endanger,21
exceed,21
formula,21
fulfil,21
invaluable,21
microphone,21
moderate,21
naked,21
obstacle,21
omit,21
regarding,21
scarce,21
strain,21
stripe,21
trace,21
emphasize,21
expedition,21
magical,21
similarity,21
designer,21
confusing,21
puzzled,21
glorious,21
assignment,21
coral,21
humanity,21
informal,21
sensible,21
did,21
Lake,21
ate,21
congress,20
Italian,20
fertile,20
trainer,20
burnt,20
won,20
P.C.,20
dependent,20
involved,20
hands,20
years,20
depression,20
endurance,20
improvement,20
intimate,20
lag,20
management,20
obligation,20
productive,20
sailing,20
smelly,20
stiff,20
breakdown,20
privacy,20
indoor,20
bankrupt,20
bull,20
cashier,20
commission,20
flourish,20
forum,20
germ,20
hardware,20
migrate,20
neutral,20
penalty,20
pirate,20
repay,20
retreat,20
ribbon,20
scent,20
script,20
thumb,20
uncover,20
utter,20
pesticide,20
relativity,20
revolutionary,20
subtle,20
complaint,20
fashionable,20
reuse,20
It,20
running,19
PC,19
biologist,19
tribe,19
researcher,19
Happy,19
moving,19
Mexico,19
napkin,19
quietly,19
caught,19
daytime,19
terrorist,19
Ocean,19
endangered,19
unpleasant,19
gum,19
best-seller,19
worthless,19
absorbed,19
dying,19
located,19
descend,19
reckon,19
Dr,19
blend,19
clause,19
cowboy,19
darling,19
delightful,19
fertilizer,19
fruitful,19
nightmare,19
skilled,19
specialize,19
orderly,19
generosity,19
fright,19
frightening,19
comrade,19
beam,19
cement,19
couch,19
diagnose,19
dump,19
endure,19
exclaim,19
fireplace,19
glow,19
lily,19
peanut,19
pitch,19
radar,19
reinforce,19
smartphone,19
thereby,19
trademark,19
vessel,19
wagon,19
frown,19
frustration,19
pedal,19
skim,19
constantly,19
mainly,19
runner,19
correspondence,19
explosive,19
mechanical,19
offensive,19
sadly,19
games,19
noodles,19
faithful,18
amusing,18
gently,18
reader,18
shoes,18
disable,18
Spanish,18
Pole,18
Mid-Autumn,18
seafood,18
terribly,18
given,18
dressed,18
politely,18
accidental,18
Park,18
icy,18
keeper,18
specially,18
tag,18
aluminum,18
PM,18
opposed,18
sooner,18
granted,18
farther,18
grandparents,18
broaden,18
chill,18
concentration,18
cue,18
establishment,18
increasingly,18
isolate,18
necessarily,18
occasional,18
payment,18
recommendation,18
repetition,18
storey,18
vanish,18
particle,18
midday,18
equivalent,18
devise,18
inquiry,18
rewarding,18
diversity,18
discriminate,18
awe,18
guilt,18
chin,18
clip,18
curse,18
deck,18
diligent,18
dispose,18
echo,18
exaggerate,18
exterior,18
fulfill,18
gang,18
goodness,18
gossip,18
harsh,18
hollow,18
illusion,18
insult,18
irrigate,18
laser,18
lick,18
nasty,18
pad,18
rumour,18
slap,18
span,18
supplement,18
unemployed,18
weird,18
brighten,18
cruelty,18
infectious,18
inhabitant,18
leaflet,18
memorable,18
migration,18
producer,18
psychological,18
psychologist,18
registration,18
savage,18
workplace,18
exploration,18
misty,18
continuous,18
faulty,18
hiking,18
sustainable,18
wireless,18
photos,18
It's,18
International,17
readily,17
learning,17
knit,17
myth,17
stepmother,17
Halloween,17
Children's,17
basically,17
relaxing,17
Switzerland,17
relaxed,17
Brazil,17
reusable,17
chips,17
rewrite,17
approximate,17
chamber,17
consent,17
devil,17
fragment,17
helpless,17
journalism,17
reduction,17
revenue,17
scrape,17
undoubtedly,17
offense,17
footprint,17
mathematical,17
ongoing,17
sideway,17
clarity,17
dorm,17
enrol,17
famine,17
fleet,17
liberal,17
modify,17
mug,17
namely,17
orphan,17
persevere,17
profound,17
rational,17
reproduce,17
romance,17
sector,17
shrug,17
cemetery,17
commander,17
enclose,17
eruption,17
fitness,17
glacier,17
inject,17
solo,17
spectacular,17
tornado,17
mummy,17
emission,17
printer,17
width,17
currently,17
messenger,17
O.K.,17
technician,17
Egypt,17
charming,16
fireworks,16
hopefully,16
promising,16
deeply,16
hell,16
awareness,16
Mother's,16
cutting,16
meaningful,16
listener,16
aviation,16
repeatedly,16
landmark,16
cannot,16
curly,16
lifelong,16
saint,16
policemen,16
spaghetti,16
kinds,16
thousands,16
dedicate,16
belongings,16
briefcase,16
bud,16
certainty,16
circular,16
colony,16
confess,16
counsel,16
creation,16
dense,16
engineering,16
liar,16
marsh,16
naturally,16
scatter,16
striking,16
textile,16
viewpoint,16
wicked,16
united,16
convention,16
classification,16
technological,16
accordingly,16
bulletin,16
cabin,16
copyright,16
curl,16
dairy,16
dove,16
eyebrow,16
freshman,16
implement,16
inevitable,16
landlord,16
motorway,16
optimism,16
prominent,16
ratio,16
rod,16
sack,16
terrific,16
thrive,16
whereas,16
worship,16
booklet,16
extensive,16
manuscript,16
relic,16
revive,16
symbolic,16
imaginative,16
hesitation,16
committed,16
beggar,16
embarrassment,16
antelope,16
bun,16
chick,16
comparative,16
versatile,16
emphasise,16
nutrient,16
someday,16
calf,15
practically,15
spicy,15
admiration,15
Tom,15
are.,15
USA,15
mooncake,15
goddess,15
disbelief,15
workday,15
beautifully,15
meaningless,15
fell,15
Ben,15
attendant,15
casually,15
conjunction,15
spotlight,15
shampoo,15
escalator,15
singular,15
shiny,15
geese,15
mister,15
devoted,15
supposed,15
dozens,15
closely,15
VR,15
beloved,15
favourable,15
formation,15
kneel,15
parliament,15
respectively,15
specialise,15
summarize,15
widen,15
yearly,15
motorbike,15
blast,15
eastward,15
downward,15
audio,15
blade,15
came,15
coherent,15
complicate,15
cruise,15
crystal,15
discharge,15
harness,15
mould,15
notion,15
nourish,15
overwhelm,15
password,15
plural,15
proverb,15
rival,15
second-hand,15
sheer,15
shiver,15
supervise,15
suspicion,15
tame,15
torture,15
vigour,15
wilderness,15
wit,15
youngster,15
carnival,15
hybrid,15
iceberg,15
instructor,15
locker,15
marvellous,15
nickname,15
parachute,15
revenge,15
suicide,15
survivor,15
vet,15
demanding,15
doorway,15
evaluation,15
firmly,15
retirement,15
working,15
decisive,15
leftover,15
ignorance,15
promotion,15
robbery,15
firecracker,15
comparable,15
consequently,15
illustration,15
metaphor,15
objection,15
ouch,15
printing,15
pumpkin,15
rapidly,15
Roman,15
sportsman,15
Spring,15
brought,15
it's,15
skiing,14
refreshment,14
remains,14
disappearance,14
Antarctica,14
yoga,14
unify,14
welcome.,14
hallway,14
Dragon,14
Boat,14
blonde,14
scoop,14
James,14
historian,14
burial,14
fin,14
trader,14
broke,14
magician,14
unlucky,14
girlfriend,14
schoolwork,14
hundreds,14
peel,14
secondly,14
shocked,14
West,14
cm,14
turtle,14
amazement,14
Dr.,14
accord,14
acquaint,14
auto,14
doubtful,14
handbook,14
haste,14
implicit,14
interpretation,14
lover,14
measurement,14
opposition,14
solemn,14
triumph,14
comprehend,14
extinguish,14
forwards,14
electron,14
flexibility,14
memorise,14
satisfying,14
controversy,14
tiring,14
joyful,14
disobey,14
colorful,14
harmless,14
aeroplane,14
amid,14
backyard,14
barrel,14
cabinet,14
coarse,14
confront,14
coward,14
crocodile,14
delegate,14
diplomat,14
distress,14
dock,14
drain,14
enlighten,14
entrepreneur,14
excursion,14
fatigue,14
fluid,14
fraction,14
hospitable,14
immigrate,14
imperial,14
impulse,14
infant,14
inhabit,14
inland,14
interior,14
intermediate,14
liver,14
lord,14
make-up,14
rumor,14
sin,14
sophisticated,14
spark,14
steer,14
strive,14
surrender,14
underestimate,14
upright,14
usage,14
vulnerable,14
childish,14
compliment,14
crisp,14
diplomacy,14
erosion,14
fascination,14
persuasion,14
rap,14
snap,14
tricky,14
volcanic,14
wrestling,14
camping,14
compassion,14
originate,14
potentially,14
risky,14
surprising,14
transition,14
unfold,14
wheelchair,14
advertising,14
slippery,14
refusal,14
shorten,14
agreeable,14
astonishment,14
bronze,14
Buddhist,14
cooking,14
efficiency,14
hockey,14
innocence,14
occasionally,14
progressive,14
swan,14
tempt,14
vegetarian,14
washing,14
conditioner,14
hop,14
Tower,14
City,14
bought,14
Big,14
goes,14
warm-hearted,13
teaching,13
civilize,13
donor,13
annoyance,13
unimportant,13
smoking,13
roughly,13
notes,13
dancing,13
founder,13
Santa,13
adjustable,13
York,13
Toronto,13
artwork,13
drugstore,13
bookshelf,13
knives,13
UFO,13
you!,13
ivory,13
differently,13
Kingdom,13
pal,13
restroom,13
happening,13
Zealand,13
lastly,13
gave,13
guidebook,13
unfamiliar,13
specifically,13
eleventh,13
owing,13
appealing,13
cock,13
compel,13
desktop,13
gamble,13
heroic,13
impose,13
juicy,13
layout,13
reservoir,13
resistant,13
reunion,13
treaty,13
viewer,13
kidnap,13
lighten,13
situate,13
digit,13
Bible,13
bureau,13
democracy,13
dispute,13
donkey,13
drip,13
dye,13
erase,13
feasible,13
hay,13
headquarters,13
indifferent,13
innovate,13
intact,13
irregular,13
lavatory,13
mortgage,13
orient,13
paw,13
plunge,13
preliminary,13
priest,13
prose,13
retain,13
sway,13
thanksgiving,13
therapy,13
thermometer,13
toll,13
toss,13
tray,13
undergraduate,13
agony,13
corruption,13
criteria,13
galaxy,13
imitation,13
linguist,13
narrator,13
preservation,13
probe,13
quest,13
sculptor,13
verbal,13
weary,13
accomplishment,13
astonished,13
climbing,13
interruption,13
selective,13
stressed,13
grown-up,13
aged,13
interviewer,13
inequality,13
honourable,13
affordable,13
aggression,13
closet,13
dancer,13
executive,13
extract,13
frankly,13
incredibly,13
injection,13
invasion,13
madame,13
misery,13
occurrence,13
patriotic,13
philosopher,13
presently,13
prevention,13
prosperous,13
publication,13
relaxation,13
steadily,13
tightly,13
tsunami,13
unity,13
unlikely,13
temptation,13
Scotland,13
fed,13
Ireland,13
Nice,13
socks,13
greatly,12
moonlight,12
moist,12
Moscow,12
subtract,12
nutritious,12
John,12
Can,12
Peter,12
weekends,12
Thailand,12
States,12
burning,12
caring,12
Square,12
threw,12
fairness,12
maker,12
pronoun,12
accessory,12
adverb,12
daddy,12
tomatoes,12
engaged,12
impressed,12
occupied,12
cleaning,12
don't,12
ruins,12
millions,12
rip,12
gone,12
gardener,12
genetic,12
largely,12
opener,12
productivity,12
senator,12
summarise,12
vapor,12
spirits,12
ways,12
right-handed,12
farthest,12
champagne,12
submission,12
countless,12
eastwards,12
fearful,12
hilly,12
holder,12
conditioning,12
cane,12
paste,12
AM,12
badge,12
bully,12
cargo,12
cherish,12
condense,12
dental,12
discard,12
durable,12
economics,12
enroll,12
expertise,12
gadget,12
gown,12
grip,12
heading,12
index,12
instinct,12
intake,12
intensive,12
jail,12
lens,12
limb,12
nap,12
oblige,12
overthrow,12
peculiar,12
preposition,12
provided,12
raid,12
reap,12
senate,12
sip,12
soda,12
sparkle,12
splash,12
staple,12
surname,12
token,12
transaction,12
upgrade,12
well-being,12
workout,12
assembly,12
coastal,12
continental,12
disposal,12
encyclopedia,12
factual,12
magnetic,12
plateau,12
refund,12
syllable,12
Coke,12
calculation,12
equally,12
governor,12
manners,12
originally,12
perfectly,12
safely,12
skinny,12
swollen,12
swam,12
costly,12
fixture,12
unearth,12
rider,12
instantly,12
earnings,12
terrified,12
acceptance,12
addiction,12
attentive,12
automation,12
destructive,12
engagement,12
investigation,12
jogging,12
leopard,12
loyalty,12
machinery,12
malaria,12
mansion,12
martial,12
peacock,12
perseverance,12
physiology,12
prairie,12
prosperity,12
surfing,12
swimmer,12
varied,12
verse,12
willingness,12
AI,12
Egyptian,12
said,12
storybook,12
isn't,12
Norman,12
Nobel,12
Prize,12
pictures,12
Thank,12
world-famous,11
inexpensive,11
gardening,11
Tibetan,11
North,11
primarily,11
hotdog,11
plentiful,11
athletics,11
overhear,11
dishes,11
rules,11
wisely,11
boarding,11
San,11
Francisco,11
oversleep,11
chose,11
became,11
gravy,11
matter?,11
meant,11
fallen,11
Island,11
Science,11
Army,11
Singapore,11
fifteenth,11
autograph,11
eighteenth,11
loving,11
unfriendly,11
willingly,11
mm,11
accordance,11
jokes,11
B.C.,11
Thermos,11
bundle,11
contradiction,11
declaration,11
defensive,11
excellence,11
favorable,11
logo,11
similarly,11
submerge,11
conserve,11
workforce,11
zoology,11
signify,11
confirmation,11
dependence,11
expend,11
inward,11
photographic,11
lace,11
ally,11
blueprint,11
browse,11
cereal,11
cling,11
conceal,11
coordinate,11
dictate,11
editorial,11
enforce,11
eternal,11
filter,11
gasoline,11
gross,11
hip,11
induce,11
initiate,11
jury,11
noun,11
pastime,11
prompt,11
restrain,11
retail,11
scandal,11
smash,11
soak,11
soar,11
summit,11
superficial,11
teller,11
upload,11
warrior,11
canoe,11
electrician,11
epidemic,11
gracious,11
melody,11
murmur,11
navigation,11
observatory,11
plantation,11
realist,11
spice,11
submarine,11
trench,11
wardrobe,11
waiting-room,11
adviser,11
attendance,11
auction,11
blessing,11
closing,11
newcomer,11
physically,11
publisher,11
respectful,11
sensor,11
supervision,11
transformation,11
vegetation,11
push-up,11
getaway,11
bloody,11
profitable,11
adventurous,11
straighten,11
removal,11
participation,11
rejection,11
honorable,11
wrote,11
terrifying,11
ah,11
blues,11
capability,11
completion,11
concerning,11
convinced,11
depressed,11
desirable,11
enjoyment,11
faithfully,11
frustrated,11
fried,11
homesick,11
intensity,11
kebab,11
limitation,11
marvelous,11
mentally,11
milestone,11
olive,11
passionate,11
penicillin,11
playmate,11
residence,11
robe,11
puppy,11
secondhand,11
continual,11
compress,11
drank,11
exercises,11
Greece,11
People's,11
University,11
flowers,11
sang,11
No,11
she's,11
shooting,10
ape,10
programmer,10
relatively,10
unnecessary,10
backache,10
flying,10
annoying,10
Father's,10
Hong,10
Middle,10
Ottawa,10
Tibet,10
kindly,10
adventurer,10
internet,10
Bob,10
NBA,10
Jack,10
Jane,10
Smith,10
burger,10
birthday!,10
See,10
Thomas,10
earring,10
lyrics,10
Marie,10
banker,10
burned,10
believable,10
sent,10
Sea,10
built,10
climber,10
rainstorm,10
Amazon,10
Disneyland,10
truthful,10
fourteenth,10
slipper,10
Paris,10
nineteenth,10
associated,10
blessed,10
filled,10
A.D.,10
experimental,10
tedious,10
constitute,10
prescribe,10
administer,10
faraway,10
furthest,10
incidence,10
developing,10
immoral,10
Muslim,10
cellar,10
hawk,10
blur,10
bolt,10
brow,10
cardboard,10
clash,10
climax,10
commodity,10
commonplace,10
confine,10
crab,10
excess,10
fingerprint,10
geology,10
grin,10
gulf,10
hinder,10
lump,10
magnet,10
mill,10
negate,10
norm,10
nuisance,10
old-fashioned,10
outlet,10
overtime,10
pillar,10
pit,10
radical,10
rear,10
remedy,10
scope,10
shrimp,10
specimen,10
sphere,10
stack,10
stride,10
whilst,10
aquarium,10
befriend,10
convict,10
craftsman,10
destiny,10
legendary,10
limp,10
loop,10
mythology,10
navigator,10
obesity,10
obsess,10
partial,10
prehistoric,10
protective,10
rust,10
whirlpool,10
withdrawal,10
backstage,10
battlefield,10
closed,10
fixed,10
injured,10
waterway,10
written,10
inspiring,10
remaining,10
informative,10
senseless,10
sensory,10
hide-and-seek,10
replacement,10
thinker,10
rode,10
vitality,10
retired,10
gathering,10
inspector,10
sticky,10
potatoes,10
announcer,10
archaeologist,10
atomic,10
automobile,10
awaken,10
barren,10
BCE,10
Common,10
Era,10
correctly,10
correspondent,10
deduce,10
descendant,10
disgrace,10
dramatically,10
eagerness,10
equation,10
eventual,10
gunpowder,10
headset,10
hillside,10
implication,10
independently,10
jade,10
long-term,10
mouthful,10
nonverbal,10
notable,10
perfection,10
preferable,10
raft,10
reef,10
renewable,10
rhino,10
separately,10
sexual,10
sorghum,10
stall,10
stressful,10
chi,10
trainee,10
trait,10
unforgettable,10
vaccine,10
good-bye,10
pursuit,10
suspicious,10
cathedral,10
elaborate,10
hibernate,10
hoop,10
naval,10
rotten,10
sociable,10
spectator,10
stationery,10
tolerance,10
bookmark,10
Spain,10
Bridge,10
Jewish,10
felt,10
ran,10
he's,10
riding,9
industrialize,9
helper,9
hacker,9
Swiss,9
automatically,9
Year's,9
bedtime,9
Kong,9
softball,9
seller,9
Frank,9
Helen,9
Paul,9
David,9
grew,9
woke,9
Korea,9
rang,9
crispy,9
Basketball,9
Association,9
Picasso,9
superhero,9
Norway,9
Malaysia,9
comfortably,9
hung,9
Robert,9
risks,9
understood,9
stepsister,9
Little,9
thirteenth,9
seventeenth,9
thirtieth,9
lighting,9
Jew,9
comma,9
hum,9
sixteenth,9
Before,9
wolves,9
twenty-first,9
pieces,9
rags,9
ends,9
Jeep,9
crude,9
loosen,9
rouse,9
skeleton,9
that's,9
courageous,9
left-handed,9
overdo,9
kind-hearted,9
developed,9
hostel,9
Christianity,9
literal,9
snowball,9
seaman,9
aptitude,9
attorney,9
charter,9
collaborate,9
commence,9
commute,9
cop,9
copper,9
damn,9
derive,9
dew,9
disco,9
disrupt,9
ditch,9
erect,9
excel,9
faculty,9
federation,9
fluctuate,9
heartfelt,9
honeymoon,9
incline,9
insane,9
invalid,9
lest,9
lobby,9
memorandum,9
merit,9
motel,9
ounce,9
outskirts,9
patch,9
prevail,9
provoke,9
punch,9
quota,9
rack,9
realm,9
recession,9
refine,9
screw,9
setback,9
sketch,9
slender,9
so-called,9
sole,9
specify,9
startle,9
thrust,9
trigger,9
vacuum,9
versus,9
vocation,9
autonomy,9
bilingual,9
billboard,9
comet,9
dread,9
expectancy,9
geographical,9
greed,9
lessen,9
medieval,9
mime,9
moody,9
pneumonia,9
prolong,9
scenic,9
seasonal,9
skull,9
suburban,9
violet,9
willow,9
sideroad,9
abandoned,9
administrator,9
beaten,9
deepen,9
disastrous,9
hidden,9
landing,9
lengthen,9
lightly,9
officially,9
presenter,9
recycling,9
significantly,9
timely,9
wetland,9
balanced,9
learner,9
wonderland,9
commercialise,9
breathtaking,9
beginner,9
sharply,9
typically,9
characterize,9
symbolize,9
experienced,9
homesickness,9
tighten,9
wholly,9
handshake,9
puzzling,9
convincing,9
respectable,9
astonishing,9
Doctor,9
alarming,9
amongst,9
anonymous,9
appreciative,9
autobiography,9
binoculars,9
blister,9
bookseller,9
boyhood,9
chilli,9
consciousness,9
cycling,9
discouraged,9
distinguished,9
dough,9
drone,9
evidently,9
exhausting,9
farming,9
fascinated,9
freely,9
fully,9
grassland,9
headteacher,9
honestly,9
indication,9
inference,9
installation,9
intervene,9
Latin,9
lotus,9
lyric,9
manned,9
maturity,9
mining,9
misunderstanding,9
observer,9
overflow,9
overwhelming,9
prey,9
proficiency,9
publicly,9
coaster,9
sprain,9
strictly,9
successfully,9
sugary,9
thankfully,9
tragic,9
vibrate,9
Victorian,9
ironic,9
blush,9
inadequate,9
kitten,9
literacy,9
moth,9
restless,9
timid,9
variable,9
negotiation,9
excessive,9
barn,9
axe,9
flap,9
nylon,9
shepherd,9
tile,9
"...,",9
beehive,9
gorilla,9
Irish,9
met,9
told,9
There,9
PLA,9
hooray,9
Merry,9
Opera,9
St,9
vegetables,9
Excuse,9
taught,9
me.,9
sold,9
forgot,9
amused,8
keyword,8
recitation,8
loser,8
graffiti,8
mural,8
Claus,8
ID,8
loneliness,8
books,8
morning!,8
Alice,8
Jenny,8
Alan,8
Mike,8
Lisa,8
Jim,8
heard,8
woof,8
Alexander,8
Graham,8
smelt,8
rung,8
Carla,8
Jean,8
takeaway,8
Tian'anmen,8
Sam,8
lettuce,8
nosebleed,8
wrong?,8
Taylor,8
began,8
King,8
Nile,8
Yangtze,8
Oliver,8
Music,8
Terracotta,8
held,8
furry,8
pro,8
oak,8
ballpoint,8
squid,8
Anno,8
Domini,8
twenty-one,8
covered,8
nutshell,8
quantities,8
measures,8
circumstances,8
Frenchman,8
contented,8
ego,8
notify,8
quotation,8
refugee,8
simplicity,8
witty,8
sociology,8
superman,8
get-together,8
Marxism,8
dome,8
frightful,8
citizenship,8
incorrect,8
empress,8
fearless,8
quantify,8
shameful,8
sleeping,8
woods,8
adjective,8
asset,8
attic,8
banner,8
bearing,8
bribe,8
bystander,8
cellphone,8
coil,8
compatible,8
cyberspace,8
deprive,8
diabetes,8
diameter,8
dose,8
emit,8
essence,8
exert,8
expressway,8
foremost,8
gorgeous,8
halt,8
hectare,8
hedge,8
heir,8
idle,8
infinite,8
irony,8
lease,8
liable,8
lodge,8
metro,8
mold,8
odds,8
outdated,8
penetrate,8
pinch,8
pledge,8
precaution,8
procession,8
rage,8
rally,8
segment,8
shed,8
speculate,8
stake,8
strap,8
swipe,8
trolley,8
utmost,8
veto,8
vigor,8
non-stop,8
accusation,8
acrobatics,8
acupuncture,8
addictive,8
burglary,8
cooperative,8
cosmology,8
delicacy,8
distinctive,8
epic,8
hibernation,8
hurdle,8
oxide,8
taboo,8
tidal,8
tusk,8
underdog,8
vein,8
wizard,8
abundance,8
Arabic,8
availability,8
comedian,8
contagious,8
displace,8
eligible,8
forbidden,8
interactive,8
interpersonal,8
milky,8
newly,8
nutritional,8
plum,8
porcelain,8
reflective,8
rooftop,8
schooling,8
speechless,8
thrilling,8
touching,8
well-rounded,8
grown,8
crossword,8
thoroughly,8
talkative,8
adulthood,8
reminder,8
landfill,8
hairstyle,8
fluently,8
commercialize,8
characterise,8
interviewee,8
signpost,8
postscript,8
wore,8
eye-catching,8
Reality,8
behold,8
inconvenience,8
murderer,8
noticeable,8
publicity,8
alleviate,8
angrily,8
animation,8
artemisinin,8
ballpark,8
biological,8
breadth,8
buzz,8
Cantonese,8
canyon,8
CE,8
checkout,8
cholera,8
considering,8
creamy,8
CV,8
dealer,8
detector,8
diner,8
doctorate,8
dragonfly,8
emoji,8
envoy,8
evacuate,8
exceptionally,8
expo,8
fertiliser,8
filling,8
forceful,8
hairdresser,8
heater,8
herbal,8
illegally,8
inflation,8
integrated,8
invader,8
junction,8
knob,8
lever,8
likelihood,8
loudspeaker,8
magnitude,8
manufacturer,8
methane,8
mighty,8
mockingbird,8
moderation,8
multicultural,8
muscular,8
nonstop,8
organizer,8
orientation,8
paramedic,8
partnership,8
persistent,8
presume,8
prosper,8
puff,8
purely,8
purity,8
restrictive,8
robber,8
roommate,8
scroll,8
singing,8
strongly,8
stun,8
sunflower,8
superiority,8
tai,8
traditionally,8
unselfish,8
westerner,8
wounded,8
cognitive,8
crow,8
ecological,8
gloomy,8
inconvenient,8
indigenous,8
majesty,8
plaster,8
representation,8
simulator,8
vacancy,8
concede,8
snatch,8
humourous,8
illuminate,8
monarch,8
purify,8
reviewer,8
sat,8
That's,8
Mountains,8
Viking,8
Einstein,8
Niagara,8
Shakespeare,8
Netherlands,8
flute,8
Summer,8
beaver,8
teddy,8
like?,8
I'd,8
see.,8
ha,8
pleasing,7
carving,7
indirect,7
drinking,7
lasting,7
anxiously,7
unaware,7
Lantern,7
swamp,7
Macao,7
East,7
drier,7
afternoon!,7
Eric,7
Bill,7
lives,7
Scott,7
Laura,7
Carol,7
stolen,7
lain,7
Chiang,7
Mai,7
Water,7
A,7
George,7
War,7
hoax,7
Wide,7
paragliding,7
Central,7
cheaply,7
Sarah,7
White,7
dug,7
sunburned,7
lent,7
shone,7
alright,7
follows,7
regards,7
considered,7
prepared,7
restricted,7
compared,7
ages,7
pains,7
sides,7
Englishman,7
policewomen,7
creator,7
static,7
valueless,7
deserted,7
footwear,7
vine,7
downwards,7
labourer,7
punishable,7
collide,7
atop,7
auditorium,7
backup,7
BBQ,7
beforehand,7
berry,7
beverage,7
brand-new,7
brandy,7
calling,7
conform,7
consolidate,7
contempt,7
contend,7
cord,7
countdown,7
counterpart,7
curb,7
dean,7
deputy,7
exile,7
expel,7
flaw,7
fuss,7
grind,7
hack,7
hail,7
handicap,7
haul,7
haunt,7
hazard,7
haze,7
hijack,7
indispensable,7
installment,7
intrude,7
livelihood,7
mainstream,7
manipulate,7
memo,7
opt,7
ozone,7
pessimism,7
pistol,7
plague,7
poll,7
preface,7
proclaim,7
railroad,7
recruit,7
resent,7
reside,7
rib,7
rifle,7
runway,7
scout,7
spontaneous,7
spouse,7
standpoint,7
tangible,7
utility,7
utilize,7
veil,7
verify,7
waggon,7
withstand,7
analytical,7
archaeology,7
breeding,7
bruise,7
calcium,7
canvas,7
cookery,7
cosmopolitan,7
craftsmanship,7
dedication,7
disarm,7
distraction,7
dwarf,7
flutter,7
genetics,7
geologist,7
idiomatic,7
latitude,7
nucleus,7
operational,7
posture,7
reptile,7
ridge,7
safari,7
stab,7
stoop,7
syrup,7
tread,7
trumpet,7
unclear,7
energize,7
entertainer,7
firewood,7
heartbreaking,7
intended,7
lifelike,7
making,7
nursing,7
organized,7
persistence,7
recreate,7
rooted,7
seemingly,7
spatial,7
transmission,7
uncertainty,7
unmanned,7
drove,7
downfall,7
fighter,7
wrestler,7
makeover,7
proposition,7
recollect,7
laughing,7
pollutant,7
IT,7
sweaty,7
complexity,7
mixed,7
hunting,7
wavelength,7
seasick,7
expressive,7
supporter,7
finished,7
collector,7
realization,7
coexist,7
rental,7
painstaking,7
actively,7
advisor,7
aerospace,7
aimless,7
attentively,7
avalanche,7
backfire,7
bathwater,7
best-selling,7
bitterly,7
blackout,7
bleeding,7
blogger,7
briefly,7
brotherhood,7
carelessly,7
cinquain,7
conceive,7
creatively,7
cyberbully,7
cybercrime,7
deceased,7
descent,7
detection,7
empathy,7
endeavour,7
entertaining,7
entrust,7
exaggeration,7
extra-curricular,7
foam,7
gateway,7
haggis,7
harden,7
headphone,7
hip-hop,7
humanistic,7
innovative,7
lecturer,7
lipstick,7
maintenance,7
motivated,7
narrowly,7
navigate,7
needy,7
nonetheless,7
northwestern,7
obstruction,7
opposing,7
paraphrase,7
pebble,7
photoelectric,7
pollinate,7
privately,7
probability,7
pros,7
cons,7
reindeer,7
restoration,7
revelation,7
rhetorical,7
safeguard,7
samba,7
sandy,7
shortcut,7
simile,7
sledge,7
slump,7
snowstorm,7
softly,7
sonnet,7
spacewalk,7
stew,7
subsequently,7
surely,7
swimsuit,7
temporarily,7
toxin,7
trivial,7
troll,7
twinkle,7
virtually,7
bald,7
certify,7
chimpanzee,7
dishonest,7
er,7
etc.,7
gigantic,7
irritable,7
oppress,7
postal,7
scarcely,7
soybean,7
synthetic,7
waltz,7
deficiency,7
interference,7
resignation,7
vigorous,7
precision,7
flush,7
shield,7
depict,7
inclusive,7
owl,7
provision,7
spine,7
gymnast,7
Sweden,7
faces,7
necktie,7
redirect,7
beautify,7
honoured,7
tears,7
congratulations,7
bye-bye,7
stringed,7
Isaac,7
Georgia,7
jumping,7
Lee,7
Earth,7
U.K.,7
Teachers',7
cleaned,7
played,7
slept,7
House,7
eating,7
parents,7
teachers',7
Beijing,7
mistakes,7
Jones,7
flew,7
courses,7
please.,7
Space,6
recreational,6
Year,6
advertiser,6
kg,6
Mary,6
Green,6
Have,6
Sally,6
Kate,6
Anna,6
Lucy,6
stole,6
haunted,6
Charles,6
Tim,6
shyness,6
smelled,6
Berlin,6
midsummer,6
II,6
Titanic,6
Colombia,6
Teresa,6
Brian,6
Huangguoshu,6
Waterfall,6
Hill,6
Mark,6
Claire,6
Larry,6
DJ,6
Danny,6
Got,6
Talent,6
sitcom,6
Disney,6
Hollywood,6
Fame,6
shook,6
blender,6
housewarming,6
Susan,6
swept,6
Martin,6
hid,6
Western,6
led,6
Journey,6
Qomolangma,6
Ming,6
cannibal,6
infinitive,6
etiquette,6
lookout,6
zigzag,6
Brazilian,6
thieves,6
costs,6
admitted,6
thoughts,6
scores,6
others,6
traitor,6
wed,6
founding,6
daybreak,6
civilise,6
obedient,6
southward,6
baker,6
laborer,6
affluent,6
apparatus,6
authorize,6
automate,6
ax,6
bias,6
brutal,6
bulk,6
Celsius,6
clothe,6
colon,6
comply,6
conscientious,6
contaminate,6
converse,6
coupon,6
defy,6
drastic,6
elevate,6
equate,6
ethic,6
execute,6
forge,6
formulate,6
incentive,6
influenza,6
infrastructure,6
instalment,6
intangible,6
legislate,6
liquor,6
mule,6
municipal,6
ore,6
ornament,6
outset,6
oversee,6
paradox,6
plumbing,6
refrain,6
render,6
renovate,6
riot,6
siege,6
spur,6
stale,6
tenant,6
timber,6
trifle,6
triple,6
undermine,6
utilise,6
warfare,6
willpower,6
concise,6
congestion,6
crater,6
foul,6
heartily,6
imperative,6
knight,6
longing,6
longitude,6
obscure,6
poetic,6
scramble,6
situated,6
touchstone,6
transistor,6
ultraviolet,6
watchtower,6
watery,6
wreath,6
activist,6
boredom,6
commonly,6
darken,6
enthusiast,6
environmentalist,6
intentional,6
mentality,6
poorly,6
provincial,6
sadden,6
sensitivity,6
silently,6
sled,6
soften,6
stumble,6
thrilled,6
Vietnam,6
violently,6
winning,6
youthful,6
analyses,6
dreamt,6
driven,6
undergrowth,6
textspeak,6
learnt,6
encouraging,6
timepiece,6
timeless,6
wasteful,6
overstatement,6
unstable,6
backboard,6
boarder,6
limitless,6
organised,6
well-meaning,6
quarter-final,6
trapped,6
thrown,6
airsick,6
carsick,6
misadventure,6
lighter,6
misunderstood,6
envious,6
inviting,6
reconstruct,6
digestion,6
bookish,6
jawline,6
gunfire,6
shocking,6
self-evident,6
polished,6
publishing,6
coming,6
gentlemen,6
accurately,6
additionally,6
adversity,6
appropriately,6
arched,6
archery,6
attachment,6
banjo,6
brightly,6
builder,6
caffeine,6
calmly,6
carbohydrate,6
cautiously,6
ceramic,6
clean-up,6
clover,6
coastline,6
cobblestone,6
coloured,6
comeback,6
consequent,6
consulate,6
continuously,6
corresponding,6
couplet,6
covering,6
crooked,6
curiously,6
curveball,6
dehydration,6
dewdrop,6
diarrhoea,6
disapproval,6
disgusted,6
drummer,6
eagerly,6
educated,6
effectively,6
elegance,6
enterprising,6
envision,6
epidemiology,6
euro,6
excerpt,6
execution,6
extensively,6
fig,6
flake,6
flip,6
formally,6
fulfilment,6
fundraising,6
genre,6
graphic,6
haiku,6
heartbreak,6
heating,6
heavenly,6
high-end,6
high-rise,6
hiker,6
hurried,6
immunity,6
individualism,6
individuality,6
industrialization,6
initially,6
instructive,6
involvement,6
jelly,6
legacy,6
lifespan,6
locally,6
maritime,6
marketing,6
meditation,6
nanobot,6
narration,6
neatly,6
noisily,6
non-smoker,6
oasis,6
organiser,6
packaging,6
patiently,6
peacekeeper,6
peculiarity,6
peppercorn,6
personification,6
plasma,6
presidential,6
programming,6
prohibition,6
quarry,6
redden,6
revival,6
sculpt,6
skateboarding,6
skillfully,6
sneak,6
solidarity,6
sportsmanship,6
sportswoman,6
starfish,6
stormy,6
strangely,6
sympathize,6
uplifting,6
vividly,6
warm-up,6
waterfront,6
wiring,6
biodiversity,6
circulation,6
civic,6
coconut,6
daffodil,6
diplomatic,6
disturbance,6
goalkeeper,6
incomplete,6
intently,6
jasmine,6
mangrove,6
orphanage,6
predator,6
prosecute,6
ritual,6
rocky,6
sardine,6
selfless,6
surpass,6
testimony,6
versa,6
waken,6
wormwood,6
marginal,6
assertive,6
absorption,6
assurance,6
alliance,6
vibration,6
bad-tempered,6
subordinate,6
chronic,6
ascend,6
advisable,6
acclaim,6
orchard,6
rejoice,6
semiconductor,6
stereotype,6
turbine,6
unload,6
phenomena,6
doorbell,6
microcomputer,6
Rome,6
Washington,6
needs,6
places,6
eyewitness,6
unsafe,6
windbreaker,6
workmate,6
injustice,6
beddings,6
dryer,6
villa,6
stutter,6
Why,6
won't,6
California,6
goldfish,6
Well,6
miner,6
Iceland,6
Indonesia,6
ups,6
downs,6
Korean,6
Danish,6
Tanzania,6
Forbidden,6
carol,6
Christmas!,6
Union,6
Henry,6
Bethune,6
District,6
Temple,6
Jupiter,6
Albert,6
Cambridge,6
Stephen,6
Hawking,6
Fred,6
Road,6
Falls,6
Renaissance,6
Mountain,6
Wild,6
Browning,6
kiwi,6
Beach,6
Columbus,6
shelves,6
Arab,6
lava,6
monk,6
Nazi,6
William,6
walking,6
Nations,6
kept,6
too.,6
lessons,6
it.,6
sales,6
spent,6
Chinatown,6
Me,6
This,6
they're,6
drew,6
spoke,6
driving,5
mango,5
unexpectedly,5
after-school,5
regional,5
populate,5
swiftly,5
openly,5
reintroduce,5
killing,5
soy,5
warming,5
cooked,5
Tokyo,5
multiplication,5
subtraction,5
boxer,5
gymnastic,5
Midwest,5
arts,5
BBC,5
Brown,5
Miller,5
Linda,5
Tony,5
ropeway,5
Thai,5
movies,5
Tina,5
chickens,5
uncrowded,5
Billy,5
Watson,5
Kung,5
Fu,5
Panda,5
Katie,5
Matt,5
WWF,5
Fund,5
Jason,5
Jessica,5
overcame,5
Sue,5
stood,5
self-improvement,5
Man,5
Michael,5
Trade,5
Red,5
Donald,5
Duck,5
con,5
misleading,5
untrue,5
wives,5
scarves,5
pennies,5
masses,5
classes,5
judging,5
eggs,5
arms,5
older,5
manly,5
résumé,5
mini,5
preside,5
victor,5
mustache,5
northwards,5
southwards,5
billionaire,5
conditional,5
guitarist,5
mathematician,5
CD-ROM,5
accountable,5
allege,5
anew,5
ashore,5
ass,5
axis,5
bait,5
ballot,5
bracket,5
brag,5
buddy,5
bumper,5
chairperson,5
clockwise,5
corps,5
deem,5
deficient,5
deficit,5
deteriorate,5
doom,5
dual,5
elite,5
foresight,5
freight,5
furnace,5
high-tech,5
horsepower,5
irrational,5
lass,5
maiden,5
marvel,5
narrate,5
nickel,5
obese,5
oversight,5
paperback,5
petroleum,5
petty,5
podcast,5
proficient,5
rug,5
silicon,5
staircase,5
stool,5
surge,5
thesis,5
transit,5
veteran,5
volt,5
ware,5
well-off,5
whisky,5
blink,5
colonel,5
deduction,5
desertification,5
eccentric,5
flick,5
fusion,5
giggle,5
gorge,5
heroism,5
horizontal,5
hover,5
intonation,5
limestone,5
maze,5
meander,5
miniature,5
overboard,5
paramount,5
piracy,5
practitioner,5
racism,5
reliability,5
sarcastic,5
stamina,5
sterile,5
tattoo,5
tramp,5
unpaid,5
vaccination,5
wharf,5
whereabouts,5
witch,5
annually,5
belonging,5
bossy,5
camper,5
celebrated,5
collaboration,5
contraction,5
diver,5
evaporate,5
existing,5
flatten,5
forgiveness,5
fringe,5
geographic,5
heated,5
highland,5
humidity,5
infinity,5
loom,5
mastery,5
measurable,5
middle-aged,5
moveable,5
registry,5
relieved,5
seeker,5
showcase,5
sighting,5
storyteller,5
suited,5
unpack,5
unsuccessful,5
dreamed,5
near-surface,5
reliance,5
chatter,5
unsuspecting,5
visiting,5
spotted,5
admittedly,5
withdrawn,5
self-belief,5
wide-ranging,5
flaming,5
unsure,5
absent-minded,5
lifeboat,5
symbolism,5
thought-provoking,5
ridden,5
loosely,5
Impressionism,5
persuasive,5
bookworm,5
bedside,5
respected,5
sticker,5
chosen,5
freshwater,5
environmentally,5
bothered,5
toughen,5
stricken,5
desperation,5
headphones,5
headstone,5
Bachelor,5
self-control,5
upcoming,5
terrace,5
postmen,5
accidentally,5
aerobic,5
aftershock,5
allied,5
amazingly,5
archaeological,5
attempted,5
awe-inspiring,5
bittersweet,5
blindly,5
blizzard,5
boyfriend,5
breathing,5
bureaucracy,5
called,5
capitalized,5
cheesecake,5
cinematic,5
clasp,5
coloring,5
colouring,5
companionship,5
compile,5
consistently,5
contributor,5
cosmetics,5
depressing,5
descriptive,5
desperately,5
detailed,5
sim,5
disinfect,5
drilling,5
empathize,5
encyclopaedia,5
endeavor,5
examinee,5
exposed,5
faintly,5
fictional,5
fingertip,5
follower,5
foolishly,5
forced,5
frosty,5
fruitless,5
gable,5
gentleness,5
habitable,5
handwritten,5
hazy,5
hearty,5
homemade,5
hourly,5
humbly,5
hypothetical,5
iconic,5
importantly,5
impressionist,5
inaction,5
informed,5
ivy,5
jobless,5
jolt,5
kayaking,5
knowingly,5
lacking,5
licensed,5
microorganism,5
mushy,5
negotiable,5
nobly,5
outstretched,5
overpass,5
overuse,5
peacekeeping,5
permanence,5
pessimist,5
PhD,5
photocopy,5
plainly,5
pottery,5
pouch,5
prejudiced,5
professionalism,5
prop,5
queer,5
quicken,5
racing,5
ranking,5
realism,5
reasonably,5
remarkably,5
renowned,5
retrain,5
screenwriter,5
secrecy,5
self-critical,5
selfie,5
semi-final,5
severely,5
shaving,5
shyly,5
skydiving,5
smoothly,5
sociologist,5
solitude,5
southeastern,5
starry,5
steely,5
storytelling,5
striker,5
supposing,5
surprisingly,5
Taoism,5
tenderness,5
threatening,5
touched,5
traveling,5
travelling,5
uncharted,5
upper-class,5
vocational,5
workaday,5
worrying,5
wrapping,5
living-room,5
aspirin,5
charitable,5
console,5
dishwasher,5
e-book,5
elastic,5
extinguisher,5
extravagant,5
fling,5
hatred,5
hazardous,5
hustle,5
impersonal,5
intellect,5
intrigue,5
livestock,5
paralyse,5
patrol,5
plow,5
quaint,5
radioactivity,5
rebellion,5
rehearsal,5
scrub,5
sentiment,5
smoky,5
snail,5
splendour,5
strand,5
succession,5
tiptoe,5
weatherman,5
yoghourt,5
adaptable,5
rosy,5
auxiliary,5
humankind,5
carelessness,5
economist,5
projector,5
apt,5
density,5
denial,5
conception,5
mute,5
bleak,5
morality,5
immortal,5
susceptible,5
ponder,5
paralyze,5
peep,5
rebellious,5
applicable,5
adhere,5
bizarre,5
cocaine,5
commemorate,5
heave,5
minimize,5
nitrogen,5
parasite,5
recipient,5
scenario,5
slam,5
stitch,5
temperament,5
stairs,5
gatekeeper,5
anytime,5
mouth-to-mouth,5
pencil-box,5
so-so,5
yo-yo,5
contributions,5
playroom,5
risen,5
punctuate,5
crutch,5
durability,5
lollipop,5
Eve,5
paid,5
hours,5
looks,5
PRC,5
Year!,5
Father,5
Wales,5
OK.,5
Castle,5
it?,5
starter,5
analyst,5
Eiffel,5
Alberta,5
Cathedral,5
Los,5
Angeles,5
Jan,5
mashed,5
Rio,5
Inner,5
Mongolia,5
fees,5
College,5
Republic,5
Belt,5
Initiative,5
grizzly,5
Vancouver,5
Cubism,5
Elizabeth,5
geyser,5
bungee,5
Marco,5
Polo,5
Congo,5
Curie,5
pull-up,5
diverge,5
dune,5
boiler,5
Mexican,5
hairy,5
Scottish,5
footsteps,5
DNA,5
Maori,5
paintbrush,5
vomit,5
full-time,5
cartoons,5
watched,5
stayed,5
washed,5
fries,5
D.C.,5
taller,5
bigger,5
beans,5
UN,5
you're,5
abacus,5
landmine,5
marker,5
donut,5
afternoon.,5
Would,5
woken,5
froze,5
algae,5
Mount,5
stunning,5
birds,5
cone,5
taken,5
showed,5
candies,5
nudge,5
pageant,5
beak,5
propulsion,5
mimic,5
Let's,5
yuan,5
trees,5
Art,5
"Yes,",5
playing,4
Station,4
Coca-Cola,4
implant,4
thoughtless,4
comes,4
poisoning,4
dwelling,4
growing,4
divided,4
imaginable,4
bitterness,4
snore,4
sportswear,4
shows,4
all-round,4
works,4
evening!,4
HB,4
Grace,4
P,4
Jill,4
Dave,4
Clark,4
Amy,4
Becky,4
Steve,4
Boston,4
Dean,4
Annie,4
Bell,4
laid,4
Clara,4
dealt,4
Paula,4
Alfred,4
Candy,4
Jerry,4
Emily,4
Marcus,4
Pam,4
CBA,4
Roy,4
Whitcomb,4
Judson,4
Ruby,4
Crum,4
Naismith,4
Stonehenge,4
Victor,4
Stoker,4
Men,4
Black,4
Penguins,4
Spider-Man,4
Carmen,4
Dan,4
Dervish,4
Cali,4
Lausanne,4
Maria,4
Sato,4
Lopez,4
Marc,4
LeBlanc,4
'd,4
Bert,4
Holly,4
Kevin,4
Carl,4
Orson,4
WildAid,4
Nature,4
Hayes,4
Luke,4
Griffin,4
Trent,4
Georgetown,4
swung,4
Greg,4
Mickey,4
Mouse,4
Walk,4
Ken,4
Nick,4
Judy,4
Mandy,4
Sandy,4
Cathy,4
Luther,4
Center,4
Monkey,4
Riding,4
Hood,4
southwestern,4
Sahara,4
Himalayas,4
Research,4
Beatles,4
Sawyer,4
Hall,4
Bird's,4
Nest,4
bamboos,4
oxen,4
sorts,4
flooded,4
going,4
sentenced,4
pairs,4
needless,4
numbers,4
brink,4
cats,4
dogs,4
lies,4
been,4
km,4
assert,4
filmmaker,4
oily,4
workman,4
confer,4
noticeboard,4
fore,4
radius,4
undone,4
adoption,4
school-leaver,4
mosque,4
northward,4
richness,4
aerial,4
aisle,4
bail,4
batch,4
bowel,4
bypass,4
cigaret,4
clear-cut,4
cohesion,4
commune,4
cracker,4
dent,4
dropout,4
forthcoming,4
gloom,4
gut,4
hereby,4
homosexual,4
hyphen,4
inflate,4
kin,4
landlady,4
layoff,4
marshal,4
massage,4
odor,4
odour,4
onward,4
overdue,4
peril,4
preach,4
ridicule,4
telecommunications,4
transcript,4
tumor,4
tumour,4
underdeveloped,4
wary,4
aboriginal,4
arena,4
biochemist,4
bonfire,4
bronchitis,4
by-product,4
catchy,4
consecutive,4
courtroom,4
decibel,4
dedicated,4
detour,4
flashback,4
granite,4
grove,4
handclap,4
impair,4
incense,4
millennium,4
organisational,4
outnumber,4
outpatient,4
overview,4
passbook,4
percussion,4
phonetics,4
poacher,4
premiere,4
punchline,4
rape,4
rattle,4
renaissance,4
repertoire,4
roadwork,4
sentimental,4
soundtrack,4
syndrome,4
thump,4
toil,4
tracksuit,4
transfusion,4
vault,4
vocal,4
watercolour,4
wavy,4
windsurfing,4
workaholic,4
workhouse,4
betrayal,4
bottled,4
comforting,4
concentrated,4
daring,4
diving,4
ecologist,4
empower,4
familiarity,4
hardwood,4
irrelevant,4
isolated,4
isolation,4
leafy,4
mediaeval,4
neighboring,4
nominate,4
offender,4
riches,4
rotate,4
schoolyard,4
shellfish,4
sunburn,4
tangled,4
winery,4
zoological,4
statesmen,4
sworn,4
swum,4
droplet,4
bullfighting,4
reproductive,4
conclusive,4
caretaker,4
polluted,4
tracking,4
far-reaching,4
withdrew,4
absorbing,4
self-focused,4
hanged,4
limiting,4
sought,4
weathercock,4
avoidable,4
spelt,4
spelled,4
outperform,4
scanner,4
decorative,4
deserved,4
reserved,4
originality,4
regretful,4
Medicine,4
Virtual,4
realisation,4
processor,4
underlined,4
pickpocket,4
refreshments,4
rented,4
regain,4
sufferer,4
heartbeat,4
unpredictable,4
expectant,4
dreamer,4
daydream,4
reaffirm,4
unsteady,4
grandchildren,4
achievable,4
acknowledgement,4
administrative,4
Acquired,4
Immune,4
Deficiency,4
Syndrome,4
airless,4
anti-,4
armed,4
ashy,4
auditory,4
avatar,4
awfully,4
awkwardly,4
bimonthly,4
blindness,4
booking,4
build-up,4
buyer,4
check-in,4
chili,4
chunk,4
clean-burning,4
cleverly,4
closely-knit,4
cloud-capped,4
clueless,4
cognition,4
colorless,4
colourless,4
combatant,4
commercialisation,4
conservationist,4
contentment,4
countable,4
depressive,4
differentiate,4
digitise,4
diligence,4
disheartened,4
disposable,4
disqualify,4
Ebola,4
effectiveness,4
encouraged,4
enormously,4
envelop,4
ethical,4
ethnically,4
exaggerated,4
examiner,4
faucet,4
finale,4
finely,4
firstly,4
flooding,4
formerly,4
freshly,4
freshness,4
game-changing,4
genuinely,4
geophysicist,4
grammatical,4
greedily,4
groundwork,4
half-marathon,4
holding,4
hopelessly,4
hugely,4
hurrah,4
illustrator,4
impossibility,4
incorporate,4
incubation,4
individually,4
inspired,4
joyous,4
just-me-ism,4
labour-saving,4
lazily,4
laziness,4
like-minded,4
lottery,4
max,4
mid-,4
migratory,4
misjudge,4
movable,4
nervously,4
noted,4
objectively,4
optimist,4
penniless,4
perception,4
periodically,4
permanently,4
Philosophy,4
placement,4
politeness,4
priceless,4
primate,4
proudly,4
purposeful,4
quotient,4
reasoning,4
repeated,4
residential,4
self-worth,4
simplified,4
single-minded,4
sleepless,4
socialise,4
southerner,4
standby,4
standout,4
starving,4
sympathise,4
tear-stained,4
tentatively,4
terrorism,4
thicken,4
thickness,4
thirdly,4
tiredness,4
towering,4
tragically,4
trilogy,4
uncontrolled,4
unexceptional,4
unseen,4
unusually,4
urgently,4
voter,4
waste-to-energy,4
wearable,4
webcam,4
wildly,4
wrinkled,4
wristband,4
chilly,4
affectionate,4
air-conditioned,4
anthropologist,4
atlas,4
borderline,4
boulevard,4
cram,4
curable,4
dissatisfy,4
distrust,4
divert,4
doze,4
e.g.,4
eh,4
everlasting,4
evoke,4
generator,4
glitter,4
goodby,4
graze,4
groan,4
hostage,4
idiot,4
immortality,4
inaccessible,4
inaccurate,4
indignation,4
inexact,4
intrinsic,4
intruder,4
ironical,4
lash,4
longevity,4
miraculous,4
modernize,4
monoxide,4
monstrous,4
naturalist,4
nonfiction,4
one-sided,4
paradise,4
peck,4
pixel,4
postmaster,4
precede,4
pullover,4
robin,4
sage,4
salesperson,4
sane,4
self-discipline,4
shaft,4
shatter,4
skier,4
slang,4
slum,4
specialized,4
specialty,4
spectacle,4
subconscious,4
sue,4
sunbathe,4
supervisor,4
telesurgery,4
televise,4
torn,4
tow,4
videotape,4
warship,4
whirl,4
aspiration,4
cynical,4
clinical,4
handmade,4
stupidity,4
airway,4
clarification,4
sizable,4
introductory,4
credibility,4
reproduction,4
coax,4
breach,4
attributive,4
trailer,4
impart,4
defer,4
cradle,4
magnify,4
correlate,4
democratic,4
dweller,4
modesty,4
naive,4
intimately,4
simultaneous,4
restraint,4
indicator,4
embody,4
satire,4
testify,4
ascertain,4
retort,4
swarm,4
notorious,4
metropolitan,4
stern,4
activate,4
tribute,4
thereafter,4
affirm,4
duplicate,4
successive,4
heighten,4
elevation,4
missionary,4
disclose,4
presumably,4
reassure,4
tricycle,4
diffuse,4
uphold,4
advent,4
begun,4
blaze,4
cluster,4
cosmic,4
cricket,4
despatch,4
exclusive,4
exquisite,4
fellowship,4
glide,4
grease,4
harassment,4
integral,4
intricate,4
irritate,4
manoeuvre,4
mechanism,4
molecule,4
Oct.,4
perish,4
poultry,4
puppet,4
racket,4
rash,4
relish,4
rim,4
selves,4
shove,4
simulate,4
sly,4
sponge,4
sprout,4
trim,4
tub,4
vowel,4
icon,4
emphases,4
fidelity,4
farmland,4
jumper,4
tryout,4
linked,4
moved,4
reasons,4
weekdays,4
hive,4
self-service,4
omelette,4
glasshouse,4
inability,4
birdcage,4
conceited,4
unmarried,4
miniskirt,4
stopwatch,4
cordless,4
vista,4
skipping,4
idol,4
diaper,4
torpedo,4
totem,4
trickle,4
catholic,4
locust,4
vanilla,4
nightclub,4
affairs,4
up.,4
Turkey,4
mascot,4
snorkel,4
hare,4
right.,4
Queen,4
Canberra,4
Forest,4
done!,4
pyjamas,4
hmm,4
A.,4
hippo,4
who's,4
unkind,4
sensibility,4
Seoul,4
Denmark,4
cypress,4
chiwen,4
Cairo,4
Birmingham,4
Northern,4
Anglo-Saxon,4
Hastings,4
Gogh,4
techno,4
bagpipes,4
Mozart,4
Las,4
Vegas,4
Logan,4
Mongolian,4
Peking,4
gumbo,4
nachos,4
Golden,4
Gate,4
1,4
Typhoon,4
GPS,4
Roderick,4
Fleming,4
Florence,4
Nightingale,4
Newton,4
Princeton,4
Melbourne,4
Circle,4
Dollywood,4
Bulgaria,4
Andrews,4
Halifax,4
Edmonton,4
Ontario,4
Lawrence,4
two-dimensional,4
Leonardo,4
da,4
Vinci,4
Michelangelo,4
Mother,4
Snow,4
Pass,4
composed,4
Liberation,4
Katrina,4
good-tempered,4
Ernest,4
imagery,4
billy,4
Moon,4
blurred,4
Hugo,4
Award,4
didgeridoo,4
Aborigine,4
Bondi,4
Bay,4
Islands,4
submersible,4
Robin,4
cardiac,4
Ghana,4
flea,4
rocks,4
jaguar,4
impostor,4
head-on,4
castles,4
Celtic,4
infamy,4
pagoda,4
decode,4
sushi,4
Germanic,4
inductive,4
scarfs,4
Mar.,4
charged,4
faced,4
north-west,4
south-west,4
sandstorm,4
genetically,4
black-and-white,4
Austria,4
penfriend,4
taking,4
Peace,4
heartbroken,4
gloves,4
songs,4
Tree,4
Planting,4
visited,4
danced,4
started,4
things,4
aren't,4
lights,4
ice-skate,4
yum,4
Emma,4
Oscar,4
Milky,4
Way,4
brightness,4
School,4
cookbook,4
playwright,4
goodness!,4
dumplings,4
blew,4
carried,4
U.S.,4
Statue,4
Liberty,4
Anne,4
morning.,4
She,4
Are,4
Let,4
old.,4
oops,4
teahouse,4
babysit,4
shaken,4
biggest,4
grapes,4
cabbages,4
sandals,4
fairytale,4
freckle,4
Venus,4
Harbour,4
flown,4
eaten,4
forgotten,4
seen,4
shown,4
B,4
capitalist,4
migrant,4
Negro,4
tweet,4
where's,4
doesn't,4
shouldn't,4
taikonaut,4
hurdles,4
fought,4
chap,4
caterpillar,4
elements,4
thistle,4
hoof,4
Dipper,4
mischievous,4
wasp,4
melancholy,4
wretch,4
shun,4
artisan,4
mound,4
mulberry,4
jay,4
pictorial,4
cyclone,4
subdue,4
vol.,4
I'll,4
superpower,4
drawn,4
Maths,4
Welcome,4
collects,4
stamps,4
mindset,3
reconsider,3
overreact,3
Valentine's,3
life-saving,3
activities,3
Cindy,3
Dale,3
S,3
M,3
L,3
CCTV,3
Gina,3
day!,3
time!,3
drums,3
Rick,3
Molly,3
Julie,3
Joe,3
Jeff,3
Johnny,3
Jackson,3
Dickens,3
Scrooge,3
Jacob,3
Marley,3
overslept,3
Malaysian,3
Weld,3
Quay,3
Penang,3
Teenager,3
Tara,3
Nelly,3
Eliza,3
Vera,3
Dennis,3
Idol,3
America's,3
China's,3
Walt,3
Minnie,3
Steamboat,3
Willie,3
Andy,3
Hemingway,3
Kelly,3
Old,3
Ted,3
Vince,3
Steen,3
Jake,3
Karen,3
Mills,3
Hunt,3
breaks,3
Nancy,3
Aron,3
Ralston,3
Utah,3
Mario,3
Jimmy,3
Allen,3
Alabama,3
Animal,3
Helpline,3
Claudia,3
Sleeping,3
Beauty,3
Cinderella,3
Hansel,3
Gretel,3
Tenzing,3
Norgay,3
Edmund,3
Hillary,3
Junko,3
Tabei,3
Caspian,3
Yellow,3
Dynasty,3
Chengdu,3
Base,3
Alex,3
Garth,3
Brooks,3
Treasure,3
Wonderland,3
Women,3
Twist,3
Robinson,3
Crusoe,3
Harry,3
Potter,3
Nashville,3
Tennessee,3
Country,3
Toilets,3
Hangzhou,3
Tea,3
Cruise,3
Southeast,3
Night,3
Safari,3
x-ray,3
yin,3
yang,3
lioness,3
equipped,3
bits,3
"in,",3
jot,3
seeing,3
chances,3
oldest,3
letterbox,3
puts,3
passerby,3
packed,3
diction,3
quarterly,3
cleanly,3
undress,3
drunken,3
possessor,3
untie,3
ace,3
aftermath,3
authorise,3
banknote,3
battalion,3
biotechnology,3
bitch,3
broker,3
buck,3
buckle,3
cholesterol,3
Confucian,3
cornerstone,3
cosmos,3
dispatch,3
dime,3
disintegrate,3
enlist,3
erode,3
err,3
fuck,3
gravitation,3
invariably,3
gaol,3
know-how,3
loophole,3
Medicare,3
middle-class,3
nude,3
paddy,3
payroll,3
shit,3
skyline,3
statute,3
take-off,3
vendor,3
watertight,3
webcast,3
avenge,3
beholder,3
brimful,3
ceremonial,3
coma,3
commentary,3
crunch,3
curtsy,3
disconnect,3
droop,3
entice,3
excavate,3
extraterrestrial,3
figurative,3
filthy,3
foreground,3
futurology,3
gleam,3
glossy,3
improvise,3
inescapable,3
inhospitable,3
inquisitive,3
intestine,3
molten,3
rivalry,3
secretive,3
shipyard,3
soundproof,3
stupefied,3
tranquil,3
twitch,3
underway,3
warden,3
wariness,3
whisker,3
broadcasting,3
caregiver,3
clearing,3
clutch,3
congregate,3
disadvantaged,3
exotic,3
finalise,3
focused,3
grower,3
homeowner,3
inactive,3
madness,3
matching,3
metropolis,3
misread,3
newborn,3
Norwegian,3
operating,3
outgrow,3
parkland,3
planning,3
predictor,3
provider,3
randomly,3
restful,3
retiree,3
round-trip,3
showy,3
stately,3
subscription,3
tug,3
uncommon,3
universally,3
unlimited,3
volatile,3
businessmen,3
chairmen,3
saleswomen,3
swore,3
swelled,3
unreliable,3
recyclable,3
spotless,3
styling,3
infamous,3
simple-minded,3
forbade,3
believer,3
leaky,3
shady,3
real-life,3
symbolise,3
baseline,3
landfall,3
approachable,3
functional,3
bathing,3
effortless,3
speciality,3
appointed,3
modern-day,3
impressionism,3
approving,3
disapproving,3
supportive,3
finishing,3
shaky,3
understandable,3
admirer,3
voicemail,3
mournful,3
privileged,3
attainment,3
ruined,3
struck,3
foresaw,3
foreseen,3
paper-cutting,3
improper,3
fishermen,3
salesmen,3
ably,3
academically,3
adequately,3
affordably,3
ageing,3
aimlessly,3
alarmed,3
anticipation,3
apologetic,3
artificially,3
assuming,3
attached,3
blacken,3
bravely,3
bridal,3
brilliantly,3
capitalize,3
charger,3
cleverness,3
coincident,3
coldly,3
colored,3
confidently,3
continuation,3
coughing,3
cruelly,3
dangerously,3
deafen,3
deserving,3
disciplined,3
discouraging,3
dishearten,3
distracted,3
distributor,3
downy,3
dreadful,3
dressing,3
efficiently,3
emotionally,3
enhanced,3
essentially,3
established,3
overestimate,3
ex-,3
expected,3
faultless,3
fighting,3
financially,3
forefront,3
fulfillment,3
generously,3
geometric,3
gladly,3
glee,3
hard-wired,3
hooked,3
horribly,3
hurriedly,3
ideally,3
industrialise,3
inefficient,3
infected,3
innocently,3
justified,3
lawful,3
legally,3
madly,3
mindful,3
minded,3
nicely,3
non-fiction,3
northerner,3
noway,3
oft,3
orally,3
outsource,3
painfully,3
passing,3
peacefully,3
pensive,3
pi,3
playful,3
powerfully,3
predictable,3
preoccupied,3
previously,3
progression,3
ranger,3
re-,3
recognised,3
recollection,3
refillable,3
refreshed,3
resolutely,3
richly,3
rightly,3
roadworks,3
secretly,3
shadowy,3
shameless,3
sincerity,3
socially,3
solely,3
sparkling,3
spoiled,3
steamer,3
stimulation,3
stony,3
strategic,3
structural,3
sufficiency,3
surfer,3
talker,3
technically,3
toughness,3
troubled,3
uncritically,3
unintentionally,3
unwillingly,3
vale,3
visualise,3
visualize,3
weakly,3
welcoming,3
winding,3
wired,3
wrapper,3
wrongly,3
customize,3
accelerator,3
amphibian,3
antipollution,3
artifact,3
bison,3
botanist,3
brigade,3
cappuccino,3
cardiovascular,3
cheetah,3
childbirth,3
clump,3
coffin,3
colonial,3
commentator,3
co-worker,3
cub,3
culinary,3
dazzle,3
delta,3
disagreeable,3
discreet,3
dishonour,3
dismay,3
disorderly,3
disturbed,3
ecotourism,3
elapse,3
furious,3
gasp,3
globalize,3
groom,3
harpoon,3
hitech,3
honk,3
humiliate,3
imposing,3
interconnect,3
legitimate,3
litterbin,3
midst,3
mingle,3
mourning,3
mow,3
newsagent,3
pajamas,3
pickup,3
plumb,3
poke,3
powerless,3
respondent,3
sanitation,3
self-assessment,3
sensational,3
shopper,3
shrub,3
sibling,3
smuggle,3
sophomore,3
spacesuit,3
sprinkle,3
stationary,3
stereo,3
stiffly,3
storekeeper,3
sturdy,3
surgical,3
temperate,3
transformer,3
tuck,3
tumble,3
unidentified,3
underlie,3
unnoticed,3
unruly,3
wade,3
wither,3
Centigrade,3
depiction,3
affectionately,3
birthright,3
affirmative,3
standardise,3
chaotic,3
appetizing,3
advisory,3
preventive,3
complementary,3
specialisation,3
consistency,3
instinctive,3
severity,3
canny,3
steamy,3
manipulation,3
blunt,3
segregate,3
linger,3
avail,3
fabulous,3
dwell,3
sensation,3
liability,3
grieve,3
unsolved,3
ignite,3
superstition,3
prone,3
mortal,3
expire,3
manifest,3
indulge,3
ingenious,3
recur,3
vulgar,3
constrain,3
coincide,3
cultivation,3
judicial,3
outrage,3
indignant,3
fraud,3
perplex,3
dubious,3
scorn,3
radiate,3
radiant,3
perpetual,3
sanction,3
warrant,3
denounce,3
subsidy,3
shrewd,3
reactor,3
offspring,3
detach,3
articulate,3
despise,3
suppress,3
preceding,3
precedent,3
predecessor,3
successor,3
concession,3
entail,3
locality,3
resemblance,3
conversely,3
conversion,3
inscribe,3
reappear,3
legislation,3
complement,3
conviction,3
cripple,3
disposition,3
embryo,3
emigrate,3
exceedingly,3
generalize,3
hose,3
humid,3
illiterate,3
indicative,3
instrumental,3
inverse,3
juvenile,3
kidney,3
locomotive,3
Marxist,3
metric,3
mischief,3
mock,3
modernization,3
oar,3
optical,3
pant,3
query,3
reproach,3
republican,3
saddle,3
shilling,3
siren,3
solitary,3
stalk,3
summon,3
supersonic,3
tech,3
tempo,3
vanity,3
whatsoever,3
archive,3
mediate,3
Swedish,3
yen,3
doctor's,3
groups,3
fifties,3
up?,3
undivided,3
beancurd,3
heartache,3
unjust,3
postbox,3
pretence,3
bathrobe,3
battleground,3
bedclothes,3
midautumn,3
unequal,3
credible,3
tax-free,3
troops,3
boon,3
inclusion,3
astrologer,3
earthworm,3
fermentation,3
graft,3
grout,3
inherently,3
nanotechnology,3
salvage,3
theorem,3
unarmed,3
upmarket,3
windshield,3
gale,3
gruel,3
lagoon,3
fitting,3
marked,3
reduced,3
accepted,3
degrees,3
face-to-face,3
seems,3
points,3
So,3
?,3
You'd,3
home-made,3
phew,3
whiteboard,3
Stand,3
tummy,3
up!,3
Bunny,3
telly,3
Native,3
campsite,3
hiding,3
Be,3
cardigan,3
is.,3
Hawaii,3
horrify,3
freezer,3
fatty,3
fragrance,3
immature,3
aggress,3
supporting,3
forgettable,3
ladybird,3
attracted,3
Chicago,3
Neuschwanstein,3
Peru,3
Andes,3
Inca,3
Empire,3
Machu,3
Picchu,3
Cusco,3
Titicaca,3
Uros,3
Ecuador,3
Memphis,3
Colombo,3
Sri,3
Lanka,3
Sumatra,3
Chandra,3
Theeravit,3
FIFA,3
Aswan,3
Dam,3
UNESCO,3
Kremlin,3
Saint,3
Basil's,3
Web,3
Tchamani,3
Normans,3
Battle,3
Van,3
Emerald,3
Isle,3
Whitacre,3
Nevada,3
Lux,3
Aurumque,3
UNICEF,3
Coming-of-Age,3
La,3
Tomatina,3
Buñol,3
Naadam,3
Autonomous,3
Region,3
Medical,3
Wenhai,3
Scholarship,3
OB-GYN,3
Congress,3
Napa,3
Valley,3
Mission,3
Richmond,3
Tin,3
Bank,3
Canton,3
Portsmouth,3
Louis,3
Stevenson,3
Sputnik,3
USSR,3
Yuri,3
Gagarin,3
Neil,3
Armstrong,3
NASA,3
Voyager,3
Soyuz,3
Challenger,3
Jade,3
Rabbit,3
Goni,3
Adams,3
Phantom,3
Reid,3
Todd,3
Portia,3
Langham,3
Hitler,3
Elon,3
Musk,3
SARS,3
Amish,3
Sami,3
Sarek,3
Rapa,3
Siberian,3
inferences,3
Albania,3
comprised,3
LED,3
DDT,3
Victoria,3
non-Newtonian,3
Jet,3
Propulsion,3
Laboratory,3
Hoyle,3
Aisha,3
braised,3
Anthelme,3
Brillat-Savarin,3
Kazak,3
Louise,3
Jasper,3
Winnipeg,3
Butchart,3
Gardens,3
Quebec,3
Montreal,3
Jean-Philippe,3
Nova,3
Scotia,3
IV,3
CPR,3
Heimlich,3
Ages,3
Giotto,3
di,3
Bondone,3
Masaccio,3
Raphael,3
Rembrandt,3
Claude,3
Monet,3
Renoir,3
Giverny,3
Tadpoles,3
Searching,3
Cowboy's,3
Flute,3
Feeling,3
Clearing,3
After,3
Aristotle,3
Lao,3
Zi,3
Svalbard,3
Hurricane,3
Perce,3
Blackborow,3
Orde-Lees,3
Worsley,3
Crean,3
Hubert,3
Hudson,3
Lionel,3
Greenstreet,3
Crescent,3
Tagore,3
Barrett,3
Sonnets,3
Portuguese,3
Langston,3
Hughes,3
Asimov,3
Belmont,3
Gladys,3
Claffern,3
Braille,3
Three-Body,3
Problem,3
sulphuric,3
manuka,3
geothermal,3
haka,3
Edmonds,3
Felicity,3
Tasmanian,3
Tasmania,3
duck-billed,3
platypus,3
Ceylon,3
Churchill,3
Ferdinand,3
Magellan,3
Zac,3
Sunderland,3
Papua,3
Guinea,3
Panama,3
drawers,3
categorise,3
Communist,3
Manifesto,3
Olivia,3
PETS,3
dandy,3
sari,3
tiramisu,3
Austrian,3
concerto,3
Polish,3
brushwork,3
walks,3
trill,3
unconstrained,3
unforgiving,3
humility,3
bobsleigh,3
genome,3
fail-safe,3
immersive,3
fine-tune,3
state-of-the-art,3
blooming,3
fiddle,3
Clovis,3
scarfpin,3
encode,3
quo,3
concisely,3
intimidating,3
irresponsible,3
crises,3
piles,3
standardize,3
applied,3
attacker,3
delegation,3
doorstep,3
downhill,3
firewall,3
short-term,3
Jan.,3
Feb.,3
Jun.,3
Jul.,3
Aug.,3
Sept.,3
Nov.,3
Dec.,3
fortieth,3
fiftieth,3
sixtieth,3
seventieth,3
eightieth,3
ninetieth,3
Madame,3
efforts,3
steps,3
appearances,3
Belgium,3
E-mail,3
Achilles',3
bestseller,3
unexplained,3
north-east,3
raised,3
modified,3
Inuit,3
intervals,3
charts,3
buffalo,3
Council,3
antibiotic,3
nicotine,3
Organization,3
butterflies,3
sanitary,3
atmospheric,3
bible,3
bony,3
Amsterdam,3
sewing,3
Academy,3
Hamlet,3
sit-up,3
Jordan,3
Nelson,3
Mandela,3
Seattle,3
Goodall,3
watering,3
watching,3
CN,3
Eye,3
models,3
campfire,3
RSVP,3
studies,3
younger,3
shorter,3
heavier,3
smaller,3
Wood,3
Lily,3
Davis,3
Welles,3
'n',3
ballad,3
Jesus,3
forgiven,3
Williams,3
teens,3
aha,3
Mid-autumn,3
opening-up,3
homelessness,3
remarry,3
walker,3
English-speaking,3
Lynn,3
Steven,3
Kim,3
name?,3
My,3
And,3
welcome!,3
He,3
metres,3
tall.,3
You,3
problem.,3
Birthday!,3
Bus,3
Turn,3
so.,3
going?,3
baking,3
Maddy,3
pod,3
blown,3
wishes,3
All,3
well.,3
Debbie,3
seedling,3
When,3
Mediterranean,3
U.S.A.,3
dropped,3
peppers,3
karate,3
fruits,3
cookies,3
developer,3
Oxford,3
Bund,3
Edison,3
rediscover,3
ballroom,3
offering,3
motorist,3
racer,3
IOC,3
students,3
fires,3
carton,3
bachelor's,3
master's,3
doping,3
Saturn,3
knew,3
Dutch,3
aimed,3
exams,3
sitting,3
Help,3
Walkman,3
alphabetical,3
displease,3
especial,3
exclusion,3
intolerant,3
worsen,3
ooh,3
not?,3
weren't,3
wasn't,3
sweets,3
here's,3
sights,3
sodium,3
double-decker,3
downstream,3
linguistics,3
landowner,3
shawl,3
triathlon,3
chum,3
staunch,3
cat's,3
knighthood,3
embroidery,3
gallop,3
stinky,3
oolong,3
pizzeria,3
plank,3
asthma,3
backflip,3
dazzling,3
poutine,3
stand-by,3
wig,3
emotive,3
rye,3
laureate,3
intoxicate,3
tactile,3
morsel,3
spiker,3
podium,3
crouch,3
finch,3
iguana,3
comb-like,3
fungus,3
fungal,3
permafrost,3
mirror-like,3
narcissist,3
obsessive,3
righteous,3
predicament,3
repulsive,3
hunched,3
downtrodden,3
crimson,3
sedately,3
code-name,3
ammunition,3
dire,3
daunting,3
fortify,3
shirk,3
crowning,3
agile,3
squeak,3
tendon,3
mutt,3
positronic,3
termite,3
promenade,3
biomimicry,3
echo-location,3
superficially,3
alabaster,3
tinge,3
moribund,3
throb,3
catbird,3
wren,3
gypsy,3
posthumous,3
primeval,3
moderator,3
detox,3
procrastination,3
unprecedentedly,3
recital,3
reconstruction,3
pictograph,3
confederate,3
consecrate,3
hallow,3
detract,3
parakeet,3
floral,3
vertebrate,3
baboon,3
racoon,3
vexed,3
instinctively,3
grotto,3
ceramics,3
stratagem,3
entrepreneurial,3
afloat,3
toddler,3
megadrought,3
delve,3
shipwreck,3
barreleye,3
rekindle,3
simulated,3
conceivably,3
subatomic,3
this?,3
meals,3
lifeguard,3
rearrange,3
bead,3
disregard,3
architectural,3
imprison,3
jealousy,3
lamppost,3
outlive,3
boots,3
great!,3
timing,3
mistook,3
sung,3
childlike,3
duckling,3
vice-president,3
evening.,3
again!,3
today?,3
slippers,3
sneakers,3
"No,",3
sank,3
sunk,3
arose,3
arisen,3
windows,3
rebuilt,3
ridded,3
sewed,3
shrunk,3
children's,2
cards,2
Apple,2
Pay,2
WeChat,2
sister-in-law,2
wallpaper,2
Independence,2
Labour,2
fateful,2
sheltered,2
unplanned,2
sleeper,2
drumbeat,2
programs,2
after-class,2
infrequent,2
J.K.Rowling,2
God,2
Yin,2
Yang,2
Madam,2
baths,2
skis,2
loaves,2
abide,2
confined,2
drafted,2
whispers,2
fours,2
eyebrows,2
limits,2
eldest,2
statistician,2
erg,2
duple,2
distinguishable,2
absolve,2
append,2
wrest,2
pre-,2
wane,2
aide,2
animate,2
aristocrat,2
Euro,2
homo,2
inwards,2
mechanize,2
mechanise,2
oftentimes,2
accomplished,2
added,2
bodily,2
catering,2
cocktail,2
controller,2
conversational,2
courier,2
cross-country,2
dealing,2
downside,2
earthen,2
forbidding,2
friendliness,2
imperfection,2
inspirational,2
likable,2
memoir,2
metaphorical,2
nonprofit,2
open-ended,2
ostensibly,2
overjoyed,2
paintball,2
plaza,2
preschool,2
raspberry,2
reset,2
server,2
standing,2
supplier,2
supposedly,2
tamer,2
treasury,2
unworthy,2
businesswomen,2
chairwomen,2
curricula,2
housewives,2
spokeswomen,2
stateswomen,2
uphill,2
customary,2
borrower,2
homestay,2
playgoer,2
sceptic,2
skeptic,2
tracker,2
high-speed,2
knowing,2
finder,2
dietary,2
trusting,2
buried,2
unsatisfied,2
see-saw,2
birdwatching,2
taster,2
space-age,2
adaptive,2
helpline,2
Traditional,2
pointed,2
pointless,2
headlight,2
proven,2
capitalism,2
admiring,2
AR,2
Augmented,2
MR,2
Mixed,2
pressing,2
cheater,2
turnover,2
intolerable,2
self-respect,2
finalize,2
shotgun,2
achiever,2
earner,2
rolling,2
broadcaster,2
forecasted,2
unwanted,2
hurtful,2
postgraduate,2
duty-free,2
rightful,2
occurred,2
passers-by,2
spokesmen,2
handkerchiefs,2
handkerchieves,2
adopted,2
aging,2
allowable,2
alternatively,2
archeological,2
archeologist,2
B.C.E.,2
belted,2
betting,2
breathlessly,2
broadly,2
capitalise,2
capitalised,2
carefulness,2
C.E.,2
challenged,2
cheerfully,2
cloudless,2
coincidental,2
coldness,2
colorfully,2
colourfully,2
columnist,2
commercialization,2
considerately,2
constructive,2
continued,2
contractor,2
controlled,2
critically,2
curved,2
developmental,2
diarrhea,2
difficultly,2
digitize,2
dimensional,2
discoverer,2
divorced,2
dreadfully,2
drinker,2
economically,2
educationalist,2
energetically,2
energise,2
enthusiastically,2
feathered,2
fiercely,2
flagship,2
flavouring,2
focussed,2
folding,2
globally,2
hopelessness,2
humanism,2
industrialisation,2
insulting,2
investor,2
labor-saving,2
logically,2
manufacturing,2
marcher,2
materially,2
memorisation,2
microblogging,2
morally,2
mounting,2
nobility,2
ordered,2
outsider,2
painless,2
passively,2
personalize,2
pleasantly,2
preferably,2
preferred,2
purposely,2
resolved,2
respectfully,2
rudely,2
satisfactorily,2
selfishly,2
selfishness,2
sexually,2
silky,2
skilfully,2
socialize,2
spacious,2
spiritually,2
spoilt,2
stillness,2
stimulating,2
straightforwardly,2
striped,2
structured,2
stupidly,2
sweetly,2
swelling,2
symbolically,2
t'ai,2
thrower,2
tonne,2
toughly,2
trading,2
truthfully,2
twisted,2
unbalanced,2
unfairly,2
unfairness,2
upsetting,2
usefully,2
variously,2
competency,2
Okay,2
replay,2
acceleration,2
aflame,2
Aids,2
allergy,2
alumni,2
ancestral,2
appetizer,2
aquatic,2
arctic,2
assault,2
aubergine,2
bounty,2
bricklayer,2
BS,2
butler,2
cactus,2
cannonball,2
centenarian,2
cheeseburger,2
childishness,2
cloakroom,2
commencement,2
cosmetic,2
crossbar,2
crystallography,2
den,2
deterioration,2
discus,2
distracting,2
distressing,2
dribble,2
duster,2
eclipse,2
elevated,2
empathic,2
endearing,2
et,2
cetera,2
evacuation,2
eyelash,2
faithless,2
fleeting,2
flit,2
folder,2
frantically,2
frustrating,2
funfair,2
gem,2
grindstone,2
grit,2
grumble,2
gush,2
gutted,2
healthcare,2
helix,2
homecoming,2
housekeeper,2
hurdling,2
imaging,2
inappropriate,2
indigo,2
inertia,2
inevitably,2
infrared,2
inlay,2
inlet,2
interdependence,2
interface,2
IQ,2
ironically,2
itinerary,2
loathe,2
loft,2
lush,2
Martian,2
meow,2
merchandise,2
merciless,2
metallic,2
millisecond,2
miraculously,2
miserably,2
mob,2
multiculturalism,2
multimedia,2
nag,2
nanny,2
nestle,2
neurosurgeon,2
nobleman,2
orchid,2
outbound,2
overpopulation,2
pasta,2
pathetic,2
pauper,2
peek,2
peninsula,2
pep,2
plaque,2
poo,2
portal,2
raging,2
ransom,2
reminisce,2
replicate,2
resonance,2
rumbling,2
savoury,2
schoolhouse,2
serving,2
shortcake,2
shortsighted,2
shovel,2
silkworm,2
skydive,2
sleek,2
slideshow,2
slingshot,2
snowflake,2
soundness,2
sparkly,2
stammer,2
stance,2
superhighway,2
synthesizer,2
Tanzanian,2
terrier,2
theatrical,2
themed,2
therapist,2
thoroughbred,2
twine,2
typography,2
ufo,2
undying,2
unseat,2
upwind,2
urbanization,2
utensil,2
varsity,2
vent,2
vodcast,2
voiced,2
watchman,2
womanhood,2
finite,2
dramatist,2
erroneous,2
indifference,2
census,2
verdict,2
hasty,2
impatience,2
reign,2
sovereign,2
sovereignty,2
agitate,2
sanity,2
unhelpful,2
blunder,2
reconcile,2
serial,2
contrive,2
default,2
discern,2
indecent,2
undesirable,2
designate,2
monotonous,2
expenditure,2
commonsense,2
specification,2
alternate,2
arrogant,2
responsive,2
plight,2
unqualified,2
compensation,2
premium,2
extravagance,2
luxurious,2
formidable,2
plausible,2
dictator,2
simultaneously,2
abound,2
redundant,2
exemplify,2
terminate,2
cultivated,2
hospitality,2
oriental,2
feeble,2
contestant,2
prestige,2
esteem,2
hamper,2
affiliate,2
fabricate,2
monopoly,2
monopolize,2
monopolise,2
glowing,2
flare,2
aggravate,2
analogy,2
analogue,2
hoist,2
permeate,2
turbulent,2
thrift,2
marital,2
scrutiny,2
plea,2
plead,2
tactic,2
authoritative,2
array,2
aggressor,2
scholarly,2
assimilate,2
impartial,2
apprehend,2
indefinite,2
instantaneous,2
captive,2
intent,2
distort,2
torment,2
repress,2
ancestry,2
devalue,2
educationist,2
eloquent,2
eminent,2
stroll,2
eject,2
futile,2
maximize,2
negligible,2
diversion,2
prospective,2
speculation,2
conspicuous,2
preclude,2
transient,2
detain,2
reclaim,2
confession,2
multitude,2
prevalent,2
infuse,2
predominant,2
insulate,2
bribery,2
alloy,2
amend,2
analytic,2
appraisal,2
aspire,2
assassinate,2
avert,2
bewilder,2
cape,2
casualty,2
coalition,2
commend,2
connexion,2
conquest,2
courtesy,2
crust,2
cylinder,2
daunt,2
decimal,2
deduct,2
diminish,2
doctrine,2
edible,2
endow,2
epoch,2
feat,2
feminine,2
formulae,2
fume,2
gauge,2
generalise,2
henceforth,2
heroin,2
hormone,2
hypothesis,2
immerse,2
inherent,2
inhibit,2
innumerable,2
intersection,2
intimidate,2
intuition,2
invert,2
irrespective,2
isle,2
jug,2
lad,2
latent,2
linear,2
liner,2
lure,2
malignant,2
meadow,2
meditate,2
mercury,2
merge,2
minimise,2
modernisation,2
module,2
moisture,2
monetary,2
mosaic,2
mutter,2
neutron,2
nominal,2
nostalgic,2
novelty,2
nurture,2
oath,2
obedience,2
obsession,2
obstruct,2
orthodox,2
overlap,2
overturn,2
pasture,2
petition,2
pharmacy,2
pilgrim,2
porch,2
portray,2
premise,2
propel,2
prophet,2
prototype,2
quart,2
quiver,2
rake,2
redeem,2
reed,2
reel,2
reflexion,2
refuge,2
rein,2
remainder,2
revolt,2
royalty,2
salvation,2
scrap,2
seam,2
shear,2
shorthand,2
shutter,2
slack,2
slaughter,2
slot,2
sober,2
soluble,2
spectrum,2
spiral,2
spokesperson,2
stagger,2
stairway,2
strenuous,2
sulfur,2
sulphur,2
symmetry,2
tan,2
tangle,2
tanker,2
texture,2
thermal,2
thigh,2
thorn,2
toxic,2
tropic,2
velocity,2
velvet,2
virgin,2
voltage,2
watt,2
withhold,2
zeal,2
algorithm,2
imminent,2
mentor,2
warranty,2
beeper,2
healthily,2
mid-autumn,2
one-way,2
1970s,2
secrets,2
left-wing,2
right-wing,2
smoke-free,2
adventuress,2
jaw-dropping,2
gauze,2
decker,2
dustman,2
strategist,2
strategical,2
strategically,2
walkman,2
multifunction,2
multifunctional,2
seasoning,2
ground-breaking,2
broken-hearted,2
service-charge,2
shortwave,2
handtruck,2
recordholder,2
manatee,2
pimple,2
named,2
someplace,2
supplied,2
separated,2
events,2
settled,2
hopes,2
fields,2
sounds,2
demands,2
requirements,2
Games,2
lines,2
else's,2
That,2
house-warming,2
MS,2
sportsperson,2
Help!,2
"hip,",2
wham,2
croak,2
hamster,2
Sit,2
down.,2
chewing,2
Hurry,2
uh,2
Hands,2
pony,2
auntie,2
hood,2
Loch,2
Ness,2
superstar,2
night.,2
weightless,2
heartless,2
warmly,2
helpfully,2
inflexible,2
nervousness,2
industrious,2
trying,2
mattress,2
tolerable,2
subscriber,2
urgency,2
scientifically,2
impractical,2
included,2
dynamics,2
abruptly,2
respecting,2
inventive,2
11,2
Shacklton,2
losing,2
scenes,2
wonders,2
touches,2
brazil,2
fingertips,2
glued,2
Sichuan,2
volumes,2
goalposts,2
strikes,2
lengths,2
weeds,2
bases,2
roofs,2
mouses,2
Apr.,2
relays,2
matters,2
Department,2
Obstetrics,2
Gynecology,2
Huron,2
cardiopulmonary,2
resuscitation,2
Public,2
Test,2
System,2
weight-loss,2
Bigfoot,2
Shennongjia,2
white-water,2
rafting,2
mountaintop,2
Saxon,2
high-class,2
true-to-life,2
airfield,2
tricks,2
anti-smoking,2
Olympia,2
heavyweight,2
3-D,2
built-in,2
powder-free,2
white-flag,2
low-carbon,2
stand-up,2
little-known,2
deep-breathing,2
foolishness,2
official-looking,2
empty-handed,2
goodwill,2
Brit,2
boomerang,2
Goodwill,2
Ambassador,2
someone's,2
horse-drawn,2
Prime,2
Minister,2
user-friendly,2
newsflash,2
condemned,2
Impressionist,2
top-ranking,2
full-length,2
concubine,2
Pakistan,2
Kenya,2
Indonesian,2
elf,2
Buddha,2
problem-solving,2
HIV,2
over-the-counter,2
Ltd,2
smartly,2
correctional,2
downsize,2
pane,2
providing,2
pregnancy,2
Vatican,2
mitzvah,2
de,2
Janeiro,2
Bruce,2
Championships,2
Finland,2
Namibia,2
Shackleton,2
Elephant,2
Francis,2
Juliet,2
ALS,2
Ice,2
sub-zero,2
amounts,2
plants,2
listening,2
feeding,2
5th,2
12th,2
twenty-fifth,2
jumped,2
listened,2
Stone,2
gifts,2
careful!,2
toys,2
collecting,2
we'll,2
1st,2
2nd,2
3rd,2
4th,2
20th,2
21st,2
twenty-third,2
23rd,2
30th,2
thinner,2
stronger,2
Ella,2
WHO,2
re,2
Mapo,2
Pauline,2
Coco,2
Flora,2
Baker,2
Rowling,2
Auld,2
Lang,2
Syne,2
Kitty,2
spellbind,2
Samuel,2
Noah,2
midwestern,2
Houston,2
catfish,2
rapids,2
yak,2
farmyard,2
nationalism,2
Gandhi,2
Youth,2
League,2
anti-black,2
amber,2
Czar,2
Athens,2
PDA,2
android,2
millipede,2
choral,2
karaoke,2
tadpole,2
Christopher,2
rosebud,2
magpie,2
stir-fry,2
scurvy,2
rickets,2
Florida,2
fathom,2
nightfall,2
Bang,2
weightlessly,2
Rocky,2
Quaker,2
chimp,2
Gombe,2
Charlie,2
Chaplin,2
Ahmed,2
unspoken,2
modelled,2
joust,2
co-operative,2
Thames,2
Buckingham,2
sth,2
mildly,2
char,2
ointment,2
mosquitoes,2
mosquitos,2
sci-fi,2
crosswalk,2
Labor,2
untidy,2
film-maker,2
pity!,2
kimono,2
"Washington,",2
homeroom,2
teacup,2
later.,2
he?,2
she?,2
OK?,2
Do,2
job!,2
there?,2
luck!,2
Sports,2
countries,2
done.,2
work!,2
eggshell,2
Keller,2
Sullivan,2
lied,2
makes,2
Tess,2
Zeke,2
Sandra,2
Rex,2
Krista,2
One,2
please!,2
crossing.,2
blocks,2
SOS,2
Owen,2
bunny,2
Desert,2
praises,2
problems,2
Frisbee,2
medication,2
snowmobile,2
self-confidence,2
mammoth,2
sap,2
rhinoceros,2
Gobi,2
Barrier,2
Reef,2
whodunit,2
symmetrical,2
happened,2
hamburgers,2
ostrich,2
iced,2
mushrooms,2
onions,2
carrots,2
sweatpants,2
skid,2
juggler,2
helped,2
talked,2
tallest,2
shortest,2
smallest,2
longest,2
studying,2
mitten,2
incorporated,2
Harvard,2
Oriental,2
Pearl,2
shame!,2
runny,2
earphone,2
lunchtime,2
Heaven,2
increasing,2
parlour,2
End,2
Broadcasting,2
Corporation,2
mini-skirt,2
You've,2
there.,2
Jennifer,2
Sun,2
Jamie,2
Open,2
Madrid,2
breakdance,2
Swan,2
tango,2
mane,2
elegantly,2
loch,2
phoenix,2
Ricky,2
Manchester,2
Auckland,2
Wellington,2
Hyde,2
present-day,2
over-fishing,2
snowboarding,2
snowrafting,2
non-smoking,2
G.K.Chesterton,2
groceries,2
paparazzi,2
Committee,2
self-employed,2
ex-husband,2
multi-cultural,2
ashtray,2
Lennon,2
Liverpool,2
details,2
vitae,2
Laurence,2
hotpot,2
2D,2
2-dimensional,2
booze,2
triathlete,2
asteroid,2
cutlery,2
bio-technology,2
janitor,2
sprightly,2
jocund,2
bliss,2
betterment,2
resilience,2
omega,2
high-definition,2
Max,2
intensify,2
instructions,2
surrounded,2
required,2
Arts,2
Master,2
MA,2
VIP,2
resources,2
boiled,2
sorry.,2
Of,2
course.,2
advancement,2
audio-visual,2
blacksmith,2
B.S.,2
dynamite,2
E-book,2
enlargement,2
hovercraft,2
illegible,2
insecticide,2
steamship,2
townsman,2
accompaniment,2
airliner,2
cocoon,2
creek,2
doughnut,2
duel,2
emigrant,2
fertilization,2
flyer,2
ginger,2
hobbyist,2
incomparable,2
inferiority,2
italic,2
itch,2
materialism,2
minimal,2
mountaineer,2
regularity,2
tutorial,2
uppermost,2
uranium,2
aah,2
whoops,2
miaow,2
you'll,2
watches,2
stories,2
couldn't,2
painted,2
tied,2
Oh,2
dear!,2
didn't,2
wouldn't,2
haven't,2
hasn't,2
studied,2
ugh,2
festive,2
dodo,2
clam,2
incorrectly,2
potassium,2
magnesium,2
zinc,2
crucible,2
tongs,2
cannabis,2
shoplifting,2
saxophone,2
cosmonaut,2
fiancé,2
rotating,2
sutra,2
hydro-electric,2
spaceport,2
doormat,2
salaam,2
Hindu,2
neurone,2
bioinformatician,2
pathologist,2
firearm,2
borough,2
confiscate,2
ibis,2
Orientation,2
wi-fi,2
horses,2
fingers,2
lips,2
ships,2
Gregorian,2
Goldbach's,2
Conjecture,2
Tube,2
heart's,2
boxes,2
Poet,2
Laureate,2
strains,2
expectations,2
uncomplicated,2
solutions,2
boa,2
constrictor,2
finances,2
chacma,2
reunited,2
Apsaras,2
Taoist,2
Ching,2
Analects,2
Sinologist,2
waters,2
instantaneously,2
ice-skating,2
shh,2
Shall,2
statistical,2
footnote,2
restart,2
jogger,2
accordion,2
prepay,2
planner,2
eater,2
unbroken,2
easterner,2
fishy,2
fishery,2
airsickness,2
bust,2
communal,2
untouched,2
habitual,2
picky,2
windmill,2
insistence,2
killer,2
reposition,2
unsatisfactory,2
postwar,2
dependable,2
positively,2
feeder,2
gatherer,2
cheerleader,2
fatten,2
canopy,2
auditor,2
washer,2
unlock,2
popularize,2
victorious,2
bellow,2
extremity,2
brook,2
unwrap,2
diversify,2
telecommunication,2
leisurely,2
woolly,2
emergence,2
soloist,2
makeup,2
milligram,2
molecular,2
pier,2
glorify,2
literate,2
miser,2
lime,2
mediator,2
pail,2
painkiller,2
Polynesian,2
proceeding,2
stimulant,2
stimulus,2
synonym,2
tickle,2
yacht,2
crook,2
irresistible,2
laborious,2
mare,2
metabolism,2
misquote,2
mistrust,2
overpower,2
ripple,2
rotary,2
saliva,2
scorch,2
sideline,2
soothe,2
spout,2
squash,2
stepbrother,2
streamer,2
swirl,2
underscore,2
Don't,2
Take,2
hairpin,2
ponytail,2
aborigine,2
apostrophe,2
boiling,2
chiefly,2
degrade,2
evenly,2
fearsome,2
firefly,2
first-rate,2
foreword,2
freshen,2
gravel,2
immobile,2
impulsive,2
incurable,2
inexperienced,2
insider,2
irreplaceable,2
judo,2
keeping,2
laden,2
lizard,2
maize,2
malnutrition,2
mustn't,2
neigh,2
operable,2
optic,2
p,2
prune,2
ramble,2
sapling,2
sash,2
shrunken,2
shudder,2
sleigh,2
spinach,2
sprint,2
there's,2
unofficial,2
unused,2
unwise,2
uproot,2
we're,2
chromosome,2
"Fine,",2
Hello.,2
e-friend,2
quack,2
"fine,",2
thanks.,2
twenty-eight,2
smiling,2
Studies,2
spaceman,2
Winter,2
me!,2
Math,2
films,2
articular,2
intersect,2
cockney,2
textiles,2
splendor,2
Hi.,2
Goodbye!,2
Look!,2
Ha!,2
Great!,2
Hello!,2
Thanks.,2
Anything,2
idea!,2
tomorrow.,2
Not,2
wept,2
ideas,2
feelings,2
sweeping,2
answering,2
planting,2
come?,2
e-pal,2
plays,2
likes,2
jumps,2
runs,2
dances,2
stones,2
cooks,2
washes,2
draws,2
writes,2
surfs,2
BRT,2
Rapid,2
Transit,2
watered,2
pets,2
emails,2
animals,2
stores,2
personalization,2
Mom,2
adaption,2
organizational,2
awoke,2
awoken,2
bitten,2
forgave,2
sewn,2
shaved,2
shaven,2
shrank,2
sowed,2
sown,2
tore,2
undertook,2
undertaken,2
south-east,2
fancied,2
slid,2
Taishan,2
pencil-case,2
forgiving,1
AV,1
HD,1
registered,1
earth's,1
forty-two,1
unfreeze,1
regulations,1
low-cost,1
carotenoid,1
antioxidant,1
build-it-yourself,1
unreachable,1
heaven-sent,1
solving,1
expectedly,1
POS,1
undiscovered,1
hunter-gatherer,1
self-checkout,1
slowness,1
au,1
self-study,1
replica,1
storeroom,1
diseases,1
uninvited,1
disused,1
brew,1
wrongdoer,1
adobe,1
annoyingly,1
searching,1
falling,1
brother-in-law,1
daughter-in-law,1
stepfather,1
overeating,1
self-conscious,1
Fool's,1
Teacher's,1
goodnight,1
clouds,1
overlearn,1
monkey-pox,1
unintended,1
beautician,1
bartender,1
processing,1
washing-machine,1
higher,1
between-class,1
performing,1
step-mother,1
decorated,1
honored,1
bridges,1
deeds,1
plans,1
needn't,1
abreast,1
resumé,1
quizzes,1
accounting,1
airing,1
bathed,1
bidder,1
catcher,1
childcare,1
co-author,1
compassionate,1
conditioned,1
confirmed,1
conflicting,1
coworker,1
crescent,1
decidedly,1
displeased,1
footpath,1
globalisation,1
graded,1
haven,1
healing,1
homemaker,1
in-depth,1
in-person,1
intellectualize,1
juicer,1
lowland,1
marmalade,1
masterwork,1
medicinal,1
messaging,1
modeling,1
mother-in-law,1
mountainside,1
newness,1
non-native,1
onboard,1
one-off,1
onetime,1
openness,1
overbook,1
overeat,1
papers,1
policymaker,1
powerhouse,1
reaches,1
readout,1
reconnect,1
removed,1
renewal,1
roasting,1
salesclerk,1
scheduled,1
self-reflection,1
shelve,1
sliced,1
specifics,1
undoing,1
unimaginable,1
viewership,1
wonderment,1
workable,1
zookeeper,1
curriculums,1
undid,1
tops,1
feedbag,1
pricey,1
battleship,1
ripeness,1
driveway,1
preventative,1
all-time,1
onstage,1
midterm,1
dividing,1
half-time,1
round-up,1
long-distance,1
hotspot,1
affected,1
misinformation,1
bouncy,1
rewound,1
decision-maker,1
purposeless,1
quitted,1
on-board,1
eventful,1
founded,1
leakage,1
burner,1
misspell,1
sealed,1
reportage,1
methodical,1
raising,1
onlooker,1
look-see,1
finalist,1
matchbox,1
bather,1
guardian,1
mousetrap,1
matter-of-fact,1
practised,1
practiced,1
tights,1
wake-up,1
Supreme,1
Court,1
carry-on,1
conveyor,1
explanatory,1
proved,1
sponsorship,1
piecework,1
beheld,1
becoming,1
turnaround,1
open-air,1
sacrificial,1
supermodel,1
midway,1
eco-friendly,1
rudeness,1
obtainable,1
troublemaker,1
trouble-free,1
roughen,1
transparency,1
destroyer,1
win-win,1
copyist,1
predictive,1
longtime,1
shortlist,1
cross-examine,1
double-check,1
runaway,1
managerial,1
treasured,1
seamen,1
pianos,1
blinding,1
booster,1
bottomless,1
calligrapher,1
Compact,1
Disc,1
comprehensively,1
connectedness,1
dismissive,1
dominating,1
domination,1
dynamism,1
engaging,1
enhancement,1
estimation,1
facilitation,1
facilitator,1
flavored,1
flavoured,1
follow-up,1
frankness,1
goalpost,1
highlighter,1
inquiring,1
enquiring,1
insightful,1
massively,1
memorization,1
neighbouring,1
objectivity,1
oddly,1
overly,1
personalise,1
Ph.D.,1
ready-made,1
recognized,1
responsibly,1
steaming,1
stuffed,1
sufficiently,1
territorial,1
thirstily,1
abdominal,1
alpine,1
anon,1
anthem,1
arcade,1
arid,1
assistive,1
audiovisual,1
autobiographical,1
baked,1
barcode,1
barefoot,1
barge,1
bearded,1
bellboy,1
bewildered,1
big-ticket,1
boar,1
bouquet,1
boutique,1
breeder,1
butt,1
cantankerous,1
cartilage,1
cello,1
cellist,1
chapel,1
chauffeur,1
churn,1
clad,1
clinch,1
clippers,1
commendation,1
compelling,1
compulsion,1
continually,1
counsellor,1
courteous,1
cranberry,1
cubism,1
dating,1
datum,1
decathlon,1
deceptive,1
depletion,1
disuse,1
domestically,1
dominance,1
doomed,1
duly,1
eco-tourist,1
ecstasy,1
e-learning,1
elective,1
estuary,1
evaluative,1
exploitation,1
falter,1
favoured,1
fearfully,1
fend,1
ferryboat,1
florist,1
footage,1
fundamentally,1
genus,1
gripping,1
groundbreaking,1
growl,1
gubernatorial,1
habitant,1
haggle,1
handicapped,1
hath,1
hereditary,1
hobo,1
horrified,1
hula,1
hydraulic,1
illiteracy,1
impairment,1
indifferently,1
infrastructural,1
insuperable,1
interplanetary,1
intervening,1
jellyfish,1
joyfully,1
lee,1
lifeline,1
luncheon,1
malarial,1
malfunction,1
merchandiser,1
merrily,1
mutilate,1
navigable,1
neon,1
nibble,1
nondestructive,1
optimal,1
overfish,1
overlapping,1
panicky,1
parasailing,1
pawnshop,1
pearly,1
peg,1
phantom,1
phonetic,1
plankton,1
polytechnic,1
portrayal,1
Zip,1
Code,1
prehistory,1
premature,1
principled,1
pro-environment,1
promptly,1
prospectus,1
puberty,1
radiocarbon,1
rancid,1
ratify,1
reassess,1
received,1
ringtone,1
sanitizer,1
scam,1
scattered,1
self-motivated,1
selling,1
shoreline,1
sighted,1
solstice,1
sonar,1
spa,1
spank,1
speedboat,1
squeal,1
stacks,1
stalwart,1
stealth,1
stewed,1
stink,1
stubbornly,1
stunt,1
suitably,1
supplementary,1
temp,1
terracotta,1
tiller,1
trendsetter,1
trilby,1
trilithon,1
tum,1
twitter,1
unceasing,1
uncomprehending,1
unrealistic,1
unregulated,1
unscripted,1
untag,1
vending,1
vigilant,1
villain,1
visuals,1
vulnerability,1
walkathon,1
weakling,1
well-built,1
well-dressed,1
well-educated,1
well-kept,1
well-lit,1
whoop,1
witchcraft,1
workroom,1
conceivable,1
idleness,1
scarcity,1
lameness,1
hasten,1
hindrance,1
advocation,1
brilliance,1
barbarian,1
barbarous,1
unrelated,1
democratism,1
compliance,1
desirability,1
deliberation,1
deliberative,1
liberalism,1
schema,1
intensively,1
injurious,1
puzzlement,1
subtly,1
subtlety,1
debtor,1
debtee,1
alteration,1
alternation,1
naively,1
naivety,1
letters,1
blight,1
alight,1
displacement,1
superstitious,1
extravagantly,1
renovation,1
spiteful,1
mortality,1
ceaseless,1
flourishing,1
strikingly,1
radically,1
radicalism,1
racist,1
rationalization,1
adjoin,1
adjoining,1
edict,1
abdicate,1
restrained,1
self-restrained,1
gambler,1
extrinsic,1
demonstration,1
diagnosis,1
diagnostic,1
terminator,1
satirize,1
satirical,1
resentful,1
resentment,1
hostility,1
unprivileged,1
penalize,1
well-noted,1
executor,1
executioner,1
dishonorable,1
dishonourable,1
dishonor,1
unfashionable,1
defender,1
outrageous,1
humiliating,1
humiliation,1
perplexed,1
detest,1
formalize,1
formalise,1
well-informed,1
ill-informed,1
paragon,1
fabrication,1
unveil,1
disgraceful,1
glowingly,1
radiator,1
inhabitable,1
mourner,1
analogous,1
permeation,1
brute,1
turbulence,1
economize,1
economise,1
suburbanization,1
worshiper,1
sophisticate,1
crafty,1
retribution,1
decelerate,1
exsert,1
insertion,1
certified,1
certification,1
digress,1
assimilation,1
assimilative,1
comprehensible,1
contemptuous,1
procreate,1
procreative,1
tact,1
uncountable,1
conformity,1
competently,1
incapability,1
capacious,1
contravene,1
contraband,1
counteract,1
counterbalance,1
countermand,1
criminalist,1
criminalistic,1
criminalistics,1
tortuous,1
contort,1
contortionist,1
extort,1
extortion,1
compressible,1
oppression,1
oppressive,1
decisively,1
undervalue,1
uneducated,1
enlightened,1
recruiter,1
validate,1
validity,1
allocation,1
disorganized,1
speculative,1
speculator,1
individualist,1
individualistic,1
subcommittee,1
ascribe,1
motionless,1
dismissal,1
submissive,1
omission,1
permissive,1
inconsistent,1
presumption,1
presumptively,1
presumptuous,1
assuredly,1
self-assured,1
wholesale,1
retailer,1
bankruptcy,1
disruption,1
declaim,1
identifiable,1
defection,1
disaffect,1
disaffected,1
effectuate,1
intimidation,1
prevailing,1
profoundly,1
diffusion,1
insulation,1
boldness,1
exploratory,1
abdomen,1
accommodations,1
adjacent,1
adverse,1
aesthetic,1
esthetic,1
air-conditioning,1
alienate,1
allegiance,1
amiable,1
amidst,1
amplify,1
anguish,1
antenna,1
appal,1
appall,1
archeology,1
artery,1
audit,1
augment,1
aural,1
benign,1
beware,1
bibliography,1
brace,1
brisk,1
cannon,1
cardinal,1
censorship,1
chancellor,1
clergy,1
cloak,1
cohesive,1
commonwealth,1
compartment,1
composite,1
conspiracy,1
constituent,1
contemplate,1
converge,1
cordial,1
corrode,1
credential,1
credentials,1
culprit,1
cunning,1
databank,1
debut,1
deceit,1
degenerate,1
denote,1
deplore,1
desolate,1
deviate,1
dilute,1
discourse,1
discrepancy,1
disperse,1
dissipate,1
distill,1
dividend,1
divine,1
ebb,1
embark,1
embed,1
empirical,1
enclosure,1
endorse,1
entity,1
envisage,1
escalate,1
escort,1
evade,1
exempt,1
fantastical,1
feudal,1
fiscal,1
flatter,1
fracture,1
franchise,1
freelance,1
fuse,1
glamor,1
glamour,1
grim,1
grope,1
surmise,1
guild,1
hemisphere,1
herald,1
hierarchy,1
hinge,1
hitherto,1
homogeneous,1
hound,1
huddle,1
hurl,1
hypocrisy,1
hysterical,1
ideology,1
impetus,1
inaugurate,1
incidentally,1
incur,1
indexes,1
indices,1
inhale,1
instal,1
intelligible,1
intercourse,1
interim,1
intermittent,1
inventory,1
jargon,1
jolly,1
lapse,1
lateral,1
layman,1
levy,1
linen,1
linguistic,1
lofty,1
lubricate,1
lumber,1
magistrate,1
maneuver,1
masculine,1
massacre,1
memoranda,1
menace,1
militant,1
moan,1
mobilize,1
mobilise,1
momentum,1
narrative,1
necessitate,1
normalization,1
normalisation,1
notwithstanding,1
nuclei,1
numerical,1
obsolete,1
offset,1
okey,1
opaque,1
optimum,1
outfit,1
overhaul,1
pact,1
pamphlet,1
panorama,1
parameter,1
patron,1
pendulum,1
periodical,1
persecute,1
gasolene,1
plaintiff,1
plumber,1
pope,1
portfolio,1
mailman,1
pretext,1
proceedings,1
propaganda,1
prudent,1
psychiatry,1
qualitative,1
quantitative,1
recede,1
reciprocal,1
reckless,1
rectify,1
refute,1
regime,1
rehearse,1
remnant,1
repel,1
repression,1
resolute,1
resultant,1
retention,1
retrieve,1
retrospect,1
rigorous,1
robust,1
ruthless,1
salient,1
saturate,1
shipment,1
snobbish,1
stagnant,1
statical,1
streamline,1
strife,1
suffice,1
superfluous,1
symposium,1
synthesis,1
syntheses,1
tariff,1
theses,1
threshold,1
throne,1
tilt,1
torrent,1
transcend,1
treason,1
trolly,1
tropics,1
turmoil,1
unanimous,1
underlying,1
valve,1
ventilate,1
verge,1
vicinity,1
vicious,1
void,1
wedge,1
whiskey,1
wholesome,1
wink,1
wrench,1
aggregate,1
albeit,1
align,1
bolster,1
brevity,1
concurrent,1
configuration,1
contingent,1
convene,1
coronavirus,1
culminate,1
cumulative,1
demographic,1
deplete,1
deploy,1
deter,1
discrete,1
discretion,1
elicit,1
equity,1
facet,1
inflict,1
invoke,1
jurisdiction,1
lawsuit,1
lucrative,1
mandate,1
overt,1
paradigm,1
plagiarism,1
propagate,1
protocol,1
proximate,1
quarantine,1
resilient,1
rhetoric,1
stagnate,1
stipulate,1
surveillance,1
temporal,1
variance,1
viable,1
whereby,1
meridiem,1
co-operate,1
bleat,1
earlier,1
half-way,1
playhouse,1
roller-skating,1
showery,1
two-story,1
undersea,1
lived,1
dining-room,1
pen-friend,1
turnoff,1
jawbone,1
keyhole,1
kick-start,1
overbite,1
runner-up,1
run-down,1
sexy,1
unspecific,1
emigration,1
appraise,1
brokenhearted,1
bureaucrat,1
easygoing,1
snackbar,1
idealist,1
letter-box,1
questions,1
universities,1
introduced,1
joined,1
measured,1
treated,1
flames,1
God's,1
changed,1
good-for-nothing,1
days,1
followed,1
reported,1
rooms,1
arrangements,1
On,1
",",1
sands,1
airs,1
performances,1
self-trust,1
phrases,1
"know,",1
"see,",1
photographs,1
pills,1
tens,1
students',1
golfer,1
newsletter,1
yippee,1
yuk,1
heeheehee,1
abracadabra,1
hooray!,1
yoyo,1
Argentina,1
dotted,1
budgie,1
cornflakes,1
Puma,1
Ranch,1
Yours,1
flipper,1
lolly,1
Nintendo,1
huh,1
grandad,1
jet-ski,1
snorkelling,1
sheriff,1
Really?,1
ICT,1
towers,1
Mayflower,1
kingfisher,1
riverbank,1
Tiger,1
celery,1
corn-on-the-cob,1
grains,1
footballer,1
Nottingham,1
Sherwood,1
Spiderman,1
Dunvegan,1
Edinburgh,1
Glasgow,1
Nessie,1
Zoo,1
dice,1
fete,1
atishoo,1
quiet.,1
blazer,1
Bless,1
tock,1
L.,1
Lakers,1
what?,1
go!,1
wolfie,1
doggie,1
rock'n'roll,1
familiarize,1
repairable,1
repairer,1
relator,1
bearable,1
exceptive,1
hind,1
gladness,1
gladden,1
unwillingness,1
voluntarily,1
connections,1
rectangular,1
brains,1
ugliness,1
scolding,1
helplessly,1
worktop,1
weaver,1
tasteful,1
wildness,1
heaviness,1
awkwardness,1
unaccustomed,1
motorcyclist,1
emotionless,1
wanderer,1
snowfall,1
uptown,1
investigator,1
catastrophic,1
ashes,1
unease,1
dampen,1
emergent,1
unambiguous,1
forcefully,1
stylish,1
vocable,1
selected,1
arc,1
extracurriculum,1
theoretically,1
dynast,1
imaginatively,1
statist,1
mutually,1
robotic,1
attainable,1
existent,1
gratify,1
donator,1
plasticity,1
quickness,1
Achilles,1
sb's,1
astonishingly,1
agriculturalist,1
appendices,1
appendixes,1
magnifier,1
jewelery,1
heroes,1
sizeable,1
specialization,1
crafts,1
aggressively,1
aggressiveness,1
cleanup,1
cold-blooded,1
dampness,1
sleepiness,1
ninety-one,1
ninety-first,1
seated,1
Cheer,1
extremes,1
couples,1
difficulties,1
occurs,1
packs,1
scissor,1
categories,1
lay-off,1
meritorious,1
Yeti,1
Angle,1
Conquest,1
tae,1
kwon,1
power-free,1
relations,1
crosstalk,1
Brunei,1
end-of-term,1
Nunavut,1
Kakado,1
Polynesia,1
Rotura,1
Plains,1
salicylic,1
acupuncturist,1
melodie,1
thou,1
thee,1
bonnie,1
somebody's,1
Portugal,1
Lebanon,1
sporting,1
Colosseum,1
Angkor,1
Wat,1
Cambodia,1
Turk,1
tulip,1
fraternity,1
Scot,1
seedless,1
trustworthy,1
reddish,1
biblical,1
Hebrew,1
Afghanistan,1
centred,1
Ethiopia,1
headlines,1
Nigeria,1
repayment,1
hydroelectricity,1
Costa,1
Rica,1
Midwestern,1
Romany,1
Gypsy,1
fortune-telling,1
unprotected,1
downer,1
LSD,1
abuser,1
forces,1
Intellectual,1
Property,1
glamorous,1
well-paid,1
cast-iron,1
self-confident,1
investigative,1
Limited,1
allowances,1
self-educated,1
pocket-sized,1
informer,1
pre-owned,1
room-mate,1
allusion,1
catch-22,1
unbeatable,1
Herculean,1
Samaritan,1
Biblical,1
brutality,1
cartoonist,1
cell-phone,1
coinage,1
congressional,1
elimination,1
haunch,1
heiress,1
institutional,1
knowhow,1
telescopic,1
uninformed,1
Peabody,1
Eleanor,1
Forum,1
Coliseum,1
Sistine,1
Chapel,1
Shannon,1
coming-of-age,1
Jugendfeier,1
quinceanera,1
Guru,1
semi-,1
Lizzie,1
fullest,1
sockencranz,1
diagnosed,1
Reed,1
Macintosh,1
Woz,1
NeXT,1
Whole,1
Catalog,1
anti-malarial,1
Tu,1
Youyou,1
Physiology,1
Book,1
Songs,1
Ge,1
Eastern,1
Jin,1
putonghua,1
Literature,1
Carnegie,1
fat-free,1
sanitiser,1
DDS,1
Dental,1
Surgery,1
Cochrane,1
Ricardo,1
Vidal,1
Gonzalez,1
Mayo,1
Clinic,1
Parkinson's,1
Vincent,1
Dylan,1
Hunza,1
Caucasus,1
Okinawa,1
Joao,1
Dindim,1
galette,1
des,1
rois,1
Programs,1
Office,1
globalise,1
Louisiana,1
Beckham,1
Jules,1
Mel,1
Hannah,1
Jess,1
Attenborough,1
Dacher,1
Keltner,1
Salty,1
Winnie,1
Serbian,1
herd-boy,1
Darwin,1
Orange,1
County,1
whaling,1
Chilean,1
Endurance,1
Weddell,1
Ross,1
sea-sick,1
solar-powered,1
roof-top,1
easy-care,1
Qinghai-Tibet,1
Plateau,1
make-believe,1
Rosalind,1
Franklin,1
King's,1
Maurice,1
Wilkins,1
Crick,1
Aboriginal,1
Charlemagne,1
Kuuk,1
Thaayorre,1
Lund,1
MRI,1
Northwestern,1
Alzheimer's,1
empathise,1
Bucket,1
Challenge,1
Journal,1
Consumer,1
drive-through,1
Rincon,1
Alpine,1
first-aid,1
Caroline,1
Philippines,1
Hopper,1
non-profit,1
Mangkhut,1
Briton,1
bund,1
hot-dog,1
ok,1
playtime,1
crayons,1
10th,1
25th,1
climbed,1
rowed,1
drinks,1
15th,1
Potala,1
Queen's,1
raccoon,1
moose,1
English-Chinese,1
Information,1
Centre,1
ledge,1
Mogao,1
Caves,1
jigsaw,1
puzzles,1
erasers,1
Dear,1
pipa,1
apples,1
having,1
BDS,1
Munich,1
Alaska,1
Papa,1
Westray,1
smarter,1
faster,1
Turpan,1
licked,1
laughed,1
teacher's,1
Finnish,1
Timo,1
Halla,1
Helsinki,1
kilos,1
CPC,1
Founding,1
hundredth,1
thousandth,1
millionth,1
aster,1
J.K.,1
togetherness,1
Times,1
Sham,1
El-Nessim,1
déjà,1
vu,1
universes,1
mix-up,1
J.,1
K.,1
Margot,1
Johnson,1
Webster,1
Lori,1
Texas,1
Buford,1
Lester,1
Mekong,1
Laos,1
Laotian,1
selflessly,1
Mohandas,1
Elias,1
Johannesburg,1
ANC,1
Robben,1
Transkei,1
Cape,1
Town,1
Taj,1
Mahal,1
Frederick,1
Prussia,1
Petersburg,1
Catherine,1
Königsberg,1
Baltic,1
Leningrad,1
Windsor,1
Hasek,1
Czech,1
Hans,1
Braun,1
Petrov,1
Johann,1
Webber,1
Pausanias,1
Atalanta,1
Hippomenes,1
Babbage,1
Turing,1
Nagoya,1
Daisy,1
Zimbabwe,1
Milu,1
Mauritius,1
Colobus,1
Monkees,1
Freddy,1
Obon,1
Trinidad,1
Hari,1
woven,1
Twain,1
Hannibal,1
Missouri,1
Mississippi,1
Huckleberry,1
Finn,1
Langhorne,1
Clemens,1
Horace,1
Calgary,1
stampede,1
Thunder,1
Superior,1
State,1
Joan,1
Arc,1
Fry,1
Welfare,1
Institute,1
Jody,1
soyabean,1
Edward,1
Lear,1
worn-out,1
Sherlock,1
Holmes,1
Garcia,1
Akira,1
Nagata,1
Aziz,1
Darlene,1
Coulon,1
Camelot,1
Merlin,1
Wizard,1
Futuroscope,1
T-Rex,1
Nicolaus,1
Copernicus,1
Heathrow,1
Avon,1
Severn,1
Midlands,1
Paul's,1
Westminster,1
Abbey,1
Greenwich,1
Highgate,1
Cemetery,1
etc,1
sprained,1
Casey,1
Janson,1
Slade,1
Southerton,1
spilt,1
spilled,1
leapt,1
leaped,1
Soviet,1
Socialist,1
Republics,1
Aeronautics,1
Administration,1
positioning,1
"Educational,",1
Scientific,1
Cultural,1
WWW,1
aquariums,1
aquaria,1
light-emitting,1
diode,1
braille,1
Mister,1
Cuba,1
snowmen,1
mouths,1
bow-wow,1
workbook,1
Lost,1
Found,1
townhouse,1
farmhouse,1
biogas,1
best-known,1
maglev,1
planter,1
kowtow,1
hard-wearing,1
brainstorm,1
redesign,1
Civil,1
jeweled,1
freestyle,1
Jamaican,1
scrapbook,1
papa,1
redwood,1
rostrum,1
light-colored,1
reflector,1
curry,1
slurp,1
cold-colored,1
catwalk,1
cheongsam,1
western-style,1
erhu,1
Slow,1
wins,1
race.,1
cried,1
Hope,1
Freddie,1
Workers',1
aachoo,1
takeout,1
P.S.,1
Rover,1
tablecloth,1
Heidi,1
moo,1
fine.,1
"you,",1
guessing,1
colours,1
see?,1
feel?,1
stomachache.,1
headache.,1
Time,1
breakfast?,1
me?,1
buy?,1
order?,1
do?,1
42,1
Go,1
street.,1
lights.,1
Yes?,1
noises,1
Come,1
on!,1
weather?,1
Boxing,1
date?,1
holidays?,1
Terra,1
Cotta,1
Warrior,1
Goose,1
Pagoda,1
yay,1
hand-made,1
Dora,1
Monica,1
Greenwood,1
Glen,1
Riverside,1
High,1
Alicia,1
therein,1
Aaron,1
surfboard,1
Dena,1
Morin,1
pow-wow,1
rights,1
toot,1
photos!,1
fights,1
G'day,1
mates!,1
waves,1
First,1
Sara,1
aching,1
appendicitis,1
planetary,1
woodcutter,1
dived,1
Chip,1
milkweed,1
titanic,1
Danielle,1
peacemaker,1
Fear,1
Theory,1
Relativity,1
Hybrid,1
Rice,1
T.B.,1
Anti-Japanese,1
Honesty,1
policy.,1
billions,1
neither.,1
Secretary-General,1
Security,1
Agency,1
earliest,1
falls,1
Benny,1
Cox,1
Patrick,1
Grant,1
fitted,1
yearbook,1
Lucas,1
Jeremy,1
hoverboard,1
transporter,1
misspelled,1
peas,1
minutes,1
"noise,",1
ready!,1
heights,1
Grandpa,1
best-built,1
pleasure.,1
Most-Improved,1
Student,1
Practice,1
perfect.,1
Tai,1
Chi,1
budding,1
babysat,1
groundhog,1
compost,1
egret,1
Zoe,1
long-eared,1
jerboa,1
long-nosed,1
mzee,1
banking,1
desk-cycle,1
thumbs-up,1
Mariana,1
Akia,1
Bosphorous,1
Groundhog,1
"joking,",1
Fools',1
seconds,1
Every,1
sides.,1
for?,1
point.,1
thirds,1
Lakes,1
Marshall,1
Neva,1
Oba,1
Karla,1
Kylie,1
Pele,1
Betty,1
Etta,1
Diffo,1
Nan,1
firemen,1
dreams,1
allowed,1
chores,1
slightest,1
sth.'s,1
routes,1
roughneck,1
hippopotamus,1
wildebeest,1
tern,1
salmon,1
flamingo,1
camouflage,1
snout,1
musher,1
ATV,1
all-terrain,1
clarinet,1
Pirates,1
Caribbean,1
vulture,1
V-shaped,1
Mayan,1
woodcarving,1
Baikal,1
Elbrus,1
Asiatic,1
lynx,1
casino,1
Formula,1
Grand,1
Prix,1
hatchery,1
wiry,1
megacity,1
floodgate,1
ultramarathon,1
paraskiing,1
Socotra,1
Siberia,1
Trans-Siberian,1
Etosha,1
waterhole,1
Chile,1
inhabited,1
cadmium,1
Uzbekistan,1
Kazakhstan,1
Oakland,1
hedgehog,1
Barcelona,1
Belgian,1
Syria,1
Iraq,1
Istanbul,1
modernism,1
grounds,1
Versailles,1
Oklahoma,1
re-enter,1
ventilation,1
helium,1
pacific,1
Ann,1
Mocky,1
Uncle,1
Booky,1
octopus,1
eggplants,1
patted,1
handlebars,1
self-driving,1
puddle,1
trashcan,1
juggle,1
wanted,1
passed,1
looked,1
coughed,1
decided,1
checked,1
heaviest,1
youngest,1
thinnest,1
traveled,1
firefighting,1
fast-food,1
Arsenal,1
Fragrant,1
Hills,1
Heaven's,1
subtitle,1
how-to,1
continuing,1
adding,1
earmuff,1
Wristies,1
popsicle,1
headband,1
typesetting,1
braid,1
voting,1
co-founder,1
inc.,1
bluntly,1
first-ever,1
seeding,1
Rockets,1
Rookie,1
Month,1
All-star,1
Silk,1
Macau,1
cameraman,1
speeches,1
horse-riding,1
weightlifting,1
horse-rider,1
weightlifter,1
pyjama,1
Pyramids,1
Maikhao,1
Monster,1
LCD,1
e-ticket,1
decision-making,1
starfruit,1
good-looking,1
great-grandpa,1
great-grandma,1
inheritance,1
dressmaker,1
Ingrid,1
Bergman,1
Nemo,1
Bridget,1
Octopus,1
Pat,1
Yat-sen,1
Roberts,1
Blackwell,1
Serena,1
Richard,1
Brandi,1
Bailey,1
Reeve,1
Dana,1
Eva,1
Alison,1
Kathleen,1
Barbara,1
Atlanta,1
DC,1
Streams,1
lowdown,1
Wimbledon,1
Real,1
Romeo,1
BMW,1
Bavarian,1
Motor,1
Works,1
Pentagon,1
Angela,1
Rosseto,1
Anderson,1
Turner,1
Alanis,1
Morissette,1
Tchaikovsky,1
Pablo,1
Wassily,1
Kandinsky,1
Hockney,1
Mona,1
Carlos,1
Gardel,1
Kiki,1
Nenny,1
Cisneros,1
Eamon,1
Juan,1
Gris,1
Stanford,1
Mt,1
Eden,1
Parnell,1
Village,1
Blue,1
Darling,1
Venice,1
Budapest,1
fiery,1
Biarni,1
Leif,1
Eddison,1
T.S.,1
Eliot,1
Michelle,1
Jonathan,1
Orwell,1
Roald,1
Amundsen,1
Edgar,1
Evans,1
Oates,1
Marek,1
Kaminski,1
Wojtek,1
Moskal,1
Rudyard,1
Kipling,1
Scandinavia,1
Greenland,1
Newfoundland,1
Aegean,1
Colorado,1
Brisbane,1
Queensland,1
visually,1
Gray,1
Angus,1
Deayton,1
Cooper,1
Gordon,1
Selfridge,1
Meyer,1
Janet,1
Spielberg,1
Lindbrow,1
Diana,1
Janice,1
Moore,1
Bold,1
Lillian,1
Derbyshire,1
Shonda,1
Shelley,1
Sherri,1
Shirin,1
Cameron,1
Morgan,1
Norma,1
Marilyn,1
Monroe,1
Christina,1
Groot,1
Pete,1
Fiona,1
Barry,1
Humphries,1
Weller,1
Leeds,1
Kingston,1
Gorton,1
Utrecht,1
Salovey,1
Mayer,1
Tennyson,1
Wilson,1
Mizner,1
Stephens,1
Blackstone,1
Judith,1
Wainwright,1
Alvin,1
Toffler,1
Lyons,1
Traeger,1
Katherine,1
Whitehorn,1
Nicholas,1
Jenkins,1
Bacon,1
Galileo,1
Galilei,1
Dragon-Boat,1
Mahatma,1
bars,1
regarded,1
networking,1
unmotivated,1
motivating,1
unrecyclable,1
innovator,1
Leo,1
Watt,1
Columbia,1
justification,1
expansive,1
records,1
repairs,1
opened,1
open-book,1
close-book,1
BA,1
BSc,1
MSc,1
agent's,1
driver's,1
sites,1
products,1
recycled,1
materials,1
disabilities,1
aches,1
escapes,1
varieties,1
Everything,1
do!,1
depends.,1
Never,1
mind.,1
Say,1
"""Hi""",1
soon.,1
"way,",1
on?,1
band-aid,1
canned,1
carbonic,1
dally,1
disconcert,1
forgetfulness,1
greatness,1
Website,1
white-haired,1
abnormality,1
acquired,1
additive,1
administrate,1
advantageous,1
Aesop,1
alphabetic,1
archway,1
baggy,1
batter,1
beliefs,1
blare,1
calamity,1
civilized,1
CNN,1
conqueror,1
dignify,1
discouragement,1
dissatisfaction,1
domino,1
downpour,1
Downing,1
Street,1
dreamy,1
drive-in,1
exclamatory,1
firsthand,1
floodlight,1
GDP,1
good-natured,1
highrise,1
incompetent,1
jack,1
trades,1
knack,1
left-hander,1
manageable,1
materialistic,1
maximal,1
misprint,1
m.p.h.,1
narcissus,1
nourishment,1
professionalize,1
rainproof,1
romanticism,1
short-sighted,1
sunken,1
typing,1
warm-blooded,1
aargh,1
meatball,1
e-card,1
Parents',1
milkshake,1
hm,1
chug,1
beep,1
five-stones,1
clapping,1
sh,1
chameleon,1
cheep,1
flies,1
Flag,1
Pleased,1
planned,1
soya,1
droppings,1
Women's,1
1860s,1
shined,1
communications,1
tons,1
Westerner,1
ssh,1
orange-and-white,1
play.,1
glider,1
22nd,1
31st,1
hurray,1
relatives,1
yuck,1
yucky,1
planted,1
missed,1
pushed,1
pulled,1
Show,1
wonton,1
password?,1
again?,1
Sure!,1
Draw,1
These,1
listener?,1
question.,1
here.,1
Thanks!,1
friends.,1
talking,1
dimsum,1
Why?,1
that.,1
check-up,1
jiaozi,1
zongzi,1
Chongyang,1
harder,1
iPad,1
game-maker,1
iPod,1
iPhone,1
is!,1
hmmm,1
workload,1
misuse,1
daydreamer,1
rethink,1
preschooler,1
schoolbook,1
reread,1
booker,1
bookend,1
unevenly,1
changer,1
authenticate,1
parenting,1
monetize,1
callus,1
householder,1
housekeep,1
motherly,1
latte,1
partially,1
watercolor,1
questionable,1
caramel,1
carmaker,1
carver,1
payer,1
paycheck,1
weeknight,1
watcher,1
mover,1
walkway,1
reopen,1
shopaholic,1
humanize,1
endlessly,1
handcraft,1
handlebar,1
handrail,1
clothesline,1
multifaceted,1
earning,1
breadboard,1
Americanism,1
bowler,1
enslave,1
waistline,1
saver,1
markedly,1
reorder,1
ordinance,1
lighthouse,1
tester,1
healthful,1
treetop,1
categorize,1
passer,1
pricy,1
forgo,1
holidaymaker,1
Londoner,1
hearted,1
wrongdoing,1
cleanliness,1
challenger,1
bearer,1
beachcomber,1
busk,1
signing,1
attendee,1
commuter,1
speedy,1
naturalistic,1
mealtime,1
lawmaker,1
blowhole,1
bland,1
protector,1
condominium,1
checkroom,1
checkup,1
mid,1
picker,1
islander,1
avoidance,1
dink,1
campground,1
afflict,1
waster,1
wasteland,1
flowerbed,1
blackberry,1
opportunist,1
windowsill,1
kiln,1
forefather,1
bedcover,1
bedrock,1
fiend,1
repaint,1
comparatively,1
extraordinarily,1
photojournalist,1
moviegoer,1
resourceful,1
posting,1
promoter,1
boardinghouse,1
characterization,1
crosspiece,1
matchless,1
intentionally,1
prized,1
winterize,1
woodland,1
contagion,1
doubter,1
exchanger,1
brim,1
presidency,1
snowshoe,1
secrete,1
dub,1
cancellation,1
ordinarily,1
imbalance,1
unbalance,1
reinvent,1
redouble,1
springtime,1
fanciful,1
honeybee,1
renter,1
softness,1
pathway,1
polluter,1
deception,1
cahoot,1
mobility,1
rescuer,1
unbend,1
complication,1
debatable,1
undisturbed,1
securely,1
grasshopper,1
slaveholder,1
unblock,1
conceptual,1
disbelieve,1
folktale,1
baron,1
baroque,1
equalize,1
wingspan,1
diabetic,1
lender,1
documentation,1
Parisian,1
recount,1
theorize,1
chaser,1
sander,1
jackscrew,1
lengthy,1
trapper,1
routinely,1
gravitational,1
motorize,1
geomagnetic,1
madden,1
nutritionist,1
sailboat,1
electronics,1
misinterpret,1
flashbulb,1
neuron,1
biographer,1
consciously,1
contraption,1
legislature,1
revolutionize,1
passivity,1
skipper,1
depressant,1
Depression,1
muralist,1
vastness,1
miscalculate,1
cuddle,1
evolutionary,1
potter,1
wiper,1
exporter,1
Kansas,1
ken,1
mint,1
orbital,1
polymer,1
polymerize,1
refreshing,1
skater,1
meteor,1
mildness,1
parasitic,1
pitcher,1
regulatory,1
regulator,1
topsoil,1
name-calling,1
coordination,1
marrow,1
romanticist,1
spinal,1
reorganize,1
overcrowd,1
Philippine,1
Singaporean,1
tribal,1
charmer,1
computation,1
jeweler,1
tried-and-true,1
misconception,1
pensioner,1
pheromone,1
purification,1
snob,1
tabloid,1
voucher,1
wigwam,1
wright,1
domesticate,1
kidnapper,1
moat,1
overvalue,1
percussionist,1
pluck,1
ruby,1
spike,1
vend,1
craze,1
defective,1
lattice,1
mew,1
microgram,1
microsecond,1
outlaw,1
outweigh,1
overjoy,1
overwork,1
patter,1
philharmonic,1
phobia,1
pigment,1
proofread,1
pushchair,1
raffle,1
ranch,1
reimburse,1
rite,1
seatbelt,1
skylight,1
spire,1
sunspot,1
supernatural,1
tack,1
tar,1
ting,1
transmitter,1
tripod,1
unfavorable,1
unicorn,1
vat,1
automotive,1
encore,1
Filipino,1
ion,1
irritation,1
Israeli,1
lodger,1
mast,1
mastodon,1
mesmerize,1
misguide,1
misplace,1
mitigate,1
moot,1
muffle,1
niggle,1
nostalgia,1
otter,1
outburst,1
outright,1
outstrip,1
overdose,1
overlay,1
overload,1
overshadow,1
overspend,1
paparazzo,1
pastel,1
pedometer,1
percolate,1
perturb,1
photosynthesis,1
ping,1
pitfall,1
plump,1
pong,1
poplar,1
propeller,1
provocation,1
recharge,1
rend,1
repertory,1
replenish,1
reshape,1
retard,1
retch,1
retrace,1
rinse,1
roach,1
roan,1
roost,1
savanna,1
scalper,1
scarlet,1
scurry,1
sedative,1
seep,1
sever,1
shareholder,1
shin,1
skunk,1
soliloquy,1
sparse,1
spitball,1
spontaneity,1
squiggle,1
stark,1
stature,1
steamboat,1
straggle,1
superintendent,1
synchronise,1
tapestry,1
tardy,1
tardiness,1
tat,1
teaspoon,1
tee,1
teem,1
thicket,1
thorny,1
tor,1
torrential,1
tout,1
tranquilliser,1
transcribe,1
trophy,1
trump,1
tycoon,1
unman,1
unquestionably,1
unsettle,1
whittle,1
wiggle,1
wrangler,1
wrath,1
thirty-one,1
thirty-two,1
twins,1
finished.,1
aw,1
twenty-second,1
cheaper,1
easy.,1
Just,1
For,1
go?,1
pouring.,1
achoo,1
L.A.,1
fastest,1
eating.,1
umm,1
ow,1
yourself.,1
gee,1
happening?,1
bird-watching,1
gotten,1
sped,1
speeded,1
accused,1
stocked,1
concerts,1
cases,1
"play,",1
"novel,",1
abort,1
absorbable,1
abstracted,1
abstraction,1
A.C.,1
AC,1
accessibility,1
accession,1
acknowledgment,1
acrobat,1
acting,1
ad.,1
adept,1
adequacy,1
adj.,1
admittance,1
adverbial,1
affectation,1
ain't,1
airy,1
alas,1
algebraic,1
algebraical,1
altar,1
ampere,1
Anglo-,1
answerable,1
arithmetical,1
ark,1
assumed,1
autumnal,1
babyish,1
backbone,1
bawl,1
berg,1
biplane,1
breezy,1
buoy,1
BUP,1
C,1
c,1
c.,1
Ca,1
castor,1
cent.,1
centigram,1
centigramme,1
centilitre,1
centiliter,1
changeful,1
changeless,1
cheapen,1
check-out,1
cheery,1
cherub,1
chestnut,1
chime,1
christen,1
chuckle,1
circumference,1
circumstantial,1
clapper,1
classicism,1
cm.,1
Co.,1
co.,1
cobble,1
coca-cola,1
cocain,1
cocoanut,1
coldblooded,1
comer,1
compressed,1
computerize,1
computerise,1
conceit,1
concord,1
conjecture,1
contention,1
continuity,1
cooler,1
copybook,1
coursebook,1
crackle,1
creditor,1
cuckoo,1
curie,1
D,1
d,1
decease,1
defiance,1
definable,1
dejected,1
desertion,1
designed,1
desirous,1
despiteful,1
destructible,1
determinate,1
determinative,1
devour,1
diametrical,1
dingo,1
dining-car,1
disinterested,1
disquiet,1
dissatisfied,1
doctoral,1
draught,1
ducat,1
duke,1
dwindle,1
E,1
e,1
earache,1
efficacious,1
elaboration,1
elasticity,1
electrification,1
electrify,1
elemental,1
ellipse,1
ellipsis,1
emancipate,1
emblem,1
emptiness,1
endurable,1
enduring,1
Englishwoman,1
engrave,1
equable,1
erection,1
esp.,1
evergreen,1
excepting,1
exclamation,1
excusable,1
exposition,1
failing,1
fastening,1
fastness,1
favoritism,1
favouritism,1
Fe,1
feathery,1
federate,1
fem.,1
fertility,1
fertilize,1
fertilise,1
fetching,1
feverish,1
figured,1
filler,1
financier,1
fineness,1
fire-escape,1
fireguard,1
fireside,1
firing,1
firstborn,1
first-class,1
first-hand,1
flagstaff,1
flashy,1
flavoring,1
floating,1
flowery,1
flier,1
FOB,1
f.o.b.,1
footing,1
fortnightly,1
fourfold,1
foxy,1
Frenchwoman,1
freon,1
frosting,1
ft.,1
funnel,1
furnishing,1
fuzzy,1
gainful,1
gal.,1
gaseous,1
gage,1
Gen.,1
generalization,1
generalisation,1
generalship,1
ghostly,1
gipsy,1
girlish,1
glassful,1
glassware,1
glassy,1
gm.,1
godless,1
graceless,1
granary,1
greasy,1
greenish,1
greenwood,1
grinding,1
guarantor,1
guarded,1
gummy,1
gunner,1
hawkish,1
H-bomb,1
hearten,1
helping,1
herdsman,1
hg,1
hi-fi,1
hoe,1
hog,1
homing,1
hopper,1
horny,1
horrid,1
horsy,1
horsey,1
H.Q.,1
HQ,1
hr.,1
hrs,1
humane,1
humorist,1
huntsman,1
i,1
i.e.,1
illegality,1
illustrative,1
immensely,1
immensity,1
immobilize,1
immobilise,1
immodest,1
immorality,1
imp,1
impale,1
impeach,1
imperfect,1
imperialism,1
impermanent,1
impersonate,1
implicate,1
implore,1
importation,1
imposition,1
imposter,1
impracticable,1
imprint,1
improbable,1
impure,1
impurity,1
impute,1
inaudible,1
inborn,1
Inc,1
incalculable,1
incapable,1
incapacity,1
incite,1
inclination,1
incoherent,1
incoming,1
incomprehension,1
inconclusive,1
inconsiderate,1
incorruptible,1
indebted,1
indecision,1
indecisive,1
indefinitely,1
indelicate,1
indescribable,1
indigestible,1
indigestion,1
indignity,1
indiscipline,1
indistinct,1
individualize,1
individualise,1
inducement,1
induction,1
indulgence,1
indulgent,1
industrialist,1
inedible,1
ineffective,1
inelegant,1
inexperience,1
inexpressible,1
infancy,1
infertile,1
infertility,1
infighting,1
inflame,1
inflammable,1
inflammation,1
inflammatory,1
inflect,1
informant,1
ingenuity,1
ingenuous,1
inglorious,1
ingratitude,1
inhibition,1
inhuman,1
inhumane,1
inhumanity,1
innate,1
inpatient,1
insanitary,1
insanity,1
insensible,1
insensitive,1
inseparable,1
inshore,1
insignificant,1
insincere,1
insistent,1
insomnia,1
insufferable,1
insufficient,1
interchange,1
interchangeable,1
interdependent,1
interjection,1
intermarry,1
interpose,1
intimation,1
intransitive,1
intrusion,1
involuntary,1
IPA,1
IRC,1
irrelevance,1
irreparable,1
irreproachable,1
irreverent,1
itchy,1
I've,1
jab,1
jailer,1
jasmin,1
javelin,1
jazzy,1
jingle,1
joker,1
judicious,1
juror,1
kerb,1
kerchief,1
kernel,1
kerosene,1
kerosine,1
kilolitre,1
kiloliter,1
kilowatt,1
K.K.K.,1
knocker,1
kodak,1
kWh,1
lacy,1
Ladies,1
Ladies',1
ladle,1
ladylike,1
ladyship,1
landward,1
landwards,1
lark,1
latterly,1
laughable,1
launcher,1
launderette,1
lax,1
lb,1
Ld.,1
legalize,1
legalise,1
lexicon,1
li,1
liberality,1
liberally,1
lifeless,1
limelight,1
localize,1
localise,1
locus,1
lodging,1
lone,1
lonesome,1
louse,1
lucid,1
lychee,1
lichee,1
ma,1
M.A.,1
mademoiselle,1
magnetize,1
magnetise,1
magnificence,1
manhood,1
manifesto,1
manure,1
marquis,1
marquess,1
marquise,1
martyr,1
matriculate,1
maxim,1
mayoress,1
M.D.,1
MD,1
mechanics,1
medalist,1
medallist,1
microbe,1
microfilm,1
Microsoft,1
milligramme,1
mini-,1
ministerial,1
modal,1
modernise,1
modification,1
momentary,1
momentous,1
Mon.,1
mono,1
monsieur,1
monumental,1
mouth-watering,1
Mt.,1
MTV,1
mumble,1
nationalize,1
nationalise,1
Ne,1
neckerchief,1
Neptune,1
Jersey,1
newton,1
Zealander,1
nimble,1
NMET,1
non-restrictive,1
non-violent,1
non-white,1
O,1
o,1
oat,1
ohm,1
omelet,1
opium,1
orator,1
oughtn't,1
overcast,1
P.,1
pa,1
pang,1
parch,1
parlor,1
participle,1
patriot,1
patronage,1
pavilion,1
pea-souper,1
phonograph,1
photocopier,1
picturesque,1
pike,1
pitiful,1
P.L.A.,1
polonium,1
postmark,1
post-war,1
predicate,1
predicative,1
prefix,1
presumable,1
pretense,1
prick,1
princely,1
proportional,1
pulp,1
puncture,1
quartz,1
quench,1
ragged,1
railing,1
ration,1
ravage,1
refined,1
regrettable,1
remembrance,1
rickshaw,1
ring-road,1
roadside,1
rocking,1
rugged,1
rustic,1
rusty,1
rut,1
saloon,1
sanctuary,1
sandal,1
sarcasm,1
savor,1
savour,1
scanty,1
screwdriver,1
scribble,1
scripture,1
seeming,1
seizure,1
self-conceit,1
self-criticism,1
self-knowledge,1
semicolon,1
semifinal,1
serf,1
sergeant,1
sesame,1
sham,1
she'd,1
she'll,1
shrill,1
shrine,1
shuffle,1
shuttlecock,1
sieve,1
sift,1
sill,1
sinister,1
slander,1
slant,1
slate,1
slay,1
sleet,1
sling,1
slit,1
sluggish,1
slur,1
smith,1
smother,1
sneer,1
snooker,1
snug,1
sombre,1
somber,1
sonic,1
soot,1
spanner,1
spat,1
speck,1
sperm,1
Sphinx,1
spore,1
springy,1
squat,1
stag,1
standstill,1
starch,1
stead,1
stenographer,1
stethoscope,1
stifle,1
stork,1
streak,1
stump,1
subheading,1
subjunctive,1
suffix,1
suffocate,1
superhuman,1
superstructure,1
taxation,1
TEFL,1
TESL,1
TESOL,1
thankless,1
they'd,1
they'll,1
they've,1
Thur.,1
Thurs.,1
TOEFL,1
trance,1
transitive,1
tried,1
triumphant,1
truant,1
Tues.,1
twig,1
twilight,1
tying,1
uh-uh,1
um,1
U.N.,1
uncomplaining,1
underclothes,1
underclothing,1
undertaking,1
undoubted,1
unfasten,1
uninterested,1
uninteresting,1
unmatched,1
unmindful,1
unmistakable,1
unmoved,1
unnatural,1
unoccupied,1
unparalleled,1
unpopular,1
unprecedented,1
unprejudiced,1
unprepared,1
unprincipled,1
unproductive,1
unprofitable,1
unpromising,1
unquestionable,1
unquiet,1
unreadable,1
unreal,1
unreasonable,1
unreasoning,1
unremitting,1
unrequited,1
unreserved,1
unrivaled,1
unrivalled,1
unroll,1
unsaid,1
unsanitary,1
unscrew,1
unscrupulous,1
unseasonable,1
unsettled,1
unshakable,1
unshakeable,1
unshaken,1
unskilled,1
unsocial,1
unsold,1
unsound,1
unspeakable,1
unstressed,1
unsuitable,1
untamed,1
unthinkable,1
unthinking,1
untiring,1
untold,1
untouchable,1
unwary,1
unwelcome,1
unwell,1
unwritten,1
upcountry,1
upholder,1
uprising,1
upstart,1
upswing,1
uptight,1
upturn,1
urbane,1
usable,1
utterance,1
uttermost,1
V,1
v,1
v.,1
valuation,1
vanadium,1
vapid,1
veal,1
venerable,1
venturesome,1
verdant,1
verdure,1
vibrant,1
vibrator,1
violoncello,1
virginal,1
virtuous,1
V-neck,1
VOA,1
vow,1
V-sign,1
W,1
w,1
wanderings,1
wayside,1
WC,1
wearing,1
weber,1
we'd,1
weighty,1
weld,1
westernize,1
westernise,1
we've,1
whipping,1
whiten,1
who'll,1
whomever,1
who're,1
witless,1
womanly,1
wooly,1
wordy,1
workwoman,1
worldly,1
wreckage,1
wretched,1
X-axis,1
X,1
xylophone,1
yarn,1
Y-axis,1
Y,1
yoke,1
yolk,1
you'd,1
you've,1
ZIP,1
ones,1
systematical,1
picture!,1
calls,1
wind-bell,1
crops,1
toothless,1
fairest,1
sweeper,1
PS,1
paints,1
goggles,1
jack-o'-lantern,1
forty-six,1
fifty-four,1
game!,1
"morning,",1
class.,1
Glad,1
Please,1
quiet!,1
back!,1
food?,1
"milk,",1
please?,1
twenty-two,1
twenty-three,1
twenty-four,1
twenty-five,1
twenty-six,1
twenty-seven,1
twenty-nine,1
way.,1
paper-cuts,1
Computer,1
Social,1
Home,1
merry-go-round,1
Guy,1
Fawkes,1
Tree-planting,1
greatest,1
Carnival,1
Dead,1
Qingming,1
flower-drum,1
ladies,1
rainwater,1
Terra-cotta,1
Warriors,1
Urumqi,1
handicraft,1
Harriet,1
Tubman,1
Kongzi,1
Dongting,1
Rock,1
Yuelu,1
home.,1
Camp,1
durian,1
billiards,1
polo,1
humanities,1
second-rate,1
third-rate,1
antonym,1
antiwar,1
antibody,1
antiaircraft,1
belittle,1
biannual,1
biweekly,1
byproduct,1
byword,1
bywork,1
collateral,1
coaction,1
collocate,1
corroborate,1
compatriot,1
deforest,1
depopulation,1
diffident,1
diffluence,1
ex-wife,1
ex-president,1
extracurricular,1
foreshadow,1
illogical,1
interstellar,1
intracity,1
intrapersonal,1
intranet,1
introspect,1
introvert,1
kilobyte,1
macroscale,1
macroeconomics,1
macrostructure,1
malevolent,1
malefaction,1
malcontent,1
microworld,1
multiangular,1
multilingual,1
nonviolent,1
outflow,1
overcrowded,1
overburden,1
postmodern,1
prewar,1
proconsul,1
stepchild,1
subtropics,1
subeditor,1
supernutrition,1
transfrontier,1
ultraliberal,1
ultrapure,1
ultracritical,1
unacceptable,1
underofficer,1
vice-chairman,1
vice-manager,1
dependability,1
variability,1
resistibility,1
notably,1
dishonourably,1
spoilage,1
compliancy,1
accentuate,1
excitation,1
filmdom,1
absentee,1
appointee,1
woodpecker,1
dishful,1
uglify,1
fatherhood,1
logician,1
carnation,1
authorisation,1
publicise,1
moralist,1
heavenward,1
woody,1
habilitate,1
annuity,1
annals,1
artful,1
audible,1
autism,1
banal,1
banish,1
baseborn,1
subbase,1
centennial,1
concentric,1
denture,1
indented,1
infirm,1
genesis,1
illiberal,1
liquefy,1
liquidate,1
demarcate,1
demarcation,1
medial,1
emend,1
dismount,1
surmount,1
novation,1
optics,1
expulsion,1
supplant,1
replete,1
deport,1
prehension,1
apprehension,1
proximity,1
disprove,1
psychic,1
psychal,1
quaintness,1
requisite,1
quotative,1
radial,1
restlessly,1
rudiment,1
erudite,1
horoscope,1
segmentation,1
inset,1
parasol,1
specious,1
despicable,1
biosphere,1
despond,1
forestall,1
constrict,1
stringent,1
distrain,1
resumption,1
consummate,1
surety,1
curtail,1
tenure,1
retouch,1
exurban,1
valour,1
benevolence,1
volition,1
atlantic,1
dementia,1
nutria,1
brine,1
internship,1
hypnosis,1
waterfowl,1
pepperoni,1
perceptive,1
hype,1
median,1
serpentine,1
cabby,1
recapture,1
neglected,1
lacrosse,1
buffer,1
short-haul,1
heartstring,1
signatory,1
aesthetics,1
praiseworthy,1
carefree,1
stilt,1
authoritarian,1
tab,1
cortex,1
origami,1
downtime,1
ubiquitous,1
lithium,1
telephoto,1
blueberry,1
versatility,1
deprivation,1
paean,1
pantheon,1
soapbox,1
cocklebur,1
mutation,1
aspirational,1
cathode,1
poignancy,1
dope,1
de-ice,1
pandemic,1
biometric,1
germane,1
truckload,1
reinforced,1
chloride,1
indiscretion,1
cadence,1
handiness,1
syllabus,1
motion-capture,1
empathetic,1
hands-on,1
crossover,1
award-winning,1
tinkering,1
peripheral,1
spearfish,1
quarterback,1
alienated,1
backside,1
strong-willed,1
anesthesia,1
havoc,1
captivity,1
runoff,1
poignant,1
counselor,1
relive,1
blacklist,1
decimate,1
deafening,1
watchword,1
finest,1
blemish,1
frostbite,1
strainer,1
algorithmic,1
stoicism,1
egocentric,1
invoice,1
chaperone,1
crumpled,1
fair-skinned,1
go-getter,1
trombone,1
vagueness,1
beanpole,1
round-the-clock,1
cork,1
redefine,1
Sari,1
sinologist,1
micro-blogging,1
coordinator,1
hunch,1
scammer,1
polythene,1
discontent,1
pairing,1
fluffy,1
drivel,1
whizz,1
travelled,1
cannery,1
coyote,1
modular,1
stewardship,1
caldera,1
providence,1
organically,1
defibrillator,1
embryonic,1
throwaway,1
notification,1
clumsily,1
parental,1
remotely,1
competitiveness,1
Woof!,1
night!,1
Li,1
Is,1
Wow!,1
beanie,1
Cool!,1
Ouch!,1
cicada,1
ready?,1
that?,1
Shh!,1
Baa!,1
Quack!,1
hankie,1
homebody,1
close-fitting,1
rouble,1
couplets,1
am!,1
lovely!,1
Goodbye.,1
nice!,1
cake!,1
Make,1
wish.,1
Look,1
out!,1
Wait,1
minute.,1
worry.,1
wait!,1
Double,1
Ninth,1
happened?,1
Shanghai,1
mean?,1
drinking.,1
littering.,1
parking.,1
smoking.,1
Danger!,1
Wet,1
floor.,1
tangyuan,1
sport-lover,1
think?,1
Taipei,1
Cup,1
forty-five,1
good.,1
mmm,1
tart,1
cupcake,1
broccoli,1
overthrew,1
overthrown,1
underwent,1
undergone,1
trod,1
trodden,1
panicked,1
bled,1
mottoes,1
mottos,1
justly,1
fewer,1
refill,1
underweight,1
grandly,1
yam,1
kitty,1
directions,1
overcharge,1
long-range,1
hateful,1
impatiently,1
undeniable,1
hanger,1
unavoidable,1
briefing,1
principally,1
negatively,1
subculture,1
brainchild,1
brainstorming,1
bomber,1
turnpike,1
bothersome,1
Mandarin,1
lovable,1
beetle,1
damages,1
jointly,1
color-blind,1
icebox,1
squarely,1
babysitter,1
ketchup,1
Bye!,1
Follow,1
Sure.,1
"Me,",1
Sorry.,1
hungry.,1
in?,1
else?,1
Enjoy,1
trip!,1
matter.,1
school?,1
Sounds,1
"life,",1
By,1
yourself?,1
myself.,1
hobby?,1
can't.,1
helper.,1
yours?,1
Team's,1
fan.,1
look?,1
Sorry!,1
Coming!,1
problem!,1
ducks,1
pigs,1
cows,1
planes,1
home!,1
Listen,1
teacher.,1
side.,1
line.,1
Liu,1
Lu,1
Hua,1
Hao,1
Tian,1
Du,1
Xiaomao,1
Gao,1
Wendi,1
ballon,1
all.,1
Class,1
over.,1
5,1
15?,1
Teddy,1
Bear,1
Car,1
Free,1
throwing,1
100-meter,1
Team,1
checkpoint,1
forestry,1
midweek,1
white-collar,1
white-water-rafting,1
rock-and-roll,1
cheerleading,1
prom,1
schoolchildren,1
squad,1
pompom,1
satchel,1
tetrahedron,1
leaver,1
onwards,1
performance-enhancing,1
unconditionally,1
amphibious,1
baleen,1
blow-hole,1
driftnet,1
eel,1
hornbeam,1
tabby,1
volcanology,1
tracks,1
alligator,1
Fahrenheit,1
orangutan,1
sweetness,1
harp,1
Utopia,1
conservatory,1
jockey,1
gird,1
gospel,1
gramophone,1
harmonica,1
liveliness,1
MC,1
ceremonies,1
numerology,1
quartet,1
rhythmic,1
rockabilly,1
statuette,1
turntable,1
billy-goat,1
corset,1
hoarfrost,1
hush,1
Jamaica,1
jerk,1
Persian,1
reggae,1
squire,1
steed,1
backing,1
cross-talk,1
Movement,1
disorganised,1
recognisable,1
spin-off,1
fiancée,1
slacks,1
fulfilling,1
italics,1
graciously,1
reiterate,1
auld,1
arguably,1
hysteria,1
lichen,1
meteorite,1
moss,1
spyglass,1
suncream,1
vanguard,1
bright-coloured,1
cobbled,1
Gothic,1
horseshoe,1
ornate,1
polyphony,1
arrowhead,1
cheekbone,1
hieroglyphic,1
Hispanic,1
top-class,1
valued,1
dunk,1
unzip,1
upbringing,1
caveman,1
deoxyribonucleic,1
enzyme,1
somatic,1
alertly,1
dawning,1
exhaustion,1
muffler,1
philosophical,1
pitter-patter,1
rascal,1
roots,1
scald,1
utterly,1
duchess,1
gutter,1
light-headedness,1
knuckle,1
appetising,1
cutlet,1
justifiably,1
mash,1
reheat,1
songbird,1
tuna,1
unrecognisable,1
asparagus,1
samosa,1
artillery,1
stockings,1
vengeful,1
daisy,1
underpants,1
daisies,1
demolition,1
time-consuming,1
broadcasted,1
Dept.,1
fled,1
lighted,1
lit,1
busily,1
considerably,1
damaging,1
helplessness,1
improved,1
lawless,1
popularly,1
sorrowful,1
trained,1
blameless,1
crazily,1
fondly,1
impossibly,1
drowning,1
Depp,1
Minute,1
Waltz,1
Love,1
Imagine,1
Quarrymen,1
Kobe,1
Messi,1
Blaine,1
Shirley,1
Ronaldo,1
Arthur,1
Vivian,1
Midori,1
Fryderyk,1
Chopin,1
Osaka,1
Poland,1
Warsaw,1
trek,1
touristy,1
sportspeople,1
Notre,1
Dame,1
bridging,1
Daming,1
Huangshan,1
Zhangjiajie,1
Five,1
Waikiki,1
ha-ha,1
know.,1
are!,1
sledding,1
